x_min,y_min,x_max,y_max,class_id,confidence,tracker_id,class_name
1460.0021,469.44214,1543.8772,641.3815,0,0.81962526,,person
1447.0365,319.6605,1516.2269,480.17615,0,0.79458976,,person
259.2726,435.06192,326.39185,609.52985,0,0.77871966,,person
664.6176,649.0433,744.25,851.05554,0,0.7719953,,person
1141.4064,950.4307,1245.0444,1080.0,0,0.7463162,,person
1793.9099,144.21172,1850.3972,271.52054,0,0.74506444,,person
750.1344,450.0629,822.3706,619.3534,0,0.74286366,,person
1200.665,126.65378,1255.1891,265.97827,0,0.68485683,,person
198.3392,44.10221,266.8015,160.2247,0,0.6116973,,person
709.8422,242.80357,764.43054,386.6025,0,0.6034851,,person
1138.5809,504.73434,1212.3618,654.01135,14,0.5947892,,bird
88.80731,128.76753,144.91554,252.77472,0,0.5937736,,person
1091.2932,46.183094,1133.344,147.45781,0,0.58757704,,person
1674.501,11.21501,1726.9574,139.91585,0,0.5804825,,person
566.49744,271.45123,628.89276,404.2458,0,0.56674397,,person
892.2422,93.34392,930.74854,210.60457,0,0.5532867,,person
1615.4762,16.916382,1655.0515,127.59574,0,0.5448787,,person
1163.5214,151.06747,1213.8717,279.791,0,0.53465044,,person
925.0007,174.59024,979.94476,306.97568,0,0.53285366,,person
31.566124,792.70294,137.1654,989.49225,0,0.53180516,,person
854.04913,72.29752,894.33215,196.20195,0,0.5230033,,person
1419.1124,702.1368,1525.5399,886.85944,0,0.5166199,,person
798.5396,75.67287,844.38666,203.13054,0,0.5095192,,person
725.62555,5.2740784,770.1738,108.84279,0,0.4829668,,person
32.524933,791.01746,140.47733,990.07654,14,0.47857222,,bird
1699.7697,77.65881,1780.9762,283.0658,0,0.43778077,,person
340.77365,2.0221252,404.78677,137.19655,0,0.420485,,person
1580.9491,19.251177,1621.5406,122.2649,0,0.37633142,,person
1581.5685,15.430252,1637.3219,124.67496,0,0.3573483,,person
1719.3704,76.60879,1781.1223,203.40868,0,0.35719356,,person
571.0832,201.38672,620.85425,289.90677,0,0.34824058,,person
343.34262,493.40314,395.72305,641.9548,0,0.33982843,,person
1897.9377,98.145905,1919.2051,201.03722,0,0.32440603,,person
1298.5547,9.388973,1344.3159,110.151245,0,0.32426366,,person
1850.1434,709.7696,1919.4921,846.7724,0,0.2975182,,person
457.3753,510.5214,515.47815,638.9874,0,0.27366787,,person
983.92865,100.26799,1038.6953,231.6578,0,0.26117378,,person
1592.135,16.742065,1653.1333,126.19883,0,0.25562596,,person
1685.38,151.92665,1764.6998,285.95306,0,0.25082943,,person
1139.3602,941.5229,1242.0496,1080.0,0,0.8252054,,person
1451.3097,321.42355,1519.4982,483.31378,0,0.7734825,,person
670.6694,640.41943,744.891,834.32446,0,0.76420933,,person
1463.5236,480.09457,1543.604,647.5868,0,0.74280095,,person
255.80873,442.88782,325.98788,609.31116,0,0.7065778,,person
204.78145,41.184956,264.5366,155.09514,0,0.69507813,,person
755.55853,444.491,823.90485,602.54266,0,0.68821234,,person
1794.9346,146.98593,1851.342,275.79852,0,0.6815451,,person
1201.0294,119.81351,1255.0768,260.09924,0,0.67136395,,person
1139.0226,499.1,1214.4393,649.8218,14,0.63468826,,bird
1090.7393,47.126087,1134.1761,150.61052,0,0.6116984,,person
35.332123,797.4714,139.67354,992.29047,0,0.60580957,,person
1408.0068,706.05286,1521.2169,888.7167,0,0.5836025,,person
799.96405,73.73941,841.4572,199.50874,0,0.5733329,,person
88.42564,128.20935,144.6196,252.21657,0,0.5428603,,person
1164.4513,150.71396,1212.8193,278.17706,0,0.5411708,,person
853.7316,69.70523,894.09796,195.65224,0,0.53858984,,person
925.1345,180.30533,980.9231,315.44156,0,0.53518933,,person
1615.7092,17.00596,1655.6705,128.3014,0,0.533154,,person
1675.9487,10.852318,1728.0953,140.90256,0,0.5218449,,person
710.2033,237.48106,763.43695,376.0373,0,0.5170871,,person
892.4835,83.86814,934.671,205.06459,0,0.51580286,,person
567.4191,273.18365,629.9948,410.5612,0,0.48177508,,person
358.29102,5.908699,407.7674,135.10213,0,0.4734907,,person
1687.2693,162.8871,1759.9241,293.41803,0,0.45019415,,person
1725.2582,77.694695,1784.3741,176.79749,0,0.42972225,,person
1301.2892,9.089447,1344.3848,108.00739,0,0.42141742,,person
35.517414,796.7124,143.68745,991.9984,14,0.38409325,,bird
1850.4501,707.57983,1919.4948,903.1625,0,0.3614326,,person
725.9587,5.8353424,766.3892,104.71052,0,0.35849613,,person
344.16376,493.78674,399.27267,640.0186,0,0.3462507,,person
1584.2556,19.341871,1623.4021,120.96517,0,0.3406019,,person
984.3214,101.842255,1040.2002,235.18144,0,0.33146885,,person
457.36707,509.61063,515.73254,638.74207,0,0.31041765,,person
1898.0065,102.673256,1919.2504,201.5646,0,0.29233783,,person
1585.9747,15.709099,1637.1981,122.02144,0,0.2898031,,person
1139.5089,498.97897,1214.3112,596.86304,14,0.27596292,,bird
572.0792,202.8041,620.8645,293.95068,0,0.27453768,,person
1851.2476,708.8915,1919.1511,845.4637,0,0.27219155,,person
344.85617,1.7693825,404.897,128.35094,0,0.25950858,,person
1388.1405,2.6103916,1438.5037,183.67708,0,0.25590166,,person
1136.4457,496.52875,1216.1665,644.9971,14,0.8335933,,bird
1136.9973,936.1712,1243.5945,1080.0,0,0.7747122,,person
1452.6512,323.3638,1520.8763,485.41763,0,0.7598525,,person
1467.6436,479.869,1549.0248,647.0839,0,0.75668496,,person
671.69556,632.32837,746.13416,811.6484,0,0.75281245,,person
207.52776,37.212833,266.59515,153.51654,0,0.7364831,,person
255.35298,441.35303,325.43893,610.56793,0,0.7295869,,person
1200.4692,118.90054,1255.3887,256.97977,0,0.70746464,,person
756.18823,440.6683,823.4352,588.84985,0,0.6916262,,person
1795.2283,149.94687,1851.7383,276.41867,0,0.68458736,,person
1091.1666,47.88645,1134.9452,152.66342,0,0.6305081,,person
37.363575,798.91223,139.6679,990.87744,0,0.59714735,,person
799.49634,73.570496,841.5315,199.1125,0,0.5858625,,person
1616.7008,16.945473,1655.6832,128.06703,0,0.5687617,,person
1166.0466,147.64993,1211.7667,278.57382,0,0.5472872,,person
892.9563,84.26285,936.55005,204.52258,0,0.5435102,,person
89.36818,128.15282,144.71658,251.986,0,0.54177314,,person
924.8586,180.8346,980.1484,316.6822,0,0.53803784,,person
1690.2477,163.03038,1756.4147,296.13715,0,0.53605825,,person
852.79285,69.874374,893.73926,194.51857,0,0.5183837,,person
1675.4799,10.783482,1729.2433,139.62021,0,0.5065828,,person
1408.6173,705.7607,1518.3876,888.369,0,0.4902732,,person
353.68204,4.7465,409.42795,132.54749,0,0.4779074,,person
710.34717,233.29129,763.88043,371.23227,0,0.4771615,,person
1300.5575,9.07243,1344.3021,108.14488,0,0.47623137,,person
726.1073,3.194538,764.1147,101.35696,0,0.4544476,,person
1725.4039,77.870636,1785.6804,178.99312,0,0.44824353,,person
1137.3735,496.3232,1214.6796,595.19904,14,0.4435791,,bird
569.44226,285.19907,631.7734,413.67145,0,0.40619484,,person
344.4461,494.11304,398.7444,631.3037,0,0.39679793,,person
570.94574,203.14116,620.6887,296.08435,0,0.3713024,,person
983.8865,100.66356,1039.8351,237.54826,0,0.36734962,,person
1585.2462,20.068972,1623.9653,120.437416,0,0.3571893,,person
37.88426,798.5728,144.42413,991.22687,14,0.3451651,,bird
1897.8838,102.69731,1919.2302,201.27586,0,0.31823412,,person
456.5418,509.9122,515.8045,639.65796,0,0.28610396,,person
155.48398,0.0,190.88998,49.06268,0,0.2834973,,person
1851.8833,708.47986,1919.3262,847.0988,0,0.2543272,,person
1470.2905,480.7284,1548.6381,648.26184,0,0.80762255,,person
1137.2673,491.87952,1213.4121,638.32587,14,0.8045312,,bird
1452.654,324.38687,1523.9897,485.7411,0,0.7992614,,person
1137.6628,931.3614,1243.983,1080.0,0,0.79624057,,person
672.3236,629.8325,746.5853,811.56726,0,0.77611995,,person
210.68074,35.0212,267.14816,152.19424,0,0.7101092,,person
1201.6033,118.17835,1255.3004,254.85678,0,0.6894762,,person
1403.9119,704.7352,1516.2247,888.126,0,0.68846226,,person
756.1633,439.73273,823.83984,591.07,0,0.6820878,,person
253.1158,442.19458,325.3367,608.9248,0,0.68137044,,person
1795.1199,152.24876,1853.1672,278.50195,0,0.65036684,,person
1089.8047,48.201496,1135.0112,154.64922,0,0.6114754,,person
799.40137,73.74188,842.36707,199.8484,0,0.58816385,,person
710.55,226.01656,765.6576,369.37015,0,0.5849978,,person
926.6999,180.72446,979.6452,318.79037,0,0.57948005,,person
1687.7725,166.81091,1758.29,299.06543,0,0.5572108,,person
89.236015,127.982285,144.8504,251.50992,0,0.536647,,person
1618.1986,17.161423,1656.018,127.56766,0,0.53002775,,person
852.7584,69.062965,893.2405,193.91063,0,0.5257795,,person
1167.4878,145.04692,1213.6366,275.66983,0,0.5229062,,person
893.93884,82.89695,937.1085,203.96523,0,0.51943815,,person
351.2768,1.8522434,412.28906,133.36795,0,0.51324797,,person
1676.2094,10.782761,1729.1151,139.57376,0,0.48960072,,person
1726.2268,79.33786,1786.6047,186.64961,0,0.47928378,,person
38.075672,802.0695,144.11736,991.6507,14,0.45953006,,bird
569.19727,279.09323,631.5258,416.48853,0,0.4480251,,person
37.987736,801.6893,139.96815,992.1973,0,0.44659203,,person
982.8009,103.31186,1040.1744,242.58197,0,0.4325073,,person
1298.4327,8.092232,1344.331,106.962135,0,0.4214815,,person
345.0273,493.51074,395.09995,630.00946,0,0.41747087,,person
571.76587,204.3837,620.8442,295.62195,0,0.4038131,,person
1852.0349,710.38794,1919.1288,842.9964,0,0.39455897,,person
726.3397,0.8463936,764.7743,97.7073,0,0.39361775,,person
1584.0732,21.150375,1623.6163,122.28854,0,0.3762648,,person
1136.8934,491.75308,1213.6176,590.8395,14,0.35944462,,bird
1586.5581,17.89318,1636.5507,121.75843,0,0.32797012,,person
1898.0676,102.98538,1919.2273,200.60153,0,0.30506194,,person
456.87946,510.34802,515.9522,638.8734,0,0.2811555,,person
1281.0474,8.178835,1344.6542,112.01612,0,0.26492375,,person
162.63217,0.0,194.20401,47.45873,0,0.26489747,,person
1454.6422,327.18448,1525.9442,486.67007,0,0.8083462,,person
672.1989,625.1518,746.77136,804.46497,0,0.8056856,,person
1136.8196,490.45343,1213.1401,630.25433,14,0.78679305,,bird
1139.5457,924.5195,1242.9808,1079.6276,0,0.76706904,,person
1395.0712,703.30853,1512.5707,886.54456,0,0.7650283,,person
1470.2073,483.60104,1549.3458,648.81946,0,0.7488384,,person
755.70715,434.02185,823.6038,589.66315,0,0.74701613,,person
1202.1578,118.153824,1255.9454,252.84238,0,0.72144413,,person
252.83446,442.8948,326.26047,606.96533,0,0.71187073,,person
39.550976,801.77893,143.961,992.04675,14,0.69787073,,bird
214.46896,34.120457,266.95917,151.55482,0,0.67045635,,person
1166.8326,144.92134,1213.4843,273.01495,0,0.62378013,,person
1794.968,154.38277,1854.333,282.09103,0,0.6211387,,person
799.3627,73.09488,842.0325,198.36443,0,0.60789245,,person
1090.4943,50.28694,1135.0391,155.19109,0,0.6059516,,person
925.50006,180.96448,980.59814,319.2308,0,0.5891708,,person
711.5201,224.4548,767.2226,368.702,0,0.5782769,,person
853.4054,68.30166,892.78516,191.66599,0,0.53065014,,person
1619.3639,17.050415,1657.3169,127.605034,0,0.5277063,,person
91.28351,128.1633,144.7151,251.28058,0,0.5228236,,person
1675.771,11.107098,1730.9934,140.16599,0,0.5157207,,person
1691.8529,165.4096,1759.8663,302.15552,0,0.515353,,person
359.5383,4.448187,414.66632,132.56882,0,0.5028357,,person
894.07196,90.465866,940.12994,204.0044,0,0.50087965,,person
569.5803,276.78516,632.3454,415.93747,0,0.4830938,,person
983.2456,105.70249,1041.1941,245.9924,0,0.47224995,,person
725.51746,0.5052595,764.1655,96.15475,0,0.45871294,,person
1299.5809,7.353985,1344.368,106.82671,0,0.44390127,,person
344.98813,492.7305,397.2176,638.2506,0,0.44165868,,person
571.8443,206.06296,620.80835,297.2027,0,0.42340487,,person
1728.8423,82.30236,1787.3071,197.02731,0,0.38971394,,person
1583.4146,21.75987,1624.8253,122.08042,0,0.3896839,,person
455.68866,509.8395,515.9866,639.74347,0,0.32140532,,person
1853.0658,713.6993,1919.3002,854.0325,0,0.31658834,,person
388.17627,501.60974,460.09204,672.7996,0,0.30237612,,person
1388.1866,2.274519,1441.6934,182.8539,0,0.29936543,,person
165.70244,0.0,194.05962,46.532024,0,0.2906437,,person
1898.451,104.35039,1919.2482,200.60422,0,0.28998777,,person
157.70361,0.07123947,190.7758,48.362183,0,0.25063547,,person
1140.0546,918.4625,1242.1554,1080.0,0,0.8554175,,person
1455.4216,328.18488,1526.576,484.63925,0,0.8410719,,person
673.1633,619.79333,746.3703,798.041,0,0.7927834,,person
755.2294,430.38437,822.06305,585.63617,0,0.7365195,,person
1396.9227,703.2343,1509.8508,886.6518,0,0.7280501,,person
1202.6282,117.47733,1254.7623,249.95871,0,0.7248153,,person
40.256287,803.14984,143.54747,990.9201,14,0.7142654,,bird
250.09566,446.04474,326.67108,608.43274,0,0.7117885,,person
1794.9027,154.26736,1855.597,286.39563,0,0.6203591,,person
924.7914,181.95525,983.1874,319.03503,0,0.5963064,,person
799.6478,71.73303,841.79504,197.04272,0,0.58702683,,person
1090.9729,50.363953,1135.7257,157.0184,0,0.57238156,,person
215.43427,32.38456,267.9003,147.04568,0,0.5710014,,person
1619.5726,17.49912,1658.495,127.87958,0,0.5673749,,person
1469.2126,489.00037,1548.3695,649.94696,0,0.5598823,,person
1675.805,10.684479,1735.2396,142.1619,0,0.545678,,person
711.1282,223.6777,766.51227,370.90897,0,0.49833426,,person
87.67592,129.70047,143.69017,251.31372,0,0.49272862,,person
1169.5353,143.82802,1212.1252,271.23544,0,0.48993316,,person
853.4002,67.42779,892.6536,192.96713,0,0.48252377,,person
353.1074,1.852478,418.83044,132.52292,0,0.48104328,,person
1689.672,168.1045,1763.4115,304.9488,0,0.47804415,,person
896.6188,87.42334,941.41864,204.10986,0,0.45430925,,person
724.834,0.0,765.6342,96.02007,0,0.44763812,,person
572.1597,206.96288,621.7196,298.34503,0,0.43933648,,person
1852.8627,705.78296,1919.3003,878.48016,0,0.43063438,,person
570.7428,285.60278,633.012,415.6831,0,0.42942822,,person
1585.8398,20.641617,1626.0688,122.40081,0,0.421031,,person
344.64816,492.67404,399.99097,638.26996,0,0.41804445,,person
1387.4067,1.6974335,1442.8745,182.5801,0,0.4031853,,person
1137.5459,485.63654,1212.1317,623.2187,0,0.39460307,,person
1299.2081,5.5461273,1344.5933,106.29728,0,0.388139,,person
1729.7161,83.50781,1786.8062,200.76967,0,0.35642245,,person
983.87054,107.089424,1041.1616,247.34967,0,0.34954503,,person
452.13556,510.56387,516.3055,638.81934,0,0.33356568,,person
1137.812,486.44165,1212.207,624.4673,14,0.3311113,,bird
166.06137,0.0,193.39577,44.254486,0,0.33098304,,person
386.6501,497.95724,457.8446,671.7289,0,0.3270406,,person
1898.4016,105.07086,1919.2698,200.21535,0,0.2854572,,person
159.01349,0.7173071,189.45473,46.43368,0,0.2519567,,person
1456.9138,331.09918,1527.5508,488.04318,0,0.8521091,,person
1140.1975,911.0286,1243.6298,1080.0,0,0.8420062,,person
674.24744,614.62756,746.8859,794.5512,0,0.80853397,,person
1202.8892,116.51546,1254.6205,249.83803,0,0.7648229,,person
755.5963,426.566,818.78253,582.0767,0,0.72783333,,person
41.456074,803.5859,143.9588,990.40454,14,0.7093376,,bird
249.36713,451.94165,325.73145,618.09503,0,0.7059422,,person
1136.5327,482.92804,1211.8357,620.64886,14,0.66946846,,bird
1395.3333,708.15564,1507.4213,887.58215,0,0.66272265,,person
1792.7542,155.11351,1858.53,289.19537,0,0.61658335,,person
1678.7552,14.449459,1734.5566,144.70857,0,0.6009959,,person
1091.2009,51.464943,1136.7708,158.7329,0,0.5922868,,person
926.2554,184.37471,980.86566,322.2647,0,0.5859345,,person
799.6082,71.77682,840.7128,195.42651,0,0.5807028,,person
723.4194,0.0,766.7676,94.483894,0,0.577386,,person
1620.4398,18.06577,1659.123,128.16658,0,0.57173336,,person
710.74347,222.74597,767.7393,369.93872,0,0.55039424,,person
1693.4509,161.5287,1766.6426,308.27353,0,0.54883665,,person
88.37892,129.51143,143.82504,250.98973,0,0.52841353,,person
344.4159,492.79962,399.5995,637.4176,0,0.5237632,,person
1387.3452,1.2585754,1443.504,182.22272,0,0.5195345,,person
1170.2216,143.15456,1212.2673,266.47424,0,0.51494557,,person
216.04926,31.94553,270.6924,147.75522,0,0.5077678,,person
1469.3566,487.58414,1547.7026,648.6556,0,0.488214,,person
853.0278,65.75693,892.8411,192.82681,0,0.48056465,,person
1850.9506,663.5928,1919.5199,861.7715,0,0.47302094,,person
1585.2195,20.397514,1627.1206,122.169525,0,0.4725935,,person
358.2766,0.72257996,419.058,129.43173,0,0.4721481,,person
1299.0248,4.782463,1344.3848,105.86538,0,0.4563,,person
899.5988,88.08357,943.13544,204.76167,0,0.4319809,,person
571.2039,283.08374,632.1006,414.15796,0,0.4236325,,person
167.10088,0.0,192.24738,40.712612,0,0.38019028,,person
388.39948,498.06345,458.49573,671.65894,0,0.36234337,,person
1728.3962,82.500755,1786.7662,186.47113,0,0.36147362,,person
451.51556,510.00247,516.1987,638.9493,0,0.3552938,,person
572.68097,208.48308,621.4078,300.25888,0,0.34981668,,person
984.0174,111.037605,1042.6104,249.77089,0,0.3168028,,person
1898.554,105.929924,1919.2848,200.73514,0,0.27395976,,person
674.54156,607.3669,747.226,794.07025,0,0.832939,,person
1457.6443,336.33984,1529.5693,491.67178,0,0.8101067,,person
1139.0837,477.45798,1212.4163,615.35406,14,0.769524,,bird
1852.7323,659.36975,1919.2113,841.6672,0,0.7542547,,person
246.23506,458.02032,325.8689,632.167,0,0.75324905,,person
1138.9052,901.1842,1240.6246,1080.0,0,0.7443148,,person
1394.3342,707.43805,1502.9513,888.4649,0,0.67075306,,person
1792.3759,155.81151,1861.7054,288.62082,0,0.6705346,,person
925.03973,188.9599,981.61475,323.2404,0,0.64269745,,person
1202.0172,113.72969,1253.8165,254.05504,0,0.63245565,,person
756.65466,423.1703,814.9871,576.939,0,0.62642974,,person
709.0351,218.08511,768.36566,369.93338,0,0.6235053,,person
1621.4546,16.588823,1660.0928,127.269264,0,0.6056461,,person
1090.935,52.583908,1137.5409,158.61023,0,0.59919685,,person
1678.392,13.280045,1734.839,143.44489,0,0.5794693,,person
1472.9132,489.72263,1552.5026,647.90265,0,0.5749237,,person
44.717514,807.88794,143.70186,990.9632,14,0.5574845,,bird
222.79346,30.473677,280.54367,145.8774,0,0.55594605,,person
91.52143,127.45001,144.54552,249.12946,0,0.5322702,,person
799.48627,72.610886,839.8167,192.4682,0,0.515487,,person
722.8444,0.0,768.03723,92.38012,0,0.51522046,,person
1693.5707,89.088875,1784.9048,305.31326,0,0.507341,,person
901.4288,81.21277,943.64264,203.07889,0,0.5030796,,person
1387.3748,1.1010361,1444.1733,181.84822,0,0.49671468,,person
1588.5681,19.153141,1626.9587,122.80136,0,0.4942797,,person
853.36145,64.35505,891.7169,192.67787,0,0.47653013,,person
1300.84,4.1885147,1343.9675,106.02791,0,0.4628672,,person
1696.8945,152.70407,1769.0853,306.31906,0,0.46220833,,person
344.49033,491.88043,398.88922,637.0609,0,0.45143303,,person
571.12085,278.14978,632.29565,413.15295,0,0.4408358,,person
1170.6361,140.38786,1214.8451,263.9394,0,0.44040367,,person
365.0053,1.0094318,420.6659,127.31957,0,0.36958075,,person
169.48503,0.0,192.90555,36.618702,0,0.3616228,,person
984.7802,111.65032,1044.054,253.29347,0,0.35649478,,person
387.11343,509.3203,458.84042,670.2948,0,0.33227897,,person
1899.5065,105.36916,1919.2548,198.79716,0,0.296839,,person
451.72668,509.60623,515.7266,638.46497,0,0.293809,,person
42.393528,806.46906,143.64923,989.1849,0,0.2727468,,person
1139.9647,476.3964,1214.0134,612.9449,14,0.8701662,,bird
674.8305,604.1712,747.7985,794.9929,0,0.80820006,,person
1461.5742,339.88696,1532.209,502.87766,0,0.7594779,,person
246.58887,462.66028,327.05557,637.5998,0,0.74570835,,person
1850.4371,649.5465,1919.5338,842.1614,0,0.7058573,,person
1137.6611,894.8921,1238.9502,1080.0,0,0.68580055,,person
1394.4332,708.0685,1498.6278,889.1477,0,0.6433427,,person
757.1746,421.06607,814.2669,576.81165,0,0.6298921,,person
1793.2365,156.13678,1862.4803,286.78052,0,0.6131989,,person
1621.366,17.212784,1661.0735,127.538635,0,0.59949267,,person
1473.5427,492.4551,1553.6152,659.40515,0,0.5959654,,person
1091.2064,53.086052,1137.6218,158.17708,0,0.58391696,,person
1676.5653,12.054462,1735.8245,147.4438,0,0.58290863,,person
226.92746,30.36438,285.79883,145.82718,0,0.5812703,,person
709.20294,217.91995,767.6713,366.8216,0,0.56959283,,person
722.5642,0.0,768.9624,92.66989,0,0.5645466,,person
925.72266,188.69188,979.5791,324.047,0,0.55357766,,person
799.7366,71.89121,839.5675,192.20975,0,0.5277564,,person
92.75679,127.22786,144.17268,249.13454,0,0.52528036,,person
1206.263,114.634766,1252.4014,252.16328,0,0.5125381,,person
571.72064,280.1011,631.6705,413.98892,0,0.4953781,,person
1171.7904,139.60872,1218.9558,258.66516,0,0.48369762,,person
1590.2856,18.942295,1628.4741,124.03675,0,0.4800163,,person
853.394,64.30396,890.9196,192.61102,0,0.47462675,,person
902.0363,81.289536,943.2757,200.66519,0,0.45975968,,person
1387.6847,0.9719467,1443.363,181.39629,0,0.44153914,,person
1302.3337,4.147167,1343.7947,105.40639,0,0.43354505,,person
344.01196,491.64514,399.00522,633.3457,0,0.41172683,,person
44.414898,808.1254,146.34013,988.9908,0,0.38969308,,person
1693.5791,165.05241,1768.0298,307.0678,0,0.3830397,,person
170.89322,0.0,193.26933,36.94011,0,0.3703838,,person
368.98593,2.4690285,422.23593,124.70204,0,0.36682653,,person
984.98914,112.444115,1042.8585,252.94743,0,0.3477247,,person
388.1434,513.98364,458.07065,669.8854,0,0.31982544,,person
46.337173,809.21674,145.12234,990.703,14,0.2919572,,bird
452.41525,509.04346,515.17957,638.55457,0,0.28562546,,person
1898.9196,105.060585,1919.2618,199.92883,0,0.25929418,,person
1137.8099,889.48444,1239.3512,1076.9053,0,0.8334089,,person
675.36786,601.2796,749.78467,795.19543,0,0.814739,,person
245.4137,464.95926,326.73083,640.80347,0,0.76622635,,person
1463.0975,344.2846,1532.9098,506.03357,0,0.7649407,,person
1795.3806,154.9042,1860.8789,285.7543,0,0.66731274,,person
1141.228,474.56616,1212.7325,612.2805,14,0.66322494,,bird
755.8362,418.21783,816.03174,576.3637,0,0.65758985,,person
1397.1577,707.80597,1496.0922,886.64105,0,0.6409854,,person
571.08307,278.77255,631.71387,419.37286,0,0.6311819,,person
1850.0314,648.16406,1919.5228,839.2412,0,0.6238343,,person
1620.8954,17.85866,1661.45,127.1881,0,0.5949683,,person
723.27783,0.0,767.48645,92.24921,0,0.58802897,,person
925.73846,189.06308,980.6355,324.04672,0,0.5858275,,person
1091.5524,53.063316,1137.5093,156.99783,0,0.57845503,,person
799.5474,71.73873,839.36554,192.67653,0,0.56937945,,person
1677.3864,13.059677,1735.9175,149.14989,0,0.56611407,,person
1474.2654,495.60236,1557.7662,665.7017,0,0.54200333,,person
93.13896,126.59107,143.66643,248.92282,0,0.5220521,,person
902.68304,81.491295,944.2242,197.26773,0,0.515839,,person
853.59595,64.16274,890.95807,193.47862,0,0.5107264,,person
228.5733,29.758965,290.09125,145.3423,0,0.47657564,,person
367.706,5.271658,424.17883,125.63127,0,0.46977538,,person
710.3429,217.2962,768.0716,365.27493,0,0.46752506,,person
1207.1776,111.09467,1253.1086,247.75864,0,0.45962244,,person
985.4676,113.07209,1043.5684,253.23181,0,0.45597735,,person
47.91543,810.1214,150.31192,990.6689,14,0.4443714,,bird
1694.05,89.52111,1786.133,304.4358,0,0.43711412,,person
1591.837,18.577097,1628.123,124.25597,0,0.4298704,,person
1387.4742,0.92308617,1443.3833,181.21106,0,0.42137605,,person
344.29572,491.77652,401.05026,637.66205,0,0.42034882,,person
1171.3407,138.40613,1221.0022,257.6715,0,0.41811135,,person
1697.0164,159.24446,1768.7703,305.63507,0,0.38143587,,person
46.048244,809.2447,150.50084,989.55817,0,0.34966993,,person
172.71242,0.0,193.2991,36.47873,0,0.3444219,,person
1301.4819,3.8702774,1343.7328,105.19952,0,0.3441635,,person
228.28873,27.591156,287.43033,96.989525,0,0.33417603,,person
389.1083,513.9179,457.3942,669.6021,0,0.32340372,,person
453.3067,508.8402,514.9885,639.03296,0,0.29598352,,person
675.2945,598.75287,750.9306,795.0348,0,0.824739,,person
1135.057,885.47906,1235.5167,1071.6895,0,0.79212564,,person
1462.6049,346.99677,1534.3998,511.08087,0,0.7771857,,person
245.99529,466.63174,327.22287,644.78546,0,0.7521136,,person
1395.4048,708.8652,1493.943,885.8694,0,0.7328139,,person
1848.2856,646.57874,1919.5034,838.8131,0,0.7041523,,person
1795.1122,156.40823,1861.6432,287.50763,0,0.67024964,,person
755.83496,415.75314,814.4991,576.5634,0,0.64478064,,person
722.5826,0.0,769.3425,91.986626,0,0.63534266,,person
926.3269,190.80208,979.4927,323.10245,0,0.6005847,,person
1620.9034,17.877548,1661.8597,126.84375,0,0.58385706,,person
569.12384,289.26227,631.91956,425.40503,0,0.56845397,,person
1091.0077,53.007614,1138.0508,156.13889,0,0.56059366,,person
94.04688,128.63701,143.95538,249.4402,0,0.55155617,,person
1679.0051,13.79884,1735.5569,150.89754,0,0.5407667,,person
231.55486,25.599998,294.3504,144.17784,0,0.5198147,,person
710.4253,216.82727,767.2356,362.3064,0,0.5083469,,person
1474.7578,502.72067,1558.9069,673.0977,0,0.4832284,,person
1141.3844,474.85867,1213.3577,615.0019,0,0.48239174,,person
798.50885,70.745224,838.45917,195.6099,0,0.47472283,,person
344.0434,490.46594,397.3529,631.06934,0,0.47233286,,person
48.908813,811.60583,153.7378,989.81213,14,0.4716697,,bird
371.30942,5.16148,425.49362,125.63721,0,0.46070385,,person
1207.3679,108.36456,1252.7755,244.947,0,0.44364682,,person
853.06146,62.785378,890.0724,192.92267,0,0.43332398,,person
904.84357,84.18986,944.1041,195.94588,0,0.43262824,,person
984.8879,114.24038,1044.2948,255.62709,0,0.417458,,person
1592.2537,18.722443,1628.7686,123.911385,0,0.41220984,,person
1171.5776,136.98015,1219.3448,254.2662,0,0.4075237,,person
1695.6025,93.03868,1787.405,303.6583,0,0.3903385,,person
1386.4,1.4609528,1442.8405,181.3003,0,0.3847459,,person
389.81232,497.03622,457.0872,668.4667,0,0.38101092,,person
230.62239,26.00615,291.9575,94.751656,0,0.36116347,,person
174.14099,0.0,194.2648,37.32681,0,0.35394433,,person
454.39914,508.85898,514.7343,639.50885,0,0.318735,,person
1302.59,3.6146164,1343.2401,104.564186,0,0.29824427,,person
47.12836,811.1617,153.16144,989.04553,0,0.29495758,,person
675.1375,595.40094,750.95435,793.4409,0,0.8359929,,person
1134.5414,880.86334,1231.7446,1073.0836,0,0.81325394,,person
1394.9795,709.7842,1486.7194,887.2736,0,0.7531281,,person
1848.8837,645.09924,1919.473,837.971,0,0.7523906,,person
245.6445,470.73322,326.41855,648.596,0,0.7464243,,person
1462.4038,351.01282,1535.4651,517.8353,0,0.7405231,,person
1796.6338,157.23602,1862.1365,287.8872,0,0.70416826,,person
925.95886,191.33853,980.4364,323.16733,0,0.68493867,,person
373.13367,4.5787582,425.37222,123.49981,0,0.6056952,,person
1620.4406,17.188065,1662.3519,125.11221,0,0.60485697,,person
754.8507,414.41144,812.975,576.3034,0,0.6031433,,person
568.80365,292.88104,632.0739,428.02963,0,0.599537,,person
1090.3158,52.892433,1138.7256,156.15106,0,0.593771,,person
722.883,0.0,768.449,90.85075,0,0.5833662,,person
93.56501,128.43994,143.77208,248.9856,0,0.5814606,,person
1142.1716,472.0719,1216.1404,615.2891,14,0.5736617,,bird
711.9164,214.51772,766.5443,361.32562,0,0.54934245,,person
1475.6389,503.29578,1559.8297,676.8747,0,0.54357845,,person
1679.2705,17.257256,1735.8164,152.04826,0,0.53177506,,person
235.95259,23.521002,295.4685,142.11342,0,0.5109266,,person
50.568466,812.83246,162.55421,989.51514,14,0.49095958,,bird
798.81793,69.73757,837.3576,190.66316,0,0.4716006,,person
344.14252,489.51392,396.51718,633.2786,0,0.45713997,,person
1697.1282,95.113106,1788.5157,303.17084,0,0.44456378,,person
1208.0245,105.38864,1253.7914,245.54755,0,0.4428639,,person
1592.5441,18.785545,1629.8961,123.272896,0,0.44061294,,person
984.83936,114.53586,1044.2373,257.0293,0,0.43971622,,person
389.22638,495.26495,457.0503,668.19543,0,0.42804378,,person
853.0635,62.28076,889.5029,192.11375,0,0.41667628,,person
1171.2546,134.33858,1218.8914,251.8575,0,0.3884208,,person
1386.011,0.61772346,1441.4546,180.81992,0,0.38308647,,person
907.4363,77.08326,944.8418,191.50644,0,0.38105887,,person
48.10556,810.87506,161.05843,987.4759,0,0.3669407,,person
234.67181,24.565744,295.5825,108.89328,0,0.35938764,,person
453.1148,508.36578,514.7719,639.00183,0,0.3285004,,person
175.21106,0.0,196.57843,36.21932,0,0.32142878,,person
1305.3293,2.982685,1343.1582,104.27554,0,0.30727226,,person
572.52246,213.60443,626.9634,317.6988,0,0.2948386,,person
1605.9633,16.653597,1664.8822,127.92748,0,0.28971618,,person
1130.6006,870.84906,1228.2927,1072.4126,0,0.82475406,,person
675.38837,586.40076,748.22534,787.37897,0,0.8007704,,person
1846.9695,639.80164,1919.4463,835.93414,0,0.76537865,,person
1464.5615,352.16226,1539.6425,518.60913,0,0.7650648,,person
925.48224,191.75935,978.659,328.47998,0,0.71833766,,person
242.77396,478.7719,326.61328,655.0569,0,0.7180352,,person
754.30316,409.1445,811.11,574.90674,0,0.7007834,,person
1389.1835,713.02185,1476.8412,885.68976,0,0.69284236,,person
1800.0795,159.0189,1863.3768,293.68546,0,0.6727673,,person
1479.6431,510.89194,1561.2024,685.17126,0,0.6092705,,person
1089.4336,58.27073,1138.5529,164.22246,0,0.5836988,,person
568.5373,296.29633,630.4694,432.37125,0,0.57369196,,person
1385.8602,0.0,1442.7716,180.26138,0,0.55886406,,person
92.2849,127.42644,143.25368,248.66245,0,0.55231464,,person
1618.6835,15.443762,1664.5382,127.2453,0,0.5462893,,person
1699.159,95.071724,1789.5883,305.62717,0,0.5448258,,person
798.1115,68.27884,837.99225,194.36696,0,0.53823704,,person
1678.7805,18.986023,1735.7794,152.98166,0,0.53355116,,person
851.8176,60.326042,889.02686,191.66754,0,0.52291757,,person
375.75864,1.9931259,424.66794,116.61104,0,0.4954354,,person
240.30539,24.602583,298.6354,134.65742,0,0.48939043,,person
723.53253,0.0,772.6546,87.12657,0,0.4780882,,person
1144.6025,465.78333,1213.6711,595.4189,14,0.47562593,,bird
1205.0105,102.926216,1255.2316,229.51022,0,0.46364477,,person
985.04956,115.203,1044.1564,256.89673,0,0.42188084,,person
1592.1625,18.40306,1632.2501,123.75961,0,0.41861862,,person
711.7466,211.64946,767.56757,352.16284,0,0.4180731,,person
343.17984,491.71683,400.24036,636.092,0,0.3965634,,person
573.9967,214.73946,627.83374,316.69678,0,0.3795898,,person
49.61593,815.6532,172.958,987.14667,14,0.37547773,,bird
1171.1924,134.40567,1221.2278,250.48521,0,0.37406543,,person
907.92957,79.68988,945.7218,189.78975,0,0.36881652,,person
1304.4591,1.6630669,1342.5334,100.857635,0,0.36811095,,person
387.8595,487.72833,463.4328,663.9236,0,0.33694753,,person
452.07993,508.11658,513.17224,638.9879,0,0.33615735,,person
177.30914,0.0,198.39685,33.29651,0,0.31774113,,person
1130.4812,865.8937,1226.8335,1071.7738,0,0.8141961,,person
1468.7151,355.7223,1541.5706,517.9918,0,0.807804,,person
674.6911,582.18146,746.99835,780.4589,0,0.7858267,,person
1481.2926,513.44684,1564.0226,689.795,0,0.75181973,,person
1842.9935,635.1252,1919.4448,834.0592,0,0.7435611,,person
753.8191,406.58838,811.9223,572.2822,0,0.7295008,,person
925.12335,192.95645,978.33234,331.8147,0,0.7181688,,person
50.598495,816.72784,176.39119,986.2044,14,0.71152353,,bird
1387.7131,710.0764,1471.7872,884.7239,0,0.7096257,,person
241.84589,479.6617,324.07635,656.3581,0,0.69344324,,person
1800.7743,161.85297,1863.8274,293.55954,0,0.6923453,,person
1698.9796,93.887634,1793.9674,310.80298,0,0.67470634,,person
568.35626,297.14008,630.76465,433.92654,0,0.63470197,,person
1678.3678,21.774416,1737.9884,153.9605,0,0.57804525,,person
798.41125,66.869316,836.9088,190.7894,0,0.57653284,,person
91.65071,125.38129,142.02605,247.51373,0,0.56028605,,person
1087.8895,57.869846,1139.1398,166.9368,0,0.5540371,,person
1621.5927,16.395063,1663.597,124.9083,0,0.549307,,person
851.9317,59.45874,889.0739,191.1806,0,0.5202981,,person
380.9971,3.259426,424.0225,114.93164,0,0.4802931,,person
1203.905,101.06287,1255.0021,232.82492,0,0.46225092,,person
1592.1018,18.36486,1632.3037,124.22809,0,0.45283607,,person
1385.9862,0.0,1441.3668,179.88525,0,0.42807376,,person
573.86096,215.2012,628.917,314.84363,0,0.42562184,,person
710.267,203.74553,764.6228,342.9118,0,0.41943276,,person
1302.6292,1.0948563,1342.4026,100.92032,0,0.39205533,,person
242.83754,22.345963,299.314,136.79187,0,0.38895315,,person
984.79706,116.3774,1044.0331,255.6454,0,0.37043443,,person
1144.3055,463.01956,1213.6556,604.8675,0,0.35912308,,person
1171.3436,132.27109,1220.9469,250.44653,0,0.3560278,,person
722.62103,0.0,771.81525,85.02594,0,0.34399384,,person
342.02463,492.03964,401.78287,637.79486,0,0.31615856,,person
450.60895,507.67383,512.89685,638.27966,0,0.31181777,,person
909.04565,77.85308,946.7458,189.51247,0,0.30595452,,person
388.15768,489.1354,463.02512,662.95337,0,0.2919344,,person
1144.9153,462.72885,1213.2733,602.5084,14,0.2841844,,bird
177.6508,0.0,199.77654,30.729698,0,0.28250012,,person
1896.5248,108.660446,1919.1251,213.03003,0,0.2649165,,person
241.02046,23.850718,299.2163,102.438446,0,0.25529015,,person
1470.3523,359.0332,1543.6714,518.7074,0,0.85055983,,person
1128.1417,862.858,1221.7646,1071.9453,0,0.80882,,person
674.6811,577.2495,746.9711,772.656,0,0.76871866,,person
1483.4722,514.38947,1563.9222,692.9332,0,0.76817536,,person
1837.712,633.40314,1919.4507,833.14453,0,0.741506,,person
1383.1194,711.1704,1467.846,883.6053,0,0.728119,,person
242.2272,480.5743,323.22134,655.2768,0,0.7242399,,person
52.591015,817.52563,176.52498,986.33386,14,0.7123307,,bird
754.22266,401.9511,812.01056,565.3006,0,0.7106811,,person
1801.6871,165.41364,1862.6495,298.00653,0,0.71051794,,person
925.3442,195.74359,978.1921,334.65018,0,0.6803886,,person
709.41815,200.1612,763.5434,339.3966,0,0.5998114,,person
798.5193,63.334717,838.1653,190.42636,0,0.59142333,,person
1678.3335,22.168047,1737.7142,154.47887,0,0.59074044,,person
376.5954,0.0,425.96356,112.40808,0,0.5780142,,person
567.52893,298.45102,630.0848,435.09073,0,0.5768933,,person
91.29211,124.93571,141.42783,247.03876,0,0.5768745,,person
1087.6322,59.06202,1136.0648,168.17807,0,0.5736679,,person
851.2372,58.681965,888.82324,189.33398,0,0.57059175,,person
1202.6554,95.24174,1254.1488,232.33824,0,0.5598902,,person
1622.7434,16.77135,1663.5492,124.56359,0,0.54942626,,person
1384.5353,0.0,1439.4713,179.73734,0,0.51100457,,person
1702.9014,186.4601,1766.4829,315.0922,0,0.49597055,,person
1700.7057,93.70033,1788.4901,313.9922,0,0.4752983,,person
1592.3702,18.237625,1632.8263,124.922264,0,0.44134152,,person
242.54596,22.471155,300.00522,129.24783,0,0.4404574,,person
1301.674,0.581337,1342.3593,100.453674,0,0.39623848,,person
1170.9148,129.704,1220.2551,251.44244,0,0.38013023,,person
1145.3845,458.21066,1214.7643,604.9024,0,0.36999294,,person
573.60645,215.63339,628.7648,318.72983,0,0.36548823,,person
340.73486,492.1316,398.69928,638.1635,0,0.35052332,,person
1145.8059,458.29477,1214.499,604.6275,14,0.34491333,,bird
910.0331,77.10283,946.2931,189.69054,0,0.29262465,,person
1891.6586,112.830185,1919.4954,213.9694,0,0.28588337,,person
178.36336,0.0034017563,200.10623,29.872112,0,0.2842009,,person
451.12006,508.99246,512.7091,637.8055,0,0.27504662,,person
1473.3165,362.51523,1544.1135,516.9377,0,0.83881515,,person
1128.3611,859.1697,1219.6991,1071.3062,0,0.8075563,,person
673.69214,571.8983,745.6423,765.64386,0,0.8029967,,person
53.731613,817.76935,183.81273,985.29913,14,0.79393107,,bird
1382.7495,709.49945,1464.9547,884.9174,0,0.78197783,,person
1484.661,514.7221,1566.2678,688.83307,0,0.74020463,,person
1831.9003,631.3413,1918.8278,830.39703,0,0.72259265,,person
1145.7489,454.80002,1215.4319,604.96277,14,0.72120214,,bird
1802.9847,167.2061,1861.9473,300.4394,0,0.6896605,,person
925.79114,198.06754,978.82947,334.16992,0,0.6821224,,person
241.28152,481.92792,320.33502,655.5304,0,0.6442605,,person
798.3201,61.17785,837.98096,189.259,0,0.6352646,,person
1202.7715,94.02395,1252.9907,227.89244,0,0.5937268,,person
709.3504,196.78001,761.71655,335.97385,0,0.59359473,,person
1086.7954,60.465797,1136.3837,168.67155,0,0.59208137,,person
757.0729,399.8442,814.17377,550.7621,0,0.5917761,,person
848.0874,58.27105,888.8002,187.65822,0,0.562874,,person
1621.8636,16.974243,1663.6798,124.212616,0,0.5575611,,person
1678.5337,22.360434,1736.8967,154.91473,0,0.5517704,,person
89.80023,124.33154,141.17268,246.60649,0,0.5505119,,person
377.03314,0.0,425.5529,111.20572,0,0.51981485,,person
1385.131,0.0,1440.8544,179.79002,0,0.5175763,,person
567.07855,301.2493,630.1058,436.6646,0,0.498969,,person
1170.4442,128.40051,1220.221,250.21436,0,0.49623567,,person
1702.0717,186.06671,1766.9188,319.06082,0,0.47298563,,person
244.18423,18.224556,298.13617,129.08345,0,0.46821848,,person
1592.1123,18.288036,1632.8738,125.14687,0,0.45029312,,person
1301.3503,0.76722336,1342.3019,101.89943,0,0.42675957,,person
1700.1702,99.65675,1785.5178,318.33536,0,0.40815416,,person
572.90314,217.1315,628.46075,319.1446,0,0.40428114,,person
909.3175,64.27414,946.9629,187.33694,0,0.36508724,,person
339.93997,492.2644,399.0368,638.49506,0,0.36329815,,person
1895.8619,109.75779,1919.0958,214.93008,0,0.28731552,,person
1606.2473,17.346714,1665.7119,127.227684,0,0.26277074,,person
1679.591,22.992874,1736.6338,101.90625,0,0.25283644,,person
1379.2821,710.3974,1460.4302,883.13635,0,0.85467947,,person
1473.8065,362.0583,1546.6393,517.99567,0,0.83761024,,person
1127.1007,855.7244,1216.9583,1071.5917,0,0.826779,,person
675.5186,566.34595,743.09326,755.1404,0,0.82287365,,person
1830.089,626.4809,1918.6425,825.4505,0,0.8146361,,person
240.94565,482.5254,318.68866,654.00824,0,0.7354446,,person
1146.2069,453.9886,1215.8053,596.9229,14,0.73141444,,bird
1484.8923,517.5139,1566.6317,688.0409,0,0.6958072,,person
1803.3153,168.06789,1862.7762,301.8332,0,0.66430247,,person
756.5971,395.78238,813.9439,548.06824,0,0.6514598,,person
1086.8163,63.693398,1136.0546,170.86276,0,0.6375576,,person
926.2568,200.6125,979.264,335.246,0,0.6353954,,person
54.798832,818.90405,182.73175,985.6798,14,0.633374,,bird
1203.7932,94.0621,1252.4656,227.47893,0,0.5865302,,person
797.944,61.565483,837.2439,189.44441,0,0.5758358,,person
1678.4712,22.500263,1736.1227,155.51201,0,0.5738146,,person
1383.85,0.14163208,1439.1735,179.73518,0,0.5704259,,person
245.7042,14.211342,297.42242,127.45608,0,0.56654054,,person
89.599045,124.45246,140.79613,246.19035,0,0.5567611,,person
850.1746,58.614616,888.5896,187.11063,0,0.53233874,,person
1703.5737,183.43863,1766.3203,321.99594,0,0.51491815,,person
1615.9944,16.629776,1665.264,128.09886,0,0.51126206,,person
567.02,302.3379,629.6584,436.1836,0,0.49919283,,person
1171.9885,128.29436,1221.1586,252.43877,0,0.4763797,,person
377.95068,0.0,424.89874,110.55197,0,0.47569373,,person
339.75186,491.71893,398.72162,637.59564,0,0.44653165,,person
708.6757,195.3154,760.60754,332.95782,0,0.42186537,,person
1591.848,18.456894,1632.945,125.34281,0,0.41814423,,person
572.8069,218.08379,628.77856,318.8076,0,0.40765032,,person
1303.5049,1.2487106,1341.2296,101.47588,0,0.40153602,,person
1702.693,113.098915,1783.4938,321.2629,0,0.34587282,,person
909.0751,73.125824,947.70483,186.72786,0,0.33516958,,person
177.82848,0.4030838,200.89217,28.269562,0,0.29720953,,person
1679.5746,23.193638,1736.1069,117.24294,0,0.27179644,,person
1895.7275,110.58623,1919.1328,215.13863,0,0.25735673,,person
675.4869,559.5242,742.745,735.1626,0,0.82807493,,person
1824.4757,616.75165,1917.1058,812.54926,0,0.81528145,,person
1475.5039,366.33325,1549.8019,529.4879,0,0.80896384,,person
1122.7963,842.7239,1213.2716,1058.4203,0,0.80797434,,person
239.94833,485.48227,314.02768,654.06323,0,0.7525404,,person
754.5348,389.0299,814.1543,536.0085,0,0.7380194,,person
1366.124,709.01526,1452.4052,882.7663,0,0.7244667,,person
926.1641,204.02051,979.8111,341.23846,0,0.7165828,,person
1488.2692,524.3646,1572.6636,687.68097,0,0.6994111,,person
1803.089,171.80544,1862.4331,305.44165,0,0.66795975,,person
797.645,59.881737,835.60535,188.48874,0,0.6639109,,person
1087.1843,64.5203,1135.9237,172.44193,0,0.66375685,,person
251.47032,9.306805,302.02737,123.722244,0,0.6238285,,person
88.25128,125.357414,141.0973,246.46735,0,0.62124914,,person
850.0959,59.12993,888.8615,186.73958,0,0.61927575,,person
1702.4005,189.65305,1771.3408,328.76852,0,0.5722394,,person
1204.1948,92.005356,1251.6017,225.48734,0,0.5658563,,person
1620.9053,17.642166,1664.669,125.88998,0,0.55213124,,person
1382.5931,0.0,1437.7009,179.74567,0,0.54354894,,person
58.531338,820.3911,181.17734,986.94293,14,0.53893954,,bird
1678.2675,22.948997,1735.8278,154.6804,0,0.5326913,,person
566.48615,304.63303,629.2071,437.00143,0,0.5142893,,person
378.9756,0.028873444,427.24146,109.75628,0,0.5009999,,person
338.33307,487.95685,400.2122,636.0729,0,0.48890308,,person
1146.8503,448.31662,1215.2429,581.9627,0,0.43888962,,person
910.5681,75.58408,947.6858,187.34735,0,0.43779317,,person
1736.7825,95.77293,1796.488,200.87723,0,0.43386823,,person
1592.0183,18.54439,1631.8643,126.533,0,0.4294535,,person
705.94434,192.93292,756.6909,330.25415,0,0.4147939,,person
1302.3096,0.0,1340.4281,100.21182,0,0.39532343,,person
1147.2272,446.71637,1215.0758,582.9025,14,0.3651878,,bird
57.426384,820.59375,177.56091,986.3247,0,0.36491174,,person
1171.3533,125.275314,1220.0645,247.52692,0,0.33447823,,person
1604.7222,17.987,1666.9506,127.62428,0,0.29291022,,person
986.7847,121.12264,1045.0093,261.94867,0,0.28273088,,person
1893.8617,110.59244,1919.1046,213.13628,0,0.27647978,,person
572.19196,221.74979,628.0072,326.54077,0,0.26397717,,person
452.94315,504.02975,510.4564,632.0631,0,0.26265493,,person
1117.859,837.6989,1211.3483,1048.1042,0,0.7927494,,person
1824.093,613.826,1916.042,806.2092,0,0.7864169,,person
675.7746,554.8581,744.87256,729.6127,0,0.78626055,,person
753.2705,386.05948,814.26843,534.9566,0,0.78271145,,person
1477.0105,370.7764,1551.1443,537.947,0,0.7773466,,person
925.24365,205.88338,981.8862,345.05084,0,0.7317348,,person
1358.3973,709.3714,1448.583,882.401,0,0.70771104,,person
239.98718,488.0906,311.45013,656.53754,0,0.7012242,,person
1488.9683,526.4356,1575.2977,687.19946,0,0.6985904,,person
1087.5087,65.56414,1137.442,173.57503,0,0.66838855,,person
253.73822,7.776718,307.5306,121.60183,0,0.65406394,,person
1802.603,172.80917,1862.2126,306.28464,0,0.64674884,,person
87.997696,125.25012,141.28734,246.20357,0,0.6462897,,person
702.8082,191.96123,757.2484,332.57922,0,0.6417294,,person
798.35596,60.028152,834.70715,188.52191,0,0.6140263,,person
848.27344,59.91996,889.06604,187.23903,0,0.6069955,,person
1703.8341,191.94553,1770.5984,327.83398,0,0.59444463,,person
566.83777,311.2165,628.0462,436.4816,0,0.5445503,,person
1202.7225,90.89362,1251.0957,224.99329,0,0.54253316,,person
380.0092,0.0,428.265,109.239494,0,0.52797544,,person
59.628105,821.5589,185.24231,990.3565,14,0.5277162,,bird
1619.3965,17.696777,1665.2542,129.97847,0,0.50868154,,person
1145.8689,445.44223,1214.3657,580.23505,0,0.50767696,,person
1677.6841,23.34692,1734.6387,145.27194,0,0.50350964,,person
1382.313,0.0,1425.0127,177.97197,0,0.49799606,,person
337.37164,487.52133,399.98593,634.12067,0,0.48934326,,person
572.2985,223.55095,626.8376,324.49503,0,0.40498245,,person
910.74445,70.59455,947.39594,185.87212,0,0.40350556,,person
1302.7146,0.0,1339.5166,98.60346,0,0.3913628,,person
1736.9392,97.81215,1797.3003,203.41685,0,0.3868362,,person
1169.6671,119.05566,1217.3221,239.20923,0,0.38375634,,person
1592.1688,18.956371,1630.4452,128.1534,0,0.37993354,,person
987.1549,122.33986,1044.5533,266.49686,0,0.37521943,,person
454.03473,503.1382,509.6338,631.68207,0,0.28030074,,person
58.71998,822.80347,183.29434,989.08374,0,0.27112028,,person
673.48315,552.27673,744.5257,727.84283,0,0.8187029,,person
1349.1965,707.31555,1445.1609,882.18054,0,0.8160077,,person
1475.9778,372.27823,1552.2979,542.069,0,0.8100878,,person
1117.247,832.9501,1210.2118,1038.9298,0,0.80587363,,person
1821.0051,611.66235,1916.8652,791.63873,0,0.8050707,,person
752.38696,383.75317,813.4984,532.89716,0,0.77374107,,person
1489.5337,527.3575,1575.6335,687.7821,0,0.7456351,,person
925.2647,206.50804,981.6738,345.25323,0,0.72288543,,person
1088.3619,65.86194,1137.2346,173.42816,0,0.71150744,,person
239.839,490.0634,310.1363,661.47845,0,0.67894894,,person
1802.5474,174.01744,1862.5269,308.34305,0,0.6657553,,person
1702.8058,191.51775,1773.0238,329.27283,0,0.66387486,,person
254.92453,6.194933,315.59067,119.65377,0,0.63956344,,person
88.24214,124.930664,140.66338,245.31894,0,0.63884056,,person
699.16486,189.8243,755.63477,332.7587,0,0.60661864,,person
1201.1697,89.15909,1250.6777,225.434,0,0.60542893,,person
847.74646,58.940483,888.2637,186.19072,0,0.5849171,,person
799.0349,59.70117,834.1022,188.7488,0,0.5773202,,person
1621.6681,18.166374,1665.6244,131.43394,0,0.56078076,,person
565.22894,312.8013,629.386,436.12274,0,0.54744,,person
1144.5183,444.04742,1211.7968,576.9256,0,0.53874665,,person
985.22534,124.95964,1043.781,265.58102,0,0.5374317,,person
1678.6278,23.217247,1735.7318,151.92883,0,0.53355587,,person
1380.9183,0.0,1430.8468,178.1538,0,0.52967083,,person
378.82007,0.0,430.61053,108.11435,0,0.52887094,,person
335.9981,487.41714,399.08984,636.0156,0,0.51460785,,person
575.7655,225.92566,626.5703,324.47113,0,0.45026124,,person
1168.9517,115.85003,1215.8585,239.494,0,0.44842646,,person
1739.6273,99.95581,1797.6406,205.94412,0,0.42530876,,person
1591.6545,18.978842,1629.6874,127.98624,0,0.4193401,,person
1301.2056,0.0,1339.1527,97.60827,0,0.40208316,,person
59.8995,821.43274,189.39886,994.96655,14,0.38975745,,bird
60.72154,822.31805,189.87495,994.66077,16,0.31712717,,dog
454.04562,503.02637,508.80002,630.7337,0,0.26958373,,person
723.95184,0.0,772.13,72.33627,9,0.25616002,,traffic light
59.71051,823.0912,185.7545,991.85986,0,0.25323337,,person
911.4278,76.21802,946.6346,185.04213,0,0.2523159,,person
1116.8114,827.00354,1206.488,1025.4214,0,0.81134856,,person
672.7477,548.2843,744.8464,727.9373,0,0.80231565,,person
1476.6101,379.6996,1554.7808,545.03503,0,0.7923159,,person
238.53325,496.43243,309.6081,674.90137,0,0.7688451,,person
1321.6653,708.8539,1439.1868,880.10693,0,0.7614077,,person
1818.7753,609.5916,1911.0048,787.87665,0,0.74561095,,person
752.212,381.16882,812.82684,531.13245,0,0.7439109,,person
925.14795,206.9696,982.3417,344.96887,0,0.7355762,,person
1491.8486,529.64935,1574.887,696.77594,0,0.72384685,,person
1088.969,65.923874,1137.4846,173.57439,0,0.7049715,,person
256.6343,5.487499,322.23508,120.83364,0,0.70143944,,person
1702.2448,190.25954,1774.2345,328.49362,0,0.6502962,,person
88.20675,124.703186,140.14508,244.43065,0,0.64509565,,person
1802.4695,176.17415,1861.9447,308.83102,0,0.6427774,,person
847.26514,58.406437,887.9975,186.19547,0,0.5860942,,person
704.5131,188.84442,754.9332,329.25803,0,0.56701076,,person
1200.5546,87.42905,1251.2677,225.30089,0,0.5571074,,person
798.6332,58.979374,834.067,188.702,0,0.5552273,,person
1144.4796,439.82217,1211.4248,576.1817,0,0.54165155,,person
564.75757,311.14575,631.0977,435.83728,0,0.5384879,,person
1621.7216,17.687862,1665.5277,132.64621,0,0.534801,,person
380.9554,0.0,430.41357,109.64317,0,0.4866939,,person
1380.5494,0.0,1430.509,177.6433,0,0.48075768,,person
1678.6879,22.598785,1736.8151,153.99431,0,0.47313288,,person
335.45914,487.17984,397.35538,636.0517,0,0.47291687,,person
63.24186,822.7888,186.03085,994.6487,16,0.4367828,,dog
986.6746,127.33383,1043.25,267.69077,0,0.43155667,,person
1739.7184,100.779076,1797.6698,205.61134,0,0.42647704,,person
62.24302,822.6385,182.75487,992.2687,0,0.41590387,,person
1168.6356,114.19746,1214.3527,236.85495,0,0.4027613,,person
1590.3805,20.625755,1628.7711,128.37567,0,0.40035236,,person
575.8164,227.178,626.2097,327.4988,0,0.3645806,,person
1301.0667,0.0,1339.213,97.535065,0,0.34810853,,person
1679.9458,23.775055,1736.0017,115.283455,0,0.2956773,,person
1113.1781,821.06195,1207.8103,1011.431,0,0.819904,,person
236.46886,501.43628,308.71237,678.44855,0,0.81183076,,person
1480.064,384.53595,1555.1328,551.3355,0,0.7816554,,person
673.75165,544.3204,743.9918,729.0577,0,0.7778006,,person
1817.5756,604.5032,1907.3427,778.53284,0,0.7606137,,person
1316.7286,709.7983,1434.3285,883.5881,0,0.74943686,,person
1493.7789,533.61,1577.0857,709.57324,0,0.7327094,,person
925.32806,205.39467,982.55273,343.67316,0,0.73010933,,person
752.8781,379.27927,812.71716,528.61365,0,0.7244047,,person
1090.8127,66.028244,1137.7153,172.43509,0,0.7075961,,person
258.9011,7.0594254,327.8014,121.01518,0,0.67002004,,person
1803.9441,176.8038,1862.603,308.83173,0,0.6578039,,person
88.767365,124.73001,139.85513,243.71068,0,0.63724405,,person
846.1714,57.373093,888.03076,185.15334,0,0.622314,,person
798.40063,59.342197,834.28345,187.8939,0,0.6173585,,person
698.84766,186.08528,756.1421,323.74167,0,0.57484055,,person
1200.3601,87.30884,1250.2816,225.72523,0,0.570808,,person
1143.9578,439.10687,1210.8733,572.9262,0,0.5551881,,person
1702.9468,195.36324,1774.5637,328.4318,0,0.54033005,,person
65.91657,823.54486,187.92041,998.2586,16,0.5398794,,dog
1678.7974,23.479631,1735.2195,152.68745,0,0.53223044,,person
565.15155,304.67093,632.098,437.20148,0,0.5204267,,person
1617.145,17.646698,1665.3589,133.21281,0,0.50069535,,person
380.7045,0.0,432.07053,107.65391,0,0.47715732,,person
335.61594,486.8648,397.22195,635.75653,0,0.46793556,,person
1379.8357,0.13613892,1430.5302,177.86037,0,0.46695065,,person
986.2892,131.33318,1043.406,270.62085,0,0.40527442,,person
1168.7826,113.44297,1211.585,233.44237,0,0.39925897,,person
1299.5358,0.0,1339.581,97.53651,0,0.3737603,,person
1590.523,21.0101,1628.3379,126.48383,0,0.36618748,,person
571.43286,228.01721,628.2926,334.11575,0,0.33439133,,person
1739.1815,104.81195,1797.4197,202.80988,0,0.32045493,,person
912.5779,72.205605,949.45605,176.31277,0,0.31510556,,person
66.24289,823.7135,179.86931,992.8887,0,0.26877558,,person
672.6636,537.07056,742.76495,727.79724,0,0.7807928,,person
234.81161,506.0483,307.3887,686.81696,0,0.7797198,,person
1802.9396,599.3458,1901.4987,775.42865,0,0.7751562,,person
1481.8308,386.46597,1557.4922,561.2285,0,0.76414263,,person
1112.2947,810.3569,1205.2925,995.58746,0,0.76208013,,person
1309.4744,711.1234,1425.8606,880.1576,0,0.74755234,,person
925.6864,205.83215,983.59937,342.58136,0,0.7205681,,person
1495.3031,539.27423,1579.4221,723.096,0,0.6698853,,person
1806.5718,176.83804,1863.9146,307.1786,0,0.66438913,,person
753.96625,375.7274,814.1686,527.0543,0,0.6588962,,person
797.44684,58.448433,833.8046,185.7049,0,0.6533862,,person
1092.2915,67.950554,1137.4025,173.55713,0,0.64328116,,person
700.98944,178.48938,757.30255,319.71002,0,0.63538724,,person
88.58814,124.07375,139.15605,242.71066,0,0.6241543,,person
845.3161,53.077354,887.5479,183.73769,0,0.6163624,,person
1621.7118,19.839312,1666.3763,133.439,0,0.56313425,,person
263.34274,3.6034584,332.5436,115.54272,0,0.5483195,,person
1196.4336,87.715416,1247.7302,226.75842,0,0.53887457,,person
1678.1613,23.615707,1734.4552,153.35742,0,0.52852964,,person
565.30725,304.00568,634.7194,440.37735,0,0.52588415,,person
72.05841,822.90125,187.38217,999.03424,16,0.51304984,,dog
1379.765,0.682045,1428.6564,177.61761,0,0.48772997,,person
385.80203,0.0,432.90326,101.15799,0,0.48125204,,person
1701.9277,195.27237,1778.5614,326.36795,0,0.47559676,,person
334.24945,484.40964,396.27222,636.211,0,0.4291272,,person
1168.1378,108.25644,1204.7516,228.62366,0,0.3869692,,person
1142.7191,435.10953,1213.5029,576.7055,0,0.38340768,,person
1591.352,23.504305,1628.1702,125.96047,0,0.36831787,,person
71.9776,822.47864,181.65326,993.0242,0,0.35277155,,person
914.38464,42.53553,951.8264,173.07367,0,0.34808242,,person
1891.0488,115.08415,1919.4302,215.57098,0,0.3263088,,person
986.5252,130.5977,1044.9109,271.33893,0,0.31423688,,person
1740.8146,106.526184,1797.0367,209.64885,0,0.29817244,,person
1298.5471,0.22484207,1337.917,97.32852,0,0.2947455,,person
1798.2244,595.49506,1897.5822,773.1927,0,0.8279346,,person
672.0901,532.9697,743.56476,726.4188,0,0.7856051,,person
1109.5931,804.93677,1204.4584,994.39764,0,0.77427435,,person
234.36868,510.002,306.93118,689.6098,0,0.7690035,,person
1483.6846,388.5737,1558.1675,561.241,0,0.76665086,,person
1310.7865,709.4629,1424.4996,879.70685,0,0.7631871,,person
924.9055,206.80833,983.88525,342.55392,0,0.71238095,,person
1496.119,542.1557,1581.2158,725.669,0,0.70696217,,person
755.2672,373.21933,813.92487,530.31683,0,0.67823297,,person
1806.2966,177.47104,1865.5818,307.033,0,0.6522954,,person
1091.9502,70.36924,1137.0809,175.28793,0,0.6420634,,person
845.41113,52.510162,888.23,183.86646,0,0.64027494,,person
796.75653,57.92185,833.5153,184.84479,0,0.63110554,,person
87.2891,123.657814,138.4374,242.04364,0,0.6166627,,person
701.5692,178.17957,754.7099,317.32663,0,0.59378725,,person
73.195885,822.5347,184.28476,996.11414,0,0.56539327,,person
1619.3569,20.754822,1666.5864,133.58821,0,0.54167604,,person
266.28635,2.293213,332.7294,114.588776,0,0.53590125,,person
564.76013,312.45074,634.52405,444.6657,0,0.5239697,,person
1198.7369,85.08009,1245.8528,222.51411,0,0.51422524,,person
384.57883,0.0,433.12823,98.32107,0,0.48476276,,person
1678.9215,23.704102,1733.5287,157.06718,0,0.48241347,,person
1142.2981,432.3568,1213.0629,573.38904,0,0.44964328,,person
1379.397,0.8573055,1428.596,176.97597,0,0.44623673,,person
1705.303,198.97426,1779.5369,325.85654,0,0.44435045,,person
1167.3801,102.81063,1209.6188,226.97408,0,0.4145023,,person
1591.3698,22.276543,1628.379,125.52276,0,0.37059882,,person
1680.8419,26.372538,1733.3965,110.74988,0,0.36624175,,person
334.47348,483.879,393.78094,635.4187,0,0.35581797,,person
917.2552,41.41397,952.40283,170.7862,0,0.3540027,,person
1891.8618,112.090965,1919.0746,217.9771,0,0.32722127,,person
1297.0067,1.5420227,1336.6542,98.06621,0,0.3235054,,person
987.00555,130.95453,1044.9467,271.30038,0,0.3177275,,person
72.862755,824.2973,186.55348,999.1072,16,0.3177175,,dog
1789.596,590.6194,1896.4336,773.17755,0,0.8242147,,person
1106.4792,802.35724,1204.5396,993.62866,0,0.7980717,,person
233.09386,515.00116,305.35275,696.2657,0,0.78496253,,person
1309.6827,709.93335,1419.923,879.5876,0,0.7835434,,person
671.5082,532.462,745.78125,710.576,0,0.7784345,,person
1486.1954,390.76978,1560.931,562.5033,0,0.7558304,,person
1496.4745,550.65967,1579.9329,730.33704,0,0.7063839,,person
924.6903,208.14024,983.7076,344.65634,0,0.64655256,,person
845.4449,52.93524,888.4307,183.35486,0,0.61684,,person
756.5781,370.5346,813.7757,521.9522,0,0.6167359,,person
1806.2805,180.18013,1867.329,307.57556,0,0.613264,,person
1091.5035,71.09699,1137.3011,178.26189,0,0.6051893,,person
86.81619,123.21312,138.3506,241.65399,0,0.6047622,,person
268.05316,1.0031319,332.56213,113.52461,0,0.5936348,,person
701.68915,175.60378,754.0295,313.54755,0,0.5848394,,person
795.5856,56.56824,833.40967,184.08421,0,0.58437926,,person
1196.6085,86.22089,1245.4658,222.08112,0,0.54234207,,person
73.88977,824.3192,185.35565,995.9764,0,0.5277748,,person
1618.8722,21.120346,1666.9689,133.78171,0,0.50699747,,person
1143.0236,430.80362,1213.7092,566.50836,0,0.47660044,,person
382.8114,0.0,434.19995,94.952385,0,0.47593653,,person
1679.6111,26.354416,1733.3628,160.51004,0,0.4702754,,person
1379.6295,1.3398285,1429.4565,177.42499,0,0.45139042,,person
564.9441,318.96414,637.0177,447.8389,0,0.42671564,,person
1590.7423,22.828606,1628.6005,126.07329,0,0.39089844,,person
915.9203,45.466854,952.8728,170.63078,0,0.3877517,,person
1167.3435,102.85305,1203.7595,225.98524,0,0.38325405,,person
1889.551,112.688995,1919.1464,221.24739,0,0.36867717,,person
1296.4158,1.0995941,1336.6781,97.71643,0,0.36771902,,person
1592.6757,23.586548,1643.3812,126.736176,0,0.3618495,,person
73.62363,825.45154,187.22063,999.61707,16,0.35618722,,dog
1680.8448,25.851597,1734.2948,115.54567,0,0.34235758,,person
1707.5896,106.04528,1795.8706,326.0621,0,0.3405859,,person
334.4524,483.02023,390.0824,630.4948,0,0.32985651,,person
1706.2687,196.6381,1782.1311,325.5986,0,0.28632,,person
1104.1245,798.7517,1203.49,993.8865,0,0.8178276,,person
672.432,529.15656,744.61084,724.7974,0,0.7936133,,person
1780.8025,589.55237,1894.5154,775.88745,0,0.7884469,,person
231.45726,516.0854,304.27792,701.4782,0,0.78488976,,person
1309.8213,710.09735,1416.909,878.05707,0,0.77947503,,person
1487.7668,395.3661,1562.3457,562.5029,0,0.71142566,,person
756.5129,369.27704,813.2373,524.913,0,0.66381264,,person
1808.2732,180.80658,1868.2911,310.28534,0,0.65437764,,person
845.6585,53.582954,888.15967,182.53255,0,0.623637,,person
795.9048,54.84192,834.70026,183.99673,0,0.61506027,,person
86.34362,122.933075,137.92569,241.22589,0,0.61091655,,person
1092.1504,72.30297,1137.687,178.73036,0,0.59887177,,person
925.1336,209.59831,984.55646,345.90234,0,0.59367436,,person
1497.4443,552.5483,1582.3811,734.3729,0,0.5896769,,person
702.69727,173.04309,753.5378,309.474,0,0.5802667,,person
1196.9661,86.38529,1244.4373,219.05902,0,0.5313521,,person
1619.0123,21.355488,1667.4928,133.98523,0,0.5270064,,person
267.83688,0.6559868,333.29886,113.18237,0,0.526707,,person
76.18032,827.5487,183.20535,995.5194,0,0.52009004,,person
385.5131,0.0,437.13107,94.246765,0,0.4925533,,person
1678.6558,28.928696,1733.3197,162.57605,0,0.48699105,,person
915.4607,55.233856,953.1482,168.59267,0,0.47131088,,person
76.33042,827.47064,185.46036,999.4184,16,0.45313025,,dog
1380.6863,0.0,1425.6741,175.81606,0,0.44112024,,person
564.7638,319.577,637.75415,450.62027,0,0.4357824,,person
1711.5099,106.018524,1797.2941,331.0979,0,0.42474267,,person
1296.8013,0.7202568,1336.9838,98.74317,0,0.42444137,,person
1591.0884,24.883043,1628.9282,128.0394,0,0.42358422,,person
1167.4531,99.68754,1203.5513,225.37502,0,0.40122402,,person
1141.979,429.4759,1213.8397,569.9249,0,0.38823366,,person
1889.0315,118.0077,1919.4475,223.29333,0,0.36391267,,person
335.12988,484.63544,391.75436,634.3894,0,0.33747685,,person
1680.8256,29.861326,1733.6888,111.45852,0,0.32527596,,person
1716.8591,194.77634,1781.9509,328.27917,0,0.31088695,,person
1142.1628,429.27524,1213.4309,532.71747,14,0.29552725,,bird
989.83575,132.76794,1044.8507,269.99564,0,0.26743785,,person
1262.3298,37.234615,1296.2275,115.58512,0,0.2550256,,person
1104.1354,794.0649,1202.4547,992.34503,0,0.82203746,,person
1778.7407,588.7284,1889.1097,775.83453,0,0.8135877,,person
230.2316,518.6739,303.77994,702.8911,0,0.8018671,,person
1308.4729,709.5941,1412.7709,877.88635,0,0.79435694,,person
1488.3872,396.9082,1564.9469,563.4141,0,0.79019016,,person
674.13135,524.7382,745.0684,710.27185,0,0.7828336,,person
77.46785,827.5903,185.07112,996.7411,0,0.7036844,,person
1807.196,181.94966,1869.1688,314.08905,0,0.6987367,,person
700.26086,170.28838,754.54803,307.21487,0,0.685402,,person
755.6202,367.27966,813.8602,521.6561,0,0.67200214,,person
924.6449,209.8299,982.8373,352.15048,0,0.6568247,,person
1499.5869,556.47296,1583.5547,742.08624,0,0.64973223,,person
1093.2429,74.31464,1138.2637,179.89293,0,0.6274261,,person
86.20898,122.771675,138.09233,241.30911,0,0.6212891,,person
845.2548,54.184822,887.7305,182.22491,0,0.60717314,,person
796.17865,54.32433,834.2677,183.23373,0,0.6026205,,person
1709.2408,108.924805,1798.455,335.17377,0,0.56743926,,person
1196.6759,83.042015,1243.1682,215.00276,0,0.545527,,person
1679.1024,30.212036,1736.7345,162.48509,0,0.540643,,person
271.669,3.1107445,332.4558,112.876465,0,0.5333125,,person
1142.1108,427.4652,1215.6562,563.8947,0,0.5326069,,person
1620.8221,21.825851,1667.5364,133.61143,0,0.5307349,,person
566.8096,319.55798,639.32935,452.75128,0,0.48721632,,person
382.83563,0.072315216,438.0313,90.11666,0,0.4800438,,person
1166.9379,97.24247,1203.802,223.31927,0,0.47757497,,person
1591.9586,23.909122,1630.7649,125.17983,0,0.4685834,,person
1297.0966,0.82551956,1337.0427,98.702255,0,0.45627794,,person
916.28375,53.19196,955.4804,168.64224,0,0.43234283,,person
1887.338,120.1306,1919.4364,224.94658,0,0.42369378,,person
1378.7147,1.1577988,1426.7026,176.55443,0,0.4155954,,person
1142.1581,425.63443,1214.8301,522.05133,0,0.40116638,,person
1714.8978,199.51712,1782.4685,334.43756,0,0.39214966,,person
333.91718,483.00165,391.018,635.74603,0,0.38724607,,person
985.9349,136.64331,1046.3878,270.19,0,0.31865314,,person
1262.3866,36.18576,1295.517,115.47061,0,0.30128342,,person
569.8405,233.33395,628.90393,343.7798,0,0.26708105,,person
1775.1595,583.2733,1880.7228,774.29553,0,0.80700284,,person
677.09015,515.3987,745.48517,690.14484,0,0.80596286,,person
1101.3279,787.28046,1200.961,992.52264,0,0.80476147,,person
228.53874,525.4377,301.7117,701.67505,0,0.77702314,,person
1308.4515,707.2584,1398.5969,875.2031,0,0.7622921,,person
1492.1105,404.10727,1568.2739,561.5689,0,0.7361057,,person
1807.3829,186.61647,1869.4839,321.57288,0,0.7054313,,person
703.0742,167.90959,753.9877,305.39804,0,0.6969837,,person
924.3564,213.92303,983.5141,359.27536,0,0.6856482,,person
1502.6927,563.3165,1586.7653,739.9075,0,0.68329436,,person
757.2667,360.7347,813.91736,505.19138,0,0.63929695,,person
1093.4978,77.98611,1139.4819,183.89594,0,0.6375456,,person
80.511566,829.79956,186.3254,998.7129,0,0.6265622,,person
1704.3066,110.62823,1797.0902,343.15668,0,0.59277374,,person
85.92538,122.55382,137.77716,241.05002,0,0.5921533,,person
845.53217,53.47924,887.768,182.47838,0,0.58684325,,person
1677.3951,33.201645,1736.7931,167.44699,0,0.57951623,,person
1142.2786,422.64725,1213.7787,559.1573,0,0.5677992,,person
796.0058,51.82862,834.31,182.4575,0,0.5505839,,person
1593.3209,24.30169,1632.8062,125.64759,0,0.5153934,,person
275.7231,0.0,333.79614,109.025826,0,0.5036963,,person
1166.5829,96.95385,1206.8833,223.05418,0,0.5001035,,person
1703.8192,195.06564,1782.467,344.4293,0,0.4960852,,person
1624.6115,23.359337,1667.8807,131.97086,0,0.49267173,,person
1297.102,1.425602,1336.6353,99.40037,0,0.4629354,,person
387.0651,1.1265221,441.12753,86.60583,0,0.4554972,,person
1200.1221,79.48187,1243.6261,208.52014,0,0.44814646,,person
334.34985,482.22473,391.9651,635.3115,0,0.4215858,,person
985.4295,138.2489,1045.9681,273.12466,0,0.389881,,person
1380.1642,4.27977,1421.621,175.35237,0,0.38864985,,person
569.402,323.07306,642.36145,457.50616,0,0.37729338,,person
1887.7549,121.169426,1919.4153,228.74786,0,0.36687738,,person
570.55505,233.97304,629.32166,342.16132,0,0.3415001,,person
917.00555,53.814857,958.35223,166.09158,0,0.32227796,,person
1262.21,36.64703,1295.1346,115.976006,0,0.31351167,,person
678.50665,512.11096,747.0361,685.33264,0,0.82921904,,person
1774.0583,579.2516,1877.4448,770.846,0,0.79880655,,person
1101.9324,783.6946,1199.4061,992.0935,0,0.79551214,,person
1307.5515,706.99243,1391.947,870.9976,0,0.76774204,,person
227.43672,524.8532,302.78232,703.1824,0,0.7605381,,person
1494.5724,407.78998,1569.6497,567.56616,0,0.75876266,,person
1503.7754,564.2893,1587.9281,740.873,0,0.73447627,,person
1808.0387,190.3163,1870.1407,323.74698,0,0.71928805,,person
1141.9008,421.55676,1212.816,554.7574,0,0.6959808,,person
702.816,166.10866,753.98645,305.37903,0,0.67419654,,person
82.846275,829.9451,187.47002,1003.04315,0,0.6709108,,person
924.0921,215.83878,985.4079,359.3184,0,0.65180606,,person
757.4818,357.39972,814.9836,502.66864,0,0.6191698,,person
1095.836,78.274956,1139.3265,183.04424,0,0.6086002,,person
845.45856,51.512238,887.4974,182.62904,0,0.5972308,,person
1706.8429,108.118195,1795.6959,345.0089,0,0.5775861,,person
85.70322,122.796,137.79842,241.28981,0,0.5762298,,person
1678.3239,32.487823,1737.8624,169.31897,0,0.57369125,,person
795.35486,51.176857,834.6039,182.47797,0,0.55284506,,person
1705.9164,177.94862,1784.9502,346.75058,0,0.5512274,,person
1594.04,25.152357,1634.792,127.538795,0,0.51013935,,person
270.71918,0.0,331.94186,106.61184,0,0.495592,,person
388.05524,1.4294357,442.53094,85.85138,0,0.47965986,,person
1166.3464,95.8941,1205.8639,222.88336,0,0.47607175,,person
1197.0825,78.449135,1242.0477,202.51117,0,0.4636088,,person
1626.286,23.221144,1667.8568,132.53899,0,0.4594708,,person
985.4457,139.20425,1046.8982,275.63324,0,0.45458645,,person
1297.2878,1.5040169,1336.0488,98.81939,0,0.43091416,,person
1380.3707,7.3251343,1422.162,175.04489,0,0.40592715,,person
334.5707,481.98022,390.9845,635.3771,0,0.38297963,,person
571.1512,325.39966,643.7216,459.39597,0,0.3660642,,person
572.65656,234.37889,625.94476,335.43878,0,0.35983354,,person
916.383,40.72566,960.8509,166.22911,0,0.31452927,,person
1888.6556,120.724846,1919.4163,229.49338,0,0.31238553,,person
1262.5106,37.1353,1293.8302,115.63868,0,0.26755524,,person
1776.3904,576.5992,1875.1033,766.8516,0,0.81572515,,person
1100.5416,780.7161,1199.323,991.5723,0,0.80773425,,person
1505.4783,564.99396,1589.42,742.2988,0,0.78455067,,person
83.212975,830.65485,188.10602,1007.61163,0,0.765749,,person
1808.4247,191.9085,1871.402,325.44647,0,0.7521777,,person
1495.0012,410.14346,1571.0577,576.66846,0,0.7521618,,person
678.6182,508.99484,745.64984,679.97375,0,0.73475766,,person
226.88832,527.19525,303.5964,702.2247,0,0.72329885,,person
1711.1605,195.82558,1784.0951,348.84195,0,0.7150475,,person
1305.2303,707.6982,1386.4633,870.59436,0,0.70710325,,person
702.40106,165.31833,753.4009,305.09024,0,0.6445175,,person
1140.5872,414.78644,1212.5322,549.8202,0,0.642133,,person
757.7709,355.6009,814.46014,503.5686,0,0.6193693,,person
845.43604,51.51963,887.43054,182.6933,0,0.60981315,,person
1096.8564,79.27043,1139.4332,183.74506,0,0.5859767,,person
1679.6162,32.206078,1738.6897,167.83548,0,0.57652956,,person
923.6928,218.9615,982.1516,360.46246,0,0.5704771,,person
85.74372,122.613815,137.75787,241.33337,0,0.56182754,,person
1594.0543,25.595398,1634.5873,129.9361,0,0.5488091,,person
390.71213,2.0823212,445.33533,85.411285,0,0.5455354,,person
795.0518,50.514244,834.69763,182.326,0,0.542804,,person
271.90143,0.0,333.66272,105.66273,0,0.52997905,,person
1625.2765,22.52346,1670.1421,129.69156,0,0.5010485,,person
1710.5819,126.99209,1787.5166,345.82413,0,0.47386435,,person
1196.717,78.216064,1240.6777,199.40932,0,0.46509853,,person
1165.7261,97.1061,1205.2842,223.06151,0,0.4536273,,person
985.12775,139.36594,1047.0543,278.4429,0,0.45205307,,person
572.5745,237.1956,624.69275,336.85184,0,0.4453638,,person
1380.4825,8.216354,1423.4865,174.83464,0,0.43391955,,person
1296.6573,1.1164856,1335.7343,98.696915,0,0.42997274,,person
918.056,39.836327,960.26184,163.27208,0,0.33758387,,person
334.91144,481.71808,390.18515,635.1015,0,0.32879817,,person
1888.7993,118.90849,1919.2545,229.69162,0,0.3154836,,person
571.2995,328.08823,643.8347,457.38797,0,0.27493453,,person
1262.6511,37.43923,1293.4458,115.40302,0,0.2572911,,person
1100.7189,775.2248,1197.6663,988.5983,0,0.8054602,,person
1776.4534,574.7697,1872.9086,761.1555,0,0.8033001,,person
1497.0736,411.88074,1571.8969,578.6285,0,0.77536434,,person
678.59827,504.80832,745.2757,676.5264,0,0.75280523,,person
1807.7388,193.05418,1874.5107,327.18597,0,0.7456261,,person
1510.0573,568.81683,1591.441,741.2557,0,0.7295695,,person
1300.5869,708.7,1383.2693,877.06586,0,0.7258855,,person
224.9563,529.56226,305.0067,701.7766,0,0.7230381,,person
1712.785,202.11241,1786.1869,351.1921,0,0.6883895,,person
703.28925,165.09315,753.4788,306.01044,0,0.66540146,,person
756.8903,351.762,815.71405,501.1388,0,0.6099048,,person
1096.298,80.094086,1139.3871,184.75087,0,0.60854715,,person
83.66604,834.94244,188.868,1013.3121,0,0.5990171,,person
1680.0135,33.28276,1738.7538,167.99794,0,0.5808023,,person
85.60645,122.45769,137.75429,241.31328,0,0.5732905,,person
1141.6406,412.5011,1212.4122,545.55084,0,0.5686333,,person
845.1654,52.49453,887.1363,182.93033,0,0.55873144,,person
921.87854,222.07297,981.1864,364.3517,0,0.5580283,,person
1593.1725,27.2463,1633.3817,132.02861,0,0.5420479,,person
269.85236,0.0,333.68567,105.35683,0,0.52716154,,person
794.0255,50.47959,834.80383,181.82791,0,0.52516925,,person
1625.5133,23.824963,1670.3247,129.99397,0,0.5162756,,person
391.7897,2.2469559,447.5424,85.21679,0,0.5098025,,person
1196.4128,76.529594,1240.8892,197.6325,0,0.46849504,,person
985.1893,140.52748,1047.7146,282.11554,0,0.44361725,,person
1164.6445,97.30768,1203.8531,225.602,0,0.4335204,,person
572.52606,237.5306,625.6835,338.7206,0,0.4101156,,person
1742.1017,116.085526,1800.3472,223.58363,0,0.4097725,,person
1381.1907,29.072525,1422.3337,174.46628,0,0.40285245,,person
1296.3997,0.71928406,1335.5522,98.476364,0,0.40124437,,person
1139.803,411.2168,1213.7146,544.89825,14,0.35336927,,bird
572.3883,327.2633,642.26465,456.6642,0,0.3149401,,person
335.1115,481.8849,388.8688,632.976,0,0.31176576,,person
1890.4512,120.66744,1919.228,230.62556,0,0.29865348,,person
918.3118,40.471962,960.258,162.6819,0,0.28997773,,person
1101.8756,769.22815,1196.5964,980.81274,0,0.79804814,,person
1777.4949,570.0377,1870.9797,758.16785,0,0.79702944,,person
679.62823,499.54294,744.647,673.23816,0,0.7791205,,person
1299.8444,709.6615,1378.9427,885.50134,0,0.77376145,,person
223.50183,531.2696,307.941,701.74646,0,0.7352679,,person
1497.8625,417.18677,1573.5203,580.31854,0,0.73167086,,person
1806.2468,195.76447,1876.2217,329.39822,0,0.7307554,,person
757.2959,349.26443,815.4685,498.39294,0,0.6590787,,person
1509.5798,572.8446,1591.5254,742.1375,0,0.6498099,,person
1713.873,197.4001,1787.428,356.95233,0,0.6310323,,person
1141.2225,410.79092,1212.4165,542.8652,14,0.61096674,,bird
1096.3815,80.57474,1140.1512,186.00073,0,0.5835936,,person
703.7333,164.20226,753.0209,306.18735,0,0.5745265,,person
85.66723,122.44124,137.98131,241.20071,0,0.5736047,,person
1680.553,34.332096,1740.2421,168.8817,0,0.5732638,,person
921.70917,224.71417,981.13495,366.19284,0,0.56174123,,person
1593.5468,28.649042,1635.026,132.05685,0,0.5532956,,person
393.70157,2.1265755,450.6525,83.08035,0,0.5493224,,person
793.789,50.26296,835.5896,181.48032,0,0.524748,,person
845.2943,52.319298,886.93835,182.74513,0,0.5191871,,person
269.2456,0.0,337.21436,104.9489,0,0.48915362,,person
85.56967,834.514,188.93504,1018.6485,0,0.4854649,,person
1627.0455,24.098122,1670.4064,129.736,0,0.47926193,,person
1165.1914,95.11645,1206.4879,224.37366,0,0.45231193,,person
573.27466,238.96532,625.4438,341.22943,0,0.41951513,,person
1381.201,21.11966,1422.6123,174.81305,0,0.41179526,,person
1196.1123,74.05314,1242.0308,197.35649,0,0.3875414,,person
1296.1525,0.39491272,1335.645,99.24822,0,0.37981555,,person
573.7643,326.26404,642.68536,455.91187,0,0.35863134,,person
985.1453,143.0761,1047.1847,288.33023,0,0.31091353,,person
919.59357,47.66542,961.73016,161.08151,0,0.30138612,,person
335.72748,482.00436,390.76633,633.3875,0,0.2793121,,person
1143.0166,408.0186,1214.7833,540.06946,14,0.80982375,,bird
1775.0533,563.35034,1865.2203,738.3812,0,0.7964007,,person
221.9887,536.49615,309.55585,713.1563,0,0.7796944,,person
1290.4443,707.4432,1370.167,894.33545,0,0.75856316,,person
679.9316,495.3023,744.5244,669.50507,0,0.74804527,,person
1101.6844,760.602,1194.1501,964.5463,0,0.72396284,,person
1511.3512,579.5795,1597.469,751.25616,0,0.6838727,,person
756.53906,345.3741,815.343,493.8191,0,0.67412186,,person
1499.2369,425.41205,1578.8838,583.2607,0,0.67038476,,person
1808.0717,201.64774,1877.1515,337.6723,0,0.6330712,,person
88.6981,837.5796,193.68839,1030.9543,0,0.62694573,,person
86.76738,123.080475,137.93831,241.45308,0,0.59754175,,person
921.67035,228.28633,980.9372,368.30246,0,0.5818685,,person
845.4335,53.139107,887.3441,182.9374,0,0.5602426,,person
793.57086,50.6288,836.0964,181.26228,0,0.5559252,,person
1096.9766,81.839424,1140.5912,188.78331,0,0.55314773,,person
1713.997,197.93605,1792.4609,356.4432,0,0.5493698,,person
704.74475,161.78471,752.62024,303.7514,0,0.5481772,,person
270.64743,0.2855072,342.3035,105.79532,0,0.5326498,,person
1594.1448,28.327286,1638.5786,132.32872,0,0.5295696,,person
1632.8906,23.997911,1671.0659,130.19958,0,0.49740753,,person
395.36884,1.4426851,457.69647,83.3649,0,0.48650798,,person
1378.8511,15.385254,1423.2644,175.68558,0,0.4499683,,person
574.59924,327.6151,642.95276,458.02652,0,0.4185854,,person
1295.153,0.421669,1335.5231,100.26488,0,0.3942419,,person
987.1016,145.23907,1048.7091,289.7108,0,0.3863069,,person
1165.339,91.44446,1204.7415,221.68657,0,0.37468353,,person
1682.4503,37.68494,1741.8666,158.55684,0,0.36391082,,person
1743.189,118.31388,1802.7524,236.22684,0,0.35315013,,person
335.54544,481.7871,391.98404,634.60767,0,0.33767077,,person
919.72595,45.309883,965.4225,160.28784,0,0.33668303,,person
573.0861,244.88397,628.43744,347.78973,0,0.29088786,,person
1775.1956,558.2732,1863.9142,732.4767,0,0.82179964,,person
1287.3246,709.66406,1366.5737,879.72144,0,0.81446993,,person
219.90692,541.597,309.76758,720.3577,0,0.81204003,,person
1510.7557,581.0253,1595.1176,767.11084,0,0.7630082,,person
1100.9824,756.6742,1194.1539,949.1715,0,0.72138405,,person
1500.1552,428.61722,1580.6748,599.1944,0,0.71736217,,person
91.04837,839.5098,198.6601,1034.5314,0,0.71709853,,person
679.94165,491.51495,745.2303,672.52295,0,0.7132178,,person
756.73816,341.60922,816.4025,492.24078,0,0.67694473,,person
1809.1195,204.81944,1878.5883,339.8599,0,0.6580389,,person
87.16826,122.73926,137.97574,241.28252,0,0.6157725,,person
845.9887,53.92401,887.2325,182.4946,0,0.609318,,person
1682.4606,36.86799,1742.803,169.14034,0,0.6082394,,person
921.32245,229.19128,980.67865,368.8698,0,0.58388674,,person
1374.3345,4.987335,1426.6023,176.55264,0,0.5798504,,person
1631.1149,24.969864,1671.605,129.87868,0,0.5750637,,person
794.0204,50.775482,835.9065,180.8818,0,0.5510439,,person
1594.4663,29.85521,1637.19,133.82057,0,0.54907167,,person
1096.5144,83.77707,1141.0544,192.67401,0,0.5401826,,person
1715.2614,183.60059,1794.683,355.4528,0,0.51561606,,person
705.8138,159.86517,754.21387,301.11118,0,0.49039438,,person
1146.0371,407.49637,1214.921,537.51825,14,0.4761278,,bird
1295.5082,0.99476624,1335.1907,101.26728,0,0.46591657,,person
985.41174,148.14568,1047.3582,292.8264,0,0.43283826,,person
396.15656,0.66078186,457.46045,84.12536,0,0.42500296,,person
280.69907,0.99742126,348.20282,105.64778,0,0.42282504,,person
1164.717,88.07922,1204.0385,219.82729,0,0.3979402,,person
335.29453,481.70465,391.92865,634.2585,0,0.38463128,,person
575.678,331.75992,640.5616,461.40527,0,0.3654673,,person
922.9877,45.11515,965.99786,160.12088,0,0.35043433,,person
573.3981,247.37549,627.5451,348.19247,0,0.34647,,person
1194.3689,69.56426,1240.6971,198.9712,0,0.33131477,,person
1743.7794,120.16402,1802.9276,240.2156,0,0.26068214,,person
219.85204,547.63806,308.96497,729.71234,0,0.8204876,,person
1775.5485,556.0111,1861.5604,729.24976,0,0.8113586,,person
1277.1284,712.793,1361.8451,901.06995,0,0.7908872,,person
680.2004,489.8466,746.1055,673.3523,0,0.7825641,,person
1511.3867,587.63654,1596.4894,776.1841,0,0.74574804,,person
1499.9304,432.3589,1583.6034,597.8575,0,0.690789,,person
757.95154,340.49353,814.83673,492.92673,0,0.68027794,,person
1100.4269,752.59796,1192.7183,937.3177,0,0.67815137,,person
846.38525,55.471687,887.2291,182.48323,0,0.6282666,,person
921.4259,230.27911,977.595,368.07193,0,0.6260887,,person
95.03171,840.17505,198.52759,1032.8075,0,0.6222816,,person
85.07714,122.54496,138.25804,241.35106,0,0.61837465,,person
1809.8219,204.33472,1882.2463,340.5351,0,0.6052535,,person
1682.8678,40.150566,1743.8071,169.44447,0,0.59863806,,person
1373.2444,3.916071,1425.7621,176.50104,0,0.5861759,,person
1630.2133,24.896118,1673.1647,132.09274,0,0.55619967,,person
705.0661,156.54343,755.1138,298.8491,0,0.5441704,,person
1594.8512,29.33043,1638.3014,134.26768,0,0.5422141,,person
794.48,50.72406,835.51227,180.13358,0,0.5198625,,person
1095.5383,86.23556,1141.8157,196.09355,0,0.5075441,,person
334.9476,482.58792,390.0991,632.2326,0,0.44641435,,person
1165.0159,86.18271,1205.2228,218.13965,0,0.4449426,,person
1146.871,405.64224,1216.67,538.429,14,0.4370956,,bird
1295.9365,1.2552681,1335.0786,101.8298,0,0.4295621,,person
296.06656,0.8881645,354.68143,103.31704,0,0.41145128,,person
397.36533,1.0405197,458.19608,83.6908,0,0.40411276,,person
576.3294,333.82333,641.83246,465.5312,0,0.4009424,,person
573.52277,249.8671,627.8191,350.1319,0,0.32674274,,person
986.80756,147.88751,1048.3451,292.84396,0,0.3016358,,person
1196.8193,72.07988,1241.1038,197.12198,0,0.29704553,,person
922.3521,47.88066,965.0816,162.89316,0,0.25424236,,person
1776.3673,551.82263,1858.7128,725.92786,0,0.8467275,,person
218.82838,552.80676,310.95374,735.74585,0,0.8232656,,person
1099.0947,745.0076,1191.779,926.93445,0,0.80145836,,person
1504.6675,434.7562,1585.8264,605.6798,0,0.7826768,,person
680.0579,488.25974,746.9013,673.0411,0,0.76441276,,person
1266.545,714.8694,1358.5287,904.5139,0,0.7609419,,person
1514.0092,592.50977,1596.7765,780.5539,0,0.7467472,,person
95.74619,841.1076,199.49762,1036.1693,0,0.67583084,,person
756.2507,339.33316,813.956,493.58853,0,0.66280544,,person
1683.6614,41.77199,1744.0536,170.0219,0,0.6585204,,person
847.071,56.376503,887.41956,182.34143,0,0.6329939,,person
1813.9121,203.97986,1886.1641,338.0128,0,0.60296166,,person
85.1052,122.51287,138.26071,241.37349,0,0.6027716,,person
1371.1271,2.210884,1425.5457,176.6325,0,0.5842285,,person
1632.1118,25.12365,1676.0231,134.04347,0,0.57533514,,person
921.27814,229.47954,977.4545,366.13022,0,0.5710455,,person
1094.9038,88.29522,1141.6516,200.22108,0,0.5550696,,person
1149.431,403.95258,1218.6746,540.5121,14,0.55392414,,bird
704.7957,156.49434,754.0219,293.56754,0,0.54968494,,person
1595.7349,28.839266,1642.0452,134.18977,0,0.5394535,,person
794.7818,50.628685,835.60315,179.96088,0,0.5348409,,person
1296.3425,0.9289398,1335.4044,102.12129,0,0.44739845,,person
300.9075,0.0,358.21274,102.48633,0,0.41490266,,person
335.0754,482.7604,390.05542,632.3385,0,0.41387546,,person
576.10736,334.07898,641.76953,470.67365,0,0.39677587,,person
573.9161,250.06444,627.4477,352.68698,0,0.39483297,,person
1165.583,83.81907,1204.8105,213.47818,0,0.38351133,,person
397.89175,0.8051491,457.20914,83.46486,0,0.3275748,,person
1719.8785,203.47385,1794.7094,354.3911,0,0.31509802,,person
1738.1854,125.47008,1802.0292,288.39386,0,0.29458377,,person
1195.9662,70.969025,1242.2506,198.74405,0,0.2903929,,person
1742.5455,123.77795,1803.4442,241.12346,0,0.2846414,,person
1893.2202,129.57521,1919.1223,227.08896,0,0.2693435,,person
1775.1987,550.44214,1857.9327,725.584,0,0.857149,,person
218.99379,556.83435,310.5463,738.4162,0,0.8306913,,person
1507.4854,436.67386,1589.0995,606.2795,0,0.7862677,,person
679.4434,486.0543,747.3611,671.095,0,0.7526842,,person
1098.114,743.09937,1191.0466,925.503,0,0.75040114,,person
1517.8375,599.5089,1604.0769,781.13763,0,0.72365844,,person
754.8952,337.63422,813.4494,494.0408,0,0.69346684,,person
1816.415,202.48004,1889.907,337.72083,0,0.6797484,,person
1263.3055,718.742,1354.1694,904.4436,0,0.6665689,,person
97.5878,842.675,199.04993,1031.8873,0,0.6414353,,person
920.783,231.78484,979.27313,369.32437,0,0.6366684,,person
847.4227,56.207108,887.6913,182.66171,0,0.6305932,,person
85.418755,122.53789,138.2984,241.14043,0,0.61700255,,person
1683.7871,43.438843,1745.2827,172.3511,0,0.6125154,,person
1632.4431,25.437464,1676.5107,133.7709,0,0.59410185,,person
1094.9526,91.440994,1142.6499,201.68651,0,0.55496055,,person
704.9489,150.89265,756.8743,291.96585,0,0.5548161,,person
794.7645,50.371513,835.77356,179.75203,0,0.5510976,,person
1595.4785,30.207893,1641.0784,134.4239,0,0.53759277,,person
1371.1044,4.303688,1424.4185,176.4126,0,0.49561214,,person
302.66357,1.1689339,362.44595,102.1529,0,0.4668438,,person
1739.4001,128.81123,1802.7583,295.20764,0,0.4166396,,person
575.7217,337.07254,642.01556,473.393,0,0.41001463,,person
335.3702,482.7973,390.36218,631.9089,0,0.4014241,,person
1296.3821,0.75224304,1335.6011,102.186066,0,0.39819014,,person
1277.8461,719.2904,1354.756,866.7497,0,0.36718422,,person
574.3214,251.61937,627.72394,354.31476,0,0.358713,,person
397.98322,1.0535431,457.23138,82.96207,0,0.35752854,,person
0.024950981,125.06937,32.603558,177.86458,0,0.32569036,,person
1150.3326,402.71622,1218.8177,539.6234,0,0.31683427,,person
1149.9661,403.5308,1219.0308,539.4779,14,0.30459705,,bird
930.53687,43.881878,970.01953,155.60559,0,0.2865501,,person
1162.6199,87.76053,1203.2499,206.17767,0,0.2824557,,person
1893.0712,130.59981,1919.1791,228.75203,0,0.27663097,,person
985.25867,152.65361,1046.3745,300.5244,0,0.257266,,person
218.58032,562.15326,312.09448,752.32324,0,0.805298,,person
1774.4868,544.6377,1853.4587,723.54236,0,0.79652005,,person
1096.5886,735.1754,1185.5323,924.4607,0,0.7750125,,person
1511.3082,442.18326,1591.2166,608.3325,0,0.7719699,,person
1258.0134,723.89197,1346.6041,905.2028,0,0.7231497,,person
1522.0643,606.2024,1606.4492,794.94,0,0.7030157,,person
1819.712,205.45209,1893.4882,339.63745,0,0.6931027,,person
678.2677,479.76675,744.54236,668.48413,0,0.6927452,,person
847.4241,54.90152,888.46094,184.052,0,0.68249404,,person
85.47442,122.770454,138.56529,241.33925,0,0.65007246,,person
920.5668,234.74396,978.80493,376.8804,0,0.62113273,,person
310.91437,1.0053749,367.0623,103.424286,0,0.60606086,,person
704.0326,148.22014,755.338,280.86868,0,0.601641,,person
753.14856,335.2629,809.84845,492.4716,0,0.5976911,,person
1092.9663,95.1649,1143.1951,203.46136,0,0.57835937,,person
1632.055,27.405006,1678.1324,138.2564,0,0.55751956,,person
796.2107,50.79758,836.0389,179.6429,0,0.5499959,,person
1685.4321,42.67653,1744.93,179.94856,0,0.54141974,,person
0.03090477,121.63511,32.66184,179.63234,0,0.5037033,,person
575.7646,340.31906,641.37946,483.59216,0,0.5002188,,person
1726.5872,185.36023,1801.9929,361.04004,0,0.48860723,,person
1375.2527,30.618439,1421.143,175.45825,0,0.46086335,,person
1153.6938,400.54276,1219.9674,526.1954,0,0.4506254,,person
1596.55,31.923157,1643.0479,135.00746,0,0.45047832,,person
100.442894,849.9102,206.10248,1038.9657,0,0.43917698,,person
335.3512,484.1217,395.20233,635.926,0,0.39234143,,person
1739.6323,130.19966,1803.4592,296.89847,0,0.3877743,,person
1736.9128,129.80461,1803.9521,363.37134,0,0.3816418,,person
1296.1095,0.45331192,1334.8828,101.15903,0,0.36636588,,person
1742.2509,130.92328,1803.7164,252.50267,0,0.30899945,,person
1621.2198,26.449522,1671.6083,135.05115,0,0.2990007,,person
574.706,254.97844,635.50745,354.96216,0,0.2742759,,person
930.74963,36.03454,971.1837,154.02225,0,0.2599578,,person
217.50212,566.91925,310.75842,756.9796,0,0.8160553,,person
1514.384,445.20987,1594.5253,607.0381,0,0.7936413,,person
1521.9812,609.74506,1609.7008,796.83105,0,0.78892374,,person
1769.7328,542.79834,1850.9858,723.1423,0,0.78482085,,person
1093.6342,733.5013,1181.7332,923.6036,0,0.772493,,person
678.90894,475.68823,742.63367,661.70624,0,0.75168097,,person
1256.4921,724.2821,1342.211,906.4446,0,0.73233324,,person
704.3814,145.93076,754.11395,278.90863,0,0.7016184,,person
1822.9937,206.56352,1896.742,339.71057,0,0.69538647,,person
84.80919,122.63214,138.19154,241.2978,0,0.68000394,,person
847.56775,55.716682,888.4369,183.95491,0,0.6554486,,person
920.27423,238.20927,979.8148,381.06757,0,0.6095916,,person
313.37723,0.0,368.28076,100.3431,0,0.60521287,,person
1632.4958,26.574663,1677.0747,139.23177,0,0.59226996,,person
754.20593,333.99805,810.4475,484.226,0,0.5770212,,person
576.2432,339.90674,641.2182,486.85574,0,0.5764109,,person
0.07193756,121.72545,33.651585,180.39131,0,0.53869796,,person
796.2039,50.886658,835.86017,179.55695,0,0.5371412,,person
1091.52,96.30576,1143.6348,206.65787,0,0.53694856,,person
1730.1508,158.44986,1804.7406,368.16156,0,0.5256948,,person
101.619095,851.6975,207.39601,1034.6309,0,0.4640219,,person
1686.988,46.100716,1745.3577,180.23393,0,0.4636976,,person
1153.8235,397.1965,1220.9489,514.60547,0,0.45236385,,person
1376.2141,38.927162,1420.7184,175.29153,0,0.44538045,,person
1599.5519,34.052868,1643.9341,135.58473,0,0.40562424,,person
334.83557,483.29956,395.29626,635.8045,0,0.39549235,,person
1739.5647,131.56467,1804.7847,295.38184,0,0.3788414,,person
101.61829,851.337,209.71877,1044.3121,14,0.36716202,,bird
1729.7318,210.49182,1800.379,366.40414,0,0.36221957,,person
574.84705,254.91092,634.878,359.63232,0,0.36196348,,person
1296.3572,0.24253464,1333.7773,99.59965,0,0.3554812,,person
984.66345,155.72894,1047.93,300.0708,0,0.35499048,,person
1742.0438,133.00107,1804.5872,249.485,0,0.30615264,,person
1162.1119,81.63796,1203.9592,202.98886,0,0.27822053,,person
1368.9783,2.033043,1420.4243,177.00792,0,0.27436396,,person
1609.0616,26.744751,1664.8704,136.00252,0,0.2668802,,person
423.08862,0.0,457.73273,75.383514,0,0.26325837,,person
1515.4739,447.19656,1597.7065,611.03796,0,0.8540882,,person
216.91577,571.67914,309.20377,758.9224,0,0.8190528,,person
1523.8057,609.9007,1611.815,796.91345,0,0.81420505,,person
1093.1306,731.44794,1179.0052,923.829,0,0.78765494,,person
1768.9702,539.69653,1848.2428,723.93414,0,0.7852216,,person
678.70184,471.5593,742.671,653.2815,0,0.74568254,,person
1255.5875,726.549,1335.9943,906.2436,0,0.71986496,,person
1826.6598,208.50453,1896.0656,344.48697,0,0.696127,,person
704.06714,145.3791,753.0405,277.25412,0,0.68247813,,person
920.4476,239.26863,979.762,384.63867,0,0.6754978,,person
84.91333,122.93285,138.15578,241.20186,0,0.672053,,person
847.36456,55.416435,888.1828,184.77458,0,0.6393947,,person
1633.1638,27.023438,1677.1714,140.448,0,0.59657735,,person
576.0478,342.9138,641.19727,489.46152,0,0.5743422,,person
1730.4803,213.03836,1804.4564,375.3879,0,0.55408174,,person
0.11380005,117.24376,29.149641,180.08249,0,0.55073833,,person
755.0151,331.98276,809.7259,478.63916,0,0.5487635,,person
1091.6626,96.27853,1143.6233,207.8407,0,0.5483197,,person
796.42126,51.503975,836.2273,179.62694,0,0.5482736,,person
1154.2692,395.56558,1219.93,516.8084,0,0.5259296,,person
1687.7479,47.49781,1745.9557,167.96754,0,0.49018773,,person
318.80478,0.15866089,369.17087,101.427704,0,0.4835471,,person
574.7699,256.9458,634.5326,361.72012,0,0.4654968,,person
1376.3809,42.469414,1420.1632,174.85052,0,0.4506864,,person
317.13376,0.20694351,368.4151,63.40638,0,0.4324838,,person
103.945335,852.71674,211.47086,1047.1765,14,0.43245205,,bird
103.706245,853.05725,210.33176,1039.5557,0,0.4280871,,person
1599.4043,34.421314,1643.4653,135.34451,0,0.41714886,,person
1296.0906,0.0,1333.0925,99.00479,0,0.38704038,,person
334.83133,483.23172,394.67004,634.66815,0,0.38667735,,person
985.191,154.65321,1047.5891,301.13297,0,0.38097548,,person
1164.0159,81.8638,1204.7675,202.63335,0,0.36866397,,person
1740.7401,136.18423,1805.4203,248.3535,0,0.34553316,,person
426.96295,0.0,456.232,73.55738,0,0.3255461,,person
1196.1023,62.15824,1239.9297,194.74782,0,0.31846473,,person
1370.8071,6.526245,1421.3289,175.07227,0,0.29484847,,person
264.04782,0.0,292.12668,37.97874,0,0.27634612,,person
1608.8331,27.42302,1663.392,136.35966,0,0.2524552,,person
1363.2937,1.4050713,1415.8307,105.869965,0,0.25162727,,person
216.34254,574.7035,305.79074,759.3324,0,0.8745249,,person
1519.1128,453.6483,1598.9718,619.60406,0,0.82629657,,person
1767.0516,538.04974,1845.5453,723.53705,0,0.79095817,,person
1527.6519,615.15784,1614.7119,797.95844,0,0.78549254,,person
1091.1105,729.0242,1177.176,924.009,0,0.77449334,,person
678.21185,468.24957,742.0776,644.408,0,0.7617686,,person
1257.0049,727.7659,1332.2523,906.42706,0,0.7033664,,person
84.62631,122.73636,138.14328,241.25139,0,0.6806816,,person
919.7987,240.30963,980.61444,387.13727,0,0.67910486,,person
1831.0203,210.37985,1897.4385,348.55856,0,0.6776641,,person
704.4748,145.38039,752.20166,275.7084,0,0.64548117,,person
846.9366,56.499596,888.4444,184.36674,0,0.62447596,,person
1635.4929,27.909908,1678.8018,141.18892,0,0.587316,,person
1730.3386,217.61362,1804.1997,377.8734,0,0.57685137,,person
754.297,328.66226,809.3491,470.20114,0,0.56114024,,person
1095.4991,94.67031,1145.5686,208.92398,0,0.5544262,,person
0.10909653,104.57478,32.969746,179.83586,0,0.5526163,,person
796.76935,52.09044,836.66437,179.58524,0,0.54997534,,person
575.2356,258.57166,632.06,366.74652,0,0.50645506,,person
575.9297,346.19266,640.61865,493.6258,0,0.5043955,,person
321.7582,0.0,370.56546,97.669266,0,0.48226234,,person
1688.0673,48.472664,1745.1661,182.9558,0,0.46165198,,person
1378.1915,44.624546,1420.8093,175.04411,0,0.45266262,,person
105.37683,855.9926,212.91005,1049.3687,14,0.4502705,,bird
1740.5029,138.63913,1806.7413,251.10814,0,0.41441756,,person
1163.9213,81.89424,1204.9655,202.45657,0,0.4058069,,person
334.74115,483.1299,394.9293,635.5311,0,0.40498534,,person
319.8083,0.06584644,367.12668,62.98121,0,0.398525,,person
1156.455,391.16794,1222.5879,517.3871,0,0.38716504,,person
1600.2299,35.597763,1643.8584,136.01099,0,0.36968213,,person
1296.2052,0.0,1332.5505,97.937096,0,0.3613195,,person
1196.6342,61.903038,1239.7312,191.79272,0,0.3595928,,person
427.9411,0.0,456.27136,72.8053,0,0.33522293,,person
985.6908,156.30904,1048.4126,300.0066,0,0.30793417,,person
263.24692,0.3174734,292.12473,36.876537,0,0.26589695,,person
105.621414,855.19836,212.5676,1049.1969,0,0.26087224,,person
215.74045,575.8081,304.24164,759.61414,0,0.8297504,,person
1158.4575,388.35498,1222.209,523.94275,14,0.82718116,,bird
1518.1018,457.1511,1600.7223,631.4409,0,0.82223296,,person
1089.999,724.40094,1176.6772,924.0218,0,0.7843609,,person
1766.5386,535.14575,1845.3695,722.7549,0,0.76903504,,person
679.0165,464.10205,740.2792,636.7925,0,0.7569632,,person
1254.5219,728.41846,1330.4081,905.3562,0,0.7175747,,person
1532.7433,618.0134,1622.8685,797.7527,0,0.71295726,,person
920.46826,244.05771,981.1917,389.31894,0,0.7026134,,person
84.397705,122.81706,138.02545,241.17471,0,0.6712167,,person
846.9674,58.130356,888.7964,185.4987,0,0.63635874,,person
1832.2002,212.37955,1897.6509,353.095,0,0.61796546,,person
752.2786,323.64313,809.4808,468.78662,0,0.60147065,,person
704.4928,143.91345,751.9142,276.2629,0,0.59300536,,person
1733.2284,223.08746,1805.7484,380.65704,0,0.58471835,,person
1637.71,27.810276,1678.6062,141.40396,0,0.58120495,,person
796.79315,52.347267,837.0196,179.75864,0,0.5644832,,person
323.1507,0.0,369.90768,94.1356,0,0.5520365,,person
574.28125,258.32568,631.9095,366.1311,0,0.5377207,,person
1092.9597,97.50073,1144.1675,208.98831,0,0.5252147,,person
575.82166,345.95883,638.4787,493.97726,0,0.500576,,person
108.056786,855.9639,212.63536,1048.0839,0,0.45206895,,person
1158.6604,387.59952,1221.5677,484.2403,14,0.44531313,,bird
1741.3909,139.33301,1808.2837,251.55917,0,0.4443098,,person
1687.7834,50.75519,1745.5203,188.0977,0,0.44155964,,person
1378.2184,44.996178,1420.9252,176.55602,0,0.4376095,,person
1599.9673,34.936386,1644.8527,137.8358,0,0.43132958,,person
0.12949276,95.37685,30.5758,180.94812,0,0.4229725,,person
335.3534,484.95413,395.7749,636.5498,0,0.40679455,,person
1296.2461,0.0,1332.0631,97.641975,0,0.37590483,,person
1163.6338,82.00376,1205.7844,200.7113,0,0.33496204,,person
427.05643,0.0,456.1334,69.40799,0,0.31709623,,person
985.8417,158.76173,1047.6405,300.51447,0,0.28320327,,person
107.32045,856.6243,212.73166,1049.0923,14,0.2829698,,bird
1688.3456,50.57944,1746.7262,146.72809,0,0.2704197,,person
1194.8016,59.27795,1240.8779,189.85997,0,0.26879558,,person
1089.1323,719.81573,1171.3214,922.36597,0,0.77127165,,person
1762.9938,528.8771,1843.3536,717.07745,0,0.7657344,,person
1521.4403,464.10782,1599.8424,642.59973,0,0.76503885,,person
1244.7755,730.9966,1324.5217,906.1604,0,0.7632311,,person
215.17447,579.4247,298.0873,758.6331,0,0.7561818,,person
679.38904,456.8936,743.77515,624.9181,0,0.7455665,,person
1531.0845,621.4842,1624.9725,795.48566,0,0.7371158,,person
921.3644,250.73135,981.95435,397.29605,0,0.69336516,,person
84.584755,122.64118,138.32852,241.37944,0,0.68843025,,person
751.9609,317.30713,809.14435,466.32578,0,0.6453866,,person
108.82633,860.2189,214.70285,1047.0693,14,0.62890154,,bird
1734.8734,226.68787,1807.9688,386.84128,0,0.62032133,,person
1097.4028,99.013435,1140.9148,207.34,0,0.59585005,,person
847.72705,57.103752,891.1789,184.17119,0,0.5794489,,person
797.9742,52.648457,837.373,179.63649,0,0.5683281,,person
1832.217,221.10558,1898.9802,360.7122,0,0.5531475,,person
704.68066,140.3083,751.8378,276.22046,0,0.5426767,,person
327.79596,0.0,371.1309,87.64636,0,0.53301305,,person
1159.3304,384.42215,1222.7422,511.03537,14,0.5211373,,bird
1685.5536,53.711838,1745.5697,192.44394,0,0.51468027,,person
1058.283,1007.4668,1133.6049,1080.0,0,0.4963989,,person
0.10889912,69.19107,33.152985,179.83809,0,0.47861415,,person
574.9648,261.90738,632.4934,367.6659,0,0.4772977,,person
1380.1091,43.583546,1420.3351,176.38701,0,0.4671237,,person
986.44104,162.59541,1049.1486,303.8217,0,0.46370602,,person
1739.5997,142.74599,1807.4447,268.36002,0,0.45051813,,person
1295.6354,0.13277435,1331.5563,98.847176,0,0.44305146,,person
1642.2561,28.895748,1680.405,143.57683,0,0.4398724,,person
1163.6288,80.742966,1207.1324,202.73254,0,0.41632998,,person
574.8902,351.44678,638.8338,495.64178,0,0.4151135,,person
335.33463,484.9328,395.6133,636.2515,0,0.40896174,,person
1608.0953,39.480835,1646.6504,138.20766,0,0.31466526,,person
1159.073,383.91962,1222.6478,512.8797,0,0.3116864,,person
1194.7434,55.542755,1236.6464,182.513,0,0.29948226,,person
1357.1075,0.8818588,1400.3607,107.15932,0,0.27484924,,person
937.05066,36.08606,976.4791,153.39166,0,0.2636326,,person
430.36862,0.0,458.40134,67.37149,0,0.25412458,,person
1525.662,470.7864,1601.1725,648.5525,0,0.80891615,,person
211.18991,580.59033,293.7367,760.3647,0,0.80404717,,person
1763.0984,525.91705,1843.1697,713.08344,0,0.8030242,,person
1088.7917,713.5926,1169.1947,921.1875,0,0.76585114,,person
1240.6523,730.7447,1320.1816,904.69836,0,0.753714,,person
678.43555,454.32672,744.219,623.6724,0,0.7314703,,person
1536.6859,625.1313,1629.7548,794.0307,0,0.71015596,,person
84.35735,122.724594,138.19958,241.39334,0,0.69960463,,person
922.32776,252.40938,982.2569,398.7517,0,0.6778056,,person
750.73425,316.26883,809.2176,462.82205,0,0.6660467,,person
1159.681,383.22327,1222.2793,505.91272,14,0.6638878,,bird
1098.029,99.87213,1141.7177,207.28885,0,0.636039,,person
1737.0729,227.61264,1809.6826,390.88275,0,0.6351425,,person
329.61853,0.0,373.57593,89.29961,0,0.55674875,,person
703.3826,139.44453,751.899,277.49332,0,0.55426323,,person
1832.1676,222.0607,1903.6124,364.1002,0,0.5481351,,person
798.4067,53.13767,837.0811,179.3893,0,0.5360067,,person
848.5765,57.864605,891.30853,185.78853,0,0.5296296,,person
1057.3674,1003.88306,1132.2689,1079.9872,0,0.5257229,,person
1162.029,79.971016,1203.3545,203.26025,0,0.4997354,,person
0.053907394,67.87985,36.128723,179.7534,0,0.49968418,,person
1685.2866,54.925964,1745.8726,192.01141,0,0.48923343,,person
1380.3876,44.385216,1420.2401,176.39941,0,0.47707042,,person
574.9866,263.297,633.2062,370.9088,0,0.4743849,,person
1642.3356,29.745255,1680.7767,142.95227,0,0.47112253,,person
1294.7863,0.107997894,1331.6027,98.60429,0,0.4564981,,person
335.34558,485.32635,396.86823,636.83704,0,0.4350166,,person
1738.0005,143.57607,1807.9167,277.20657,0,0.43165362,,person
576.0304,359.595,640.50183,495.94257,0,0.4061751,,person
985.2442,167.1692,1050.2312,311.03763,0,0.38685346,,person
1612.9329,33.619675,1651.5754,141.0379,0,0.36896545,,person
1194.021,51.229362,1237.8092,178.65886,0,0.34970924,,person
108.96316,863.4201,213.01048,1044.9991,0,0.33152416,,person
1356.1787,0.9654007,1401.1858,107.63327,0,0.32034788,,person
1761.1816,522.4409,1841.2756,709.25354,0,0.8224004,,person
1527.278,477.7297,1602.2882,653.3705,0,0.8176743,,person
1538.9813,629.8428,1634.588,798.83887,0,0.765767,,person
209.56728,585.7015,291.22992,758.31793,0,0.7610432,,person
1084.6129,711.0872,1167.7395,912.4373,0,0.75424236,,person
677.37256,451.26758,742.77795,620.67554,0,0.70432794,,person
84.26515,123.00477,138.1064,241.31406,0,0.68789655,,person
923.18463,253.49149,983.2936,399.88193,0,0.6766267,,person
1234.7076,730.518,1317.7416,899.4753,0,0.6625592,,person
749.2292,314.56842,808.5775,461.16,0,0.6546119,,person
1098.5443,102.40169,1142.2571,209.1792,0,0.62167054,,person
1060.4513,999.42664,1131.378,1080.0,0,0.5753125,,person
1735.2635,230.57304,1811.4471,388.538,0,0.56486434,,person
331.54462,0.0,377.8074,86.31635,0,0.55393785,,person
798.6462,53.225075,836.9379,179.28366,0,0.504769,,person
849.0304,57.9134,892.0406,185.51353,0,0.50286645,,person
1830.6412,222.37326,1902.8232,368.50287,0,0.49229175,,person
1685.6777,57.938385,1745.6191,190.59834,0,0.49177268,,person
703.67615,137.34131,752.38934,274.99414,0,0.48789516,,person
1379.7522,43.70128,1420.2997,176.44823,0,0.48747942,,person
1159.8885,380.34265,1221.5475,508.32697,0,0.4646711,,person
1642.6326,31.745813,1680.4753,143.70905,0,0.4645329,,person
1162.4539,83.919205,1204.1719,203.65683,0,0.45265618,,person
575.70404,264.37924,633.8919,370.3485,0,0.44170254,,person
0.04748726,68.63509,42.961765,179.07263,0,0.43530822,,person
335.33386,485.29724,396.8046,637.1776,0,0.4304745,,person
1613.9066,34.039825,1651.741,142.50304,0,0.41161337,,person
1740.245,143.7041,1808.3163,280.9973,0,0.40790662,,person
1293.3639,0.0,1331.1577,98.477394,0,0.3940861,,person
987.28656,167.27838,1049.7994,312.97772,0,0.36804065,,person
107.66121,864.6154,212.64793,1045.1844,0,0.3511141,,person
576.48303,357.22028,641.61786,495.80594,0,0.33525783,,person
1356.2612,0.3479576,1399.6777,107.752975,0,0.29381472,,person
417.66122,0.81049633,460.7487,67.851585,0,0.2550624,,person
209.20345,586.8761,288.54706,766.5181,0,0.8126997,,person
1526.8457,479.70868,1602.7701,657.7145,0,0.8090264,,person
1758.7336,519.8663,1839.3667,697.58484,0,0.7951613,,person
1535.9845,631.34424,1630.3213,812.90265,0,0.7641513,,person
1227.7509,732.80054,1314.701,905.39355,0,0.7319521,,person
676.5054,448.26846,744.75446,619.69855,0,0.7214801,,person
922.86694,253.91739,984.74817,401.33807,0,0.695738,,person
1083.7928,705.5872,1167.7599,899.9158,0,0.68887156,,person
84.54918,123.410866,137.73857,241.44728,0,0.66190445,,person
748.5663,313.5416,808.0803,458.30414,0,0.63360137,,person
1098.8417,102.59267,1142.4933,213.5229,0,0.6150945,,person
1058.9517,994.30725,1131.0719,1080.0,0,0.59072477,,person
1159.7202,379.14627,1221.5253,506.14896,0,0.55577075,,person
700.2424,132.54117,752.3118,273.99783,0,0.5270862,,person
798.86664,53.211426,836.9423,179.33351,0,0.51536375,,person
1162.0844,81.907425,1203.6383,200.46753,0,0.5063433,,person
1685.253,60.342842,1745.6163,191.4685,0,0.5059669,,person
848.50653,57.74652,892.0439,186.11208,0,0.5005242,,person
1646.7482,32.36821,1682.6262,141.56018,0,0.4998302,,person
1379.1947,43.243702,1420.4092,176.3264,0,0.49817124,,person
332.87677,0.0,385.23138,85.49037,0,0.49369135,,person
1738.4415,232.35342,1811.6702,389.9849,0,0.4765337,,person
1831.3473,225.68321,1902.8514,368.8927,0,0.44706282,,person
987.05914,170.18033,1049.6859,316.3407,0,0.433444,,person
335.49283,485.29047,396.80963,637.39014,0,0.413496,,person
1293.8168,0.0,1331.087,98.02426,0,0.41002813,,person
575.5589,266.92072,634.60034,371.12732,0,0.40918833,,person
1741.151,146.29846,1808.3372,283.58005,0,0.40815693,,person
0.07119942,72.25813,53.326424,178.98872,0,0.39988613,,person
1614.4886,33.94622,1651.8766,142.74431,0,0.39323336,,person
108.52494,865.7425,213.15533,1046.0248,0,0.36080253,,person
576.7041,357.0233,643.10986,490.16586,0,0.33443227,,person
1356.2535,0.1643486,1399.9066,108.043785,0,0.3105622,,person
1193.3665,48.863937,1236.6053,175.45035,0,0.30396053,,person
422.2277,0.65515137,463.22592,69.05196,0,0.2727526,,person
209.2939,594.6266,288.44113,778.04047,0,0.82341415,,person
1541.8704,633.2965,1635.7368,826.36346,0,0.7712854,,person
1755.0121,516.3516,1837.2993,690.1628,0,0.7664832,,person
1081.1533,698.16614,1166.9983,888.8249,0,0.73375475,,person
676.1768,445.7773,744.38947,611.552,0,0.6962411,,person
1527.4951,481.05496,1603.5366,658.83,0,0.679682,,person
84.55899,122.67382,138.16435,241.62444,0,0.6742211,,person
922.72595,255.62865,985.69116,400.3421,0,0.67351794,,person
1225.1952,734.41797,1310.9138,905.28284,0,0.6477501,,person
1099.3687,105.44612,1141.9667,216.33792,0,0.6348686,,person
748.31036,312.3827,807.55084,457.3092,0,0.5982399,,person
1158.8398,378.16992,1221.2711,506.39868,0,0.59070337,,person
1062.1455,990.3234,1128.4552,1080.0,0,0.5830636,,person
1160.453,78.2685,1203.6846,199.40172,0,0.53616005,,person
1377.3086,41.745956,1420.3907,176.61897,0,0.53407043,,person
1684.9216,60.826035,1745.9133,191.46512,0,0.49531364,,person
798.90216,53.415527,836.39996,179.1605,0,0.49201778,,person
334.23837,0.0,394.7962,84.58564,0,0.49068278,,person
851.1975,57.86373,893.2008,185.75491,0,0.47644523,,person
1832.9976,229.72339,1901.6577,372.34048,0,0.4607096,,person
699.2655,130.24928,751.738,270.969,0,0.4530005,,person
1741.0955,147.31288,1808.7991,289.42047,0,0.45286086,,person
1191.4384,48.423363,1237.5271,178.04427,0,0.43599272,,person
1647.9034,31.813356,1684.344,143.39293,0,0.43494183,,person
1613.5829,34.810936,1653.1644,143.54713,0,0.4221858,,person
0.107551575,77.320885,58.63638,180.67416,0,0.40430915,,person
335.45703,485.2104,397.20255,637.3498,0,0.4028204,,person
1739.1727,233.73006,1812.3336,389.46307,0,0.40156624,,person
987.95013,171.83542,1049.3596,317.25128,0,0.38779086,,person
431.2587,0.43658066,466.05972,68.47566,0,0.38350692,,person
1293.9543,0.0,1330.7834,98.20221,0,0.3727173,,person
576.3761,364.7113,642.2911,494.2262,0,0.33596852,,person
109.969574,865.8543,214.63531,1047.2169,0,0.3338432,,person
575.2582,270.12766,636.49493,371.17053,0,0.32999158,,person
937.89606,37.906265,977.421,152.89989,0,0.3271618,,person
0.008274078,76.59707,40.57272,179.57672,0,0.2718716,,person
1751.7916,231.66069,1810.8885,352.08054,0,0.2559176,,person
208.46535,600.25385,287.788,795.846,0,0.7885049,,person
1544.2317,646.0057,1638.5486,843.7396,0,0.76937747,,person
1750.3458,511.3212,1831.4,679.6848,0,0.76522595,,person
1077.535,690.0081,1163.6888,866.20483,0,0.7356701,,person
1189.6366,738.15125,1303.5642,905.31573,0,0.71554434,,person
1529.5594,490.26984,1605.4918,656.489,0,0.6956089,,person
676.69244,443.44797,746.30347,607.9,0,0.6876525,,person
923.63403,255.19528,986.73016,403.50403,0,0.674761,,person
84.79154,123.036575,138.61209,240.83258,0,0.6467133,,person
1060.8517,978.71136,1127.4666,1080.0,0,0.6449326,,person
1373.8304,41.753544,1420.6573,176.19063,0,0.59409386,,person
1100.1138,111.54822,1142.864,219.94899,0,0.59294903,,person
113.29214,867.66174,221.14375,1045.3887,0,0.5287494,,person
748.0311,305.60382,805.2305,459.27383,0,0.5243869,,person
6.100771,77.143135,69.59082,179.30136,0,0.51701736,,person
1837.3708,232.56464,1902.3477,371.32446,0,0.5114738,,person
337.70892,0.014122009,405.21185,83.86244,0,0.5065692,,person
1686.0135,63.40448,1745.5682,190.88568,0,0.4773958,,person
1157.3995,373.63806,1222.4353,507.73224,14,0.4763012,,bird
1613.9313,34.979958,1656.537,143.88377,0,0.4710837,,person
799.68677,53.671898,836.59,179.07193,0,0.46373263,,person
1651.1968,34.22232,1686.9705,143.82143,0,0.46315235,,person
1744.3727,235.61174,1813.41,387.78665,0,0.45792446,,person
853.231,59.65098,896.0612,186.0717,0,0.45785317,,person
939.8324,34.971542,977.8176,144.46925,0,0.45548078,,person
575.5995,362.2911,646.2695,499.70755,0,0.45070317,,person
1158.7285,73.37988,1201.4664,194.38368,0,0.43928152,,person
1191.5828,46.78679,1235.2036,174.45021,0,0.43662286,,person
703.4848,128.44916,752.6402,263.6394,0,0.4345094,,person
335.43872,484.80533,397.09854,637.139,0,0.4183253,,person
1292.2793,0.0,1329.5881,96.318794,0,0.40000454,,person
429.11023,0.8941269,470.66107,68.465996,0,0.36401585,,person
1357.7645,0.026790619,1396.7502,100.649666,0,0.2878407,,person
1157.1398,375.57422,1223.7825,509.28516,0,0.28418335,,person
1689.836,127.97413,1735.6791,190.30505,0,0.27904803,,person
1744.9764,151.04338,1810.5707,275.051,0,0.27711836,,person
576.46967,274.82162,632.08545,375.17166,0,0.2650055,,person
206.15314,606.85,288.40704,801.3541,0,0.771685,,person
1751.1716,507.14127,1831.2041,675.358,0,0.7709053,,person
1545.6841,650.7642,1637.4529,846.6984,0,0.76228523,,person
1186.5159,737.9403,1299.0481,906.35706,0,0.7267474,,person
923.42065,257.66577,988.08234,402.1657,0,0.71622944,,person
676.014,440.37207,745.75354,605.4455,0,0.70083463,,person
1073.0555,687.0107,1162.058,863.4612,0,0.6988441,,person
84.43318,122.390335,138.50172,240.96524,0,0.6654046,,person
1533.3408,492.40237,1609.4718,655.954,0,0.61879337,,person
1372.5417,41.809803,1420.774,176.09106,0,0.60352427,,person
1061.1748,972.55853,1127.8495,1080.0,0,0.59082454,,person
117.65481,869.4741,227.64308,1040.5001,0,0.5894276,,person
1102.7944,113.75677,1144.8278,222.97125,0,0.5677498,,person
1652.7595,34.58906,1690.6049,144.20097,0,0.5675413,,person
575.4114,364.87756,647.23975,505.7103,0,0.5579257,,person
1157.4814,373.08417,1222.4321,509.14948,14,0.5521767,,bird
8.179247,73.34141,68.962906,178.6604,0,0.5364554,,person
1613.9473,36.329773,1657.2026,145.07494,0,0.5229345,,person
340.20877,1.1366959,406.4979,84.37679,0,0.52156115,,person
1687.3129,62.9095,1745.2511,190.91656,0,0.5196023,,person
749.805,305.7238,804.25397,458.30786,0,0.5022876,,person
1190.9819,46.5915,1234.4451,175.53758,0,0.49688798,,person
853.5075,58.991516,896.41095,185.6338,0,0.48571932,,person
799.9071,50.73191,838.64545,178.83714,0,0.47770306,,person
702.34845,126.53801,752.38446,257.52676,0,0.4769679,,person
939.3065,34.216072,977.7173,141.34027,0,0.47665927,,person
1840.2327,238.40433,1898.8462,371.57446,0,0.46557647,,person
1158.7161,70.12221,1203.251,189.75604,0,0.46274304,,person
1742.9777,240.26001,1814.6407,386.6412,0,0.4142146,,person
1741.7325,154.8405,1810.1166,295.50876,0,0.40357277,,person
335.5146,484.8795,397.1006,636.34827,0,0.40084836,,person
431.2825,0.41537762,471.20755,67.72041,0,0.37559265,,person
1292.2123,0.0,1329.1329,96.51986,0,0.35040408,,person
1533.6278,491.29477,1609.2892,659.38336,16,0.3019939,,dog
575.90454,275.4975,632.65356,377.13354,0,0.2983994,,person
989.21484,177.20457,1049.8645,321.0709,0,0.28765967,,person
1356.874,0.0,1397.1698,100.44301,0,0.26991096,,person
1690.5708,149.89856,1737.5352,190.47551,0,0.26436475,,person
204.87086,609.735,287.6204,804.27356,0,0.7885602,,person
1746.6859,504.0177,1830.4823,675.4663,0,0.74641186,,person
1183.7604,738.44403,1295.1965,907.3577,0,0.7435333,,person
922.8886,259.3026,986.76587,402.49377,0,0.7174704,,person
1157.1829,372.85556,1222.7793,507.827,14,0.71395487,,bird
1074.2775,683.881,1161.15,860.60266,0,0.7098101,,person
1059.3779,966.7826,1128.6713,1080.0,0,0.7070031,,person
84.195366,121.953094,137.55157,240.52464,0,0.70697504,,person
678.60614,438.0478,745.3447,601.7935,0,0.70287675,,person
1534.7318,495.3675,1610.9121,658.5996,16,0.6985975,,dog
1546.9208,656.2227,1639.5476,846.5865,0,0.68006,,person
117.64616,871.7408,234.2889,1045.2229,0,0.6507867,,person
1373.4097,42.770393,1420.3578,176.1183,0,0.62986594,,person
701.44525,124.118546,752.2711,255.19254,0,0.6003173,,person
10.899015,73.43019,67.56997,178.43152,0,0.585897,,person
575.2872,363.12643,647.04803,506.53006,0,0.58278745,,person
1839.838,232.82364,1903.8063,371.7419,0,0.5676063,,person
342.82364,1.3095818,411.56033,82.836365,0,0.55341506,,person
751.2607,304.49594,805.70966,457.2118,0,0.54409146,,person
1613.4534,37.452324,1657.9019,145.2259,0,0.5247271,,person
1740.9866,239.9956,1816.5667,387.68335,0,0.51975316,,person
1654.3081,35.452606,1690.5168,143.52188,0,0.5063744,,person
799.5886,50.637955,838.4775,178.4551,0,0.49710777,,person
1687.4004,64.391235,1744.8347,190.58157,0,0.49500558,,person
1103.1718,116.525185,1144.629,225.7253,0,0.48289123,,person
854.5478,59.62512,897.1328,184.15257,0,0.48048583,,person
438.0498,0.80241394,473.20404,66.588455,0,0.47181085,,person
1745.4335,155.55264,1811.7396,285.16333,0,0.46701816,,person
1190.3715,47.00773,1233.5463,176.84573,0,0.46345177,,person
335.72296,484.4079,397.369,635.62115,0,0.4195018,,person
940.0391,34.943027,978.9183,140.74745,0,0.40801004,,person
1157.8639,71.967224,1197.2451,186.20828,0,0.3728161,,person
575.66223,277.12994,631.8216,380.78403,0,0.35489622,,person
1690.2385,133.40414,1736.4595,190.29332,0,0.3318723,,person
1884.227,133.48354,1919.4331,256.75586,0,0.29865193,,person
337.06885,482.9643,383.58875,622.13416,0,0.2739209,,person
1291.7864,0.0,1327.8274,97.23077,0,0.26955816,,person
251.1145,1.9230881,294.08926,51.100708,0,0.26895744,,person
204.75867,612.58325,287.52078,810.1066,0,0.78508633,,person
1548.4175,659.584,1642.0225,855.1496,0,0.7811635,,person
1182.7633,738.7022,1293.6285,906.4195,0,0.75023335,,person
922.59503,258.88376,984.31,403.90964,0,0.733927,,person
1057.9772,959.874,1126.8035,1080.0,0,0.722392,,person
1736.8583,503.92108,1826.7242,676.106,0,0.7201521,,person
84.27079,121.52521,137.68906,240.52318,0,0.7043599,,person
681.2593,435.09302,745.6507,604.3962,0,0.7031508,,person
120.16491,872.03125,240.1518,1049.0336,0,0.6869547,,person
1375.3251,43.54136,1420.0173,176.1363,0,0.6788569,,person
1070.215,677.4224,1159.7008,859.0038,0,0.6582901,,person
704.06805,122.29558,752.2398,253.02219,0,0.65335137,,person
751.6452,302.20703,806.3269,456.80008,0,0.59144956,,person
1534.5851,501.04248,1612.4353,659.5761,16,0.5804471,,dog
575.58014,364.37082,649.56226,506.56924,0,0.5709497,,person
14.339785,73.92938,72.61919,177.82051,0,0.55939245,,person
1655.3485,35.21139,1691.9865,143.71996,0,0.5587941,,person
344.5659,1.6616449,413.53925,82.97125,0,0.55563223,,person
1613.1086,39.005756,1659.5647,145.96448,0,0.54636383,,person
1688.1412,64.06851,1746.0626,191.98796,0,0.5287658,,person
1750.8226,242.39273,1816.6527,390.44952,0,0.50897413,,person
799.52527,52.579376,836.64514,179.18811,0,0.49270788,,person
1103.2875,117.859955,1145.3713,226.45198,0,0.48943338,,person
855.5861,59.197906,897.70074,183.56975,0,0.48299107,,person
335.77423,482.77945,395.7213,635.3799,0,0.47343022,,person
438.05484,1.1461258,471.8671,67.08449,0,0.45527592,,person
1742.5232,156.91603,1809.5376,298.59415,0,0.4551575,,person
1843.3198,249.39052,1896.4867,370.83667,0,0.44077307,,person
1190.3108,43.586105,1234.4172,176.78229,0,0.4327572,,person
942.37115,25.330816,978.9549,134.01114,0,0.3667992,,person
1158.4037,68.373825,1201.803,185.34618,0,0.34588525,,person
1157.3301,371.89984,1222.9276,506.58984,14,0.34246665,,bird
13.708071,74.42855,51.856556,174.97124,0,0.3331975,,person
337.00555,481.9638,381.50198,622.20874,0,0.32880428,,person
1354.206,0.16635132,1396.2401,103.04485,0,0.3279251,,person
575.83887,277.64127,631.8036,379.8643,0,0.31131586,,person
387.6453,523.6109,465.79846,660.5828,0,0.31100744,,person
1291.3818,0.0,1328.0414,99.0206,0,0.30332336,,person
1883.4342,131.22107,1919.4159,255.14745,0,0.29879323,,person
1820.2512,0.6949711,1842.8904,40.447636,0,0.2932861,,person
251.53954,2.0833282,291.96545,51.5785,0,0.28964075,,person
1535.311,501.03278,1614.4171,658.99146,0,0.2512356,,person
202.56766,617.092,287.01123,815.21814,0,0.8116939,,person
1727.8184,502.2897,1823.2837,676.0088,0,0.7815202,,person
683.7983,432.29095,745.99225,601.4783,0,0.7725302,,person
1549.3815,664.1267,1642.881,854.9636,0,0.76103055,,person
921.77893,262.01834,982.4037,406.60345,0,0.7408524,,person
1183.5027,739.98615,1292.4435,906.67126,0,0.73992944,,person
1057.521,953.1057,1126.073,1080.0,0,0.71654683,,person
84.51792,121.37329,137.69604,240.39111,0,0.7100694,,person
1066.729,673.0694,1159.629,859.8604,0,0.69123447,,person
120.67339,875.6651,248.99837,1052.4889,0,0.67715925,,person
1375.1006,42.427803,1419.7278,176.10027,0,0.6521067,,person
705.0894,120.58802,752.99603,252.53258,0,0.6392363,,person
751.7834,299.39203,807.46436,454.61227,0,0.60743827,,person
346.7753,2.3017387,415.67963,82.69993,0,0.5854097,,person
576.1924,368.07642,650.2619,512.52795,0,0.57804716,,person
1750.1848,245.2349,1815.8823,397.3362,0,0.56410426,,person
17.578445,73.3507,75.506645,177.70648,0,0.55058146,,person
1686.7168,64.89212,1746.5795,196.6297,0,0.5289528,,person
335.81638,482.0407,395.48166,634.8395,0,0.5118988,,person
1535.4932,506.1461,1615.5853,666.31903,16,0.50452024,,dog
1614.7222,39.78865,1659.7119,145.79166,0,0.49460772,,person
857.38605,60.344307,897.9366,181.68024,0,0.48989618,,person
799.40686,51.99034,836.2504,178.8453,0,0.48766905,,person
1658.1703,34.705284,1692.4019,131.76604,0,0.47895557,,person
1190.8829,39.895287,1234.4996,174.67653,0,0.47178864,,person
441.208,1.5054245,473.31427,65.25856,0,0.45379502,,person
1744.9845,159.14282,1809.3549,286.7227,0,0.43647537,,person
1105.2372,116.8733,1148.3127,225.75412,0,0.42992866,,person
1157.6613,367.8018,1221.8761,506.17697,14,0.4275479,,bird
1844.3804,259.37616,1890.8328,369.9646,0,0.4148191,,person
1353.121,0.0,1395.7648,103.378494,0,0.4090653,,person
943.14386,25.95314,981.0793,132.88213,0,0.38789004,,person
336.79498,481.49277,381.70654,622.8181,0,0.3796909,,person
1536.3237,506.60797,1616.7678,664.173,0,0.36406857,,person
251.43764,2.2563972,292.52988,52.617313,0,0.3565477,,person
17.923588,74.312164,59.6467,175.2599,0,0.3562008,,person
575.9758,278.48514,631.4283,381.69928,0,0.3512407,,person
1156.693,65.5611,1200.5791,181.53181,0,0.33334514,,person
389.04895,525.3664,466.03363,660.5455,0,0.320539,,person
1884.0044,130.99818,1919.4031,252.61684,0,0.2922229,,person
1290.723,0.0,1327.4646,97.08912,0,0.27870488,,person
991.50696,179.94699,1053.2318,322.95355,0,0.25952384,,person
1820.1215,0.5315323,1842.2651,40.51251,0,0.25442865,,person
197.9778,626.0429,282.16327,821.801,0,0.83039945,,person
1158.6185,362.17776,1225.0875,502.6226,14,0.7644835,,bird
684.8498,422.86176,748.16235,587.3789,0,0.7583838,,person
1720.3041,497.19864,1819.6344,676.58777,0,0.7460423,,person
84.837265,121.07204,137.40556,239.95793,0,0.7253234,,person
1053.8474,944.2357,1123.238,1080.0,0,0.71509707,,person
920.64166,264.12305,984.0181,412.66177,0,0.66591907,,person
1071.3048,669.5253,1159.4767,860.8572,0,0.6619061,,person
576.0001,370.22214,650.85516,518.2292,0,0.6408961,,person
1374.4673,43.071304,1419.8243,175.81477,0,0.62181526,,person
753.86975,294.2234,809.1771,447.12625,0,0.5878591,,person
121.36855,879.5786,250.48729,1054.7799,0,0.5831344,,person
1190.8883,737.95294,1280.3898,903.5784,0,0.57914555,,person
336.21506,481.63522,395.88354,633.462,0,0.57501054,,person
353.87003,1.6457863,412.18152,81.20865,0,0.57296354,,person
1555.1235,668.8076,1646.0017,854.8477,0,0.57136106,,person
706.34033,119.5697,754.48535,252.4146,0,0.5638175,,person
1748.5577,247.20662,1820.4347,404.80374,0,0.5458789,,person
1538.4984,513.436,1617.4795,681.58997,0,0.53447884,,person
859.01807,62.344048,900.26953,180.72354,0,0.5213337,,person
21.868755,70.80833,76.75429,174.81328,0,0.5115152,,person
123.05775,878.5168,249.59506,1055.4178,16,0.507907,,dog
576.05054,281.6871,630.2648,392.86737,0,0.50530434,,person
799.5139,51.211777,836.3917,178.563,0,0.49734342,,person
1658.2292,34.98183,1695.4769,142.56984,0,0.480746,,person
1619.3976,40.308495,1659.3234,144.31297,0,0.4771055,,person
1190.4393,39.625206,1234.4697,172.10486,0,0.47459468,,person
1688.5155,66.71203,1749.4321,198.52553,0,0.45748815,,person
1844.8235,249.04568,1899.0831,371.21274,0,0.44465384,,person
943.2409,22.986065,981.3239,131.72849,0,0.42446595,,person
1743.221,161.16911,1808.0637,303.3536,0,0.40945196,,person
1106.3705,117.20233,1149.662,227.40605,0,0.40198252,,person
1289.857,0.0,1326.473,96.666435,0,0.35716248,,person
250.06915,1.8407536,293.41684,53.43628,0,0.34812626,,person
1349.6367,0.0,1393.022,106.42401,0,0.3320683,,person
905.07825,15.840849,942.1106,133.85661,0,0.33123103,,person
991.32465,181.17151,1053.0637,324.07965,0,0.30769506,,person
391.2107,523.721,464.11908,660.1606,0,0.29124033,,person
1537.7472,512.93225,1619.0555,681.88434,16,0.27593637,,dog
451.19644,0.55005455,475.18143,56.003017,0,0.2643596,,person
194.57529,629.0849,284.0743,820.84467,0,0.83286226,,person
685.2455,418.77338,748.0016,583.3788,0,0.7814933,,person
1050.8029,938.37305,1123.6641,1080.0,0,0.7570063,,person
87.67573,121.582375,138.69037,239.59201,0,0.7330931,,person
1719.5625,496.16757,1816.2407,673.5496,0,0.7317469,,person
919.6267,266.82343,982.9343,415.27518,0,0.67865014,,person
578.1988,371.66577,650.9255,519.4293,0,0.67461634,,person
1067.0458,665.718,1159.101,860.5254,0,0.6640595,,person
575.6301,282.8336,630.5193,396.72647,0,0.62867284,,person
750.62164,291.0143,807.7681,440.98337,0,0.6243447,,person
123.410934,882.1049,251.005,1053.4854,0,0.61365753,,person
1192.4763,736.7675,1277.327,905.37103,0,0.6090901,,person
1157.7229,360.3629,1226.0055,497.59186,14,0.60666686,,bird
1748.1193,247.1997,1820.4349,408.29315,0,0.60202837,,person
1376.2219,42.293358,1419.5974,175.5614,0,0.5995641,,person
336.36945,481.24127,396.0352,633.262,0,0.5927072,,person
706.4501,118.71298,755.49744,252.10542,0,0.5642786,,person
1556.5845,669.5034,1649.3779,854.6919,0,0.5609982,,person
356.75098,1.2453918,410.03595,79.59272,0,0.56009084,,person
859.0047,62.260803,900.72437,180.54538,0,0.54274917,,person
26.516235,70.43365,75.21818,173.63026,0,0.5370581,,person
1187.1908,37.808464,1234.8865,172.4962,0,0.53081745,,person
799.0364,51.07139,836.1493,178.36134,0,0.52378875,,person
1620.3318,41.660316,1660.3499,144.51357,0,0.48978943,,person
1657.7085,34.91668,1696.9751,143.40788,0,0.4643247,,person
1106.4644,117.87726,1151.7548,227.02826,0,0.4502966,,person
1684.2433,69.2002,1750.9083,200.26685,0,0.44383323,,person
1844.3258,241.95644,1905.1952,372.37888,0,0.4281863,,person
944.86597,20.494148,981.80237,130.4729,0,0.42516506,,person
1742.4825,162.007,1808.4906,310.35977,0,0.41170627,,person
906.06464,16.617336,942.70294,135.39276,0,0.3909948,,person
991.29333,181.97955,1053.0175,323.4322,0,0.33015168,,person
249.27498,1.7300835,293.0866,53.27553,0,0.3207529,,person
1289.5038,0.0,1325.0153,94.8647,0,0.31758875,,person
391.66507,522.8896,462.61423,659.99475,0,0.3083117,,person
389.16818,481.0924,470.29626,657.4552,0,0.2919822,,person
1152.5776,67.574524,1198.3291,180.28894,0,0.28931066,,person
1539.3124,516.4043,1621.957,686.96533,0,0.27878472,,person
1350.2996,0.0,1390.2539,100.64569,0,0.26162076,,person
1538.4987,516.8161,1622.4884,681.87726,16,0.2599528,,dog
193.55974,629.9482,280.44626,820.97406,0,0.80413115,,person
1190.4385,738.7874,1270.3927,902.812,0,0.7603714,,person
684.7727,416.56805,747.08844,578.4298,0,0.7547064,,person
1048.1765,934.8124,1121.6345,1080.0,0,0.73928726,,person
918.22266,270.1431,981.92926,417.90732,0,0.72943646,,person
1721.5001,492.4308,1811.9938,672.38104,0,0.72657055,,person
86.190605,120.798615,137.69261,239.29747,0,0.72012264,,person
124.86836,883.5301,247.67139,1053.6376,0,0.69655454,,person
752.50854,288.19116,807.6896,433.8556,0,0.669814,,person
1069.1761,664.27893,1157.9497,860.7497,0,0.66508764,,person
578.6977,370.8283,652.27484,520.49524,0,0.6520269,,person
1376.6924,40.0551,1420.2385,174.51862,0,0.63675267,,person
575.5357,283.3213,630.1694,397.0764,0,0.59096235,,person
336.4653,480.9759,396.17023,633.2624,0,0.562441,,person
1555.922,673.5778,1648.8967,853.42126,0,0.5595366,,person
1754.1149,250.27419,1821.4625,411.2095,0,0.55232126,,person
707.3029,117.4908,755.46533,251.60724,0,0.55202067,,person
798.7132,50.561256,836.32635,178.19812,0,0.55136675,,person
1620.965,42.529335,1661.992,147.73471,0,0.5459369,,person
30.334665,70.75811,72.22032,171.26598,0,0.5429648,,person
1843.87,239.54137,1907.6592,379.77057,0,0.51760465,,person
359.24963,0.101735115,410.6218,75.968124,0,0.5125228,,person
1190.1749,38.263344,1233.25,166.35164,0,0.50434893,,person
1106.3167,118.79494,1151.0775,226.66653,0,0.4984668,,person
858.57227,61.33042,901.6354,180.93237,0,0.49298182,,person
1741.9519,163.34248,1808.7861,311.1928,0,0.46668267,,person
1683.5702,71.53077,1752.1718,201.14873,0,0.44716287,,person
990.84814,182.2781,1052.1919,324.60565,0,0.39770678,,person
1540.3796,522.2661,1624.8649,683.0591,16,0.37435284,,dog
1657.5242,34.774086,1697.658,145.29396,0,0.3702952,,person
945.9346,18.919338,983.0753,130.44107,0,0.36164272,,person
1541.1171,521.14215,1625.1954,692.11707,0,0.35468823,,person
1290.1366,0.0,1324.5685,96.66895,0,0.35259965,,person
1152.9346,62.590782,1197.7819,180.4617,0,0.32566008,,person
1160.6788,357.66312,1226.2361,489.22165,0,0.30147517,,person
906.2663,16.461485,942.2588,135.86555,0,0.28409904,,person
1349.1166,0.0,1390.2194,103.55704,0,0.28136638,,person
391.7788,523.72504,463.98856,660.51105,0,0.27159572,,person
389.32654,483.26,476.76324,657.10986,0,0.2683774,,person
1621.0437,40.94154,1677.6672,150.85818,0,0.2560704,,person
249.29283,1.8712721,292.20688,53.539146,0,0.2506868,,person
684.93677,411.83432,748.20703,575.3264,0,0.79831433,,person
192.47214,632.92865,279.2462,821.1129,0,0.79828656,,person
1191.3307,738.4195,1265.0834,901.48517,0,0.785572,,person
1558.8193,676.90393,1649.3379,854.859,0,0.75073314,,person
1720.5114,489.98904,1808.818,670.1769,0,0.7457662,,person
84.50665,120.477295,137.69577,239.10732,0,0.73191524,,person
127.7609,884.96027,248.76385,1063.8949,0,0.73127455,,person
1066.0471,660.8182,1159.3947,859.97705,0,0.7150933,,person
1046.3442,929.2947,1122.1093,1080.0,0,0.7085769,,person
917.7457,273.0319,982.1796,420.888,0,0.68500143,,person
579.1842,373.31863,651.24866,518.4134,0,0.63018566,,person
1377.2272,38.5455,1421.4515,173.9807,0,0.6287878,,person
752.0764,287.2759,806.65466,430.85175,0,0.6122513,,person
575.8908,283.16522,630.154,398.01434,0,0.61171556,,person
1755.9386,253.75955,1822.2198,415.85123,0,0.5957626,,person
32.651337,67.287186,76.302155,171.2954,0,0.5499408,,person
336.4253,480.49237,395.81683,632.6637,0,0.5194967,,person
798.674,50.267075,836.2795,177.87753,0,0.5184355,,person
1159.9656,354.6622,1224.3586,485.2241,0,0.51273954,,person
943.3447,21.319347,984.0476,131.05544,0,0.507559,,person
1740.7769,165.1388,1810.0394,313.1206,0,0.50737375,,person
1844.6404,244.61234,1908.0106,383.08456,0,0.5024893,,person
708.0518,117.06404,755.0112,250.71744,0,0.49662805,,person
1542.7866,524.90753,1627.8772,697.1413,0,0.47438824,,person
1106.1372,118.535385,1151.9575,228.28519,0,0.46184078,,person
859.0809,60.543182,901.29,180.68317,0,0.45795044,,person
1188.133,34.986126,1233.7911,163.45012,0,0.45598638,,person
363.51575,0.0,409.62857,73.562645,0,0.44930983,,person
1622.7872,41.788055,1663.1213,150.25017,0,0.41241458,,person
990.53156,183.93741,1052.1392,325.51935,0,0.38884088,,person
1289.748,0.0,1325.1057,97.05272,0,0.3535693,,person
1687.0684,72.426704,1754.6233,201.00206,0,0.35317492,,person
1656.3274,35.01263,1701.5522,145.89058,0,0.32216024,,person
456.28912,0.0,480.1809,49.97597,0,0.30255908,,person
1347.5859,0.0,1389.6537,109.33327,0,0.29718527,,person
1152.316,61.416527,1197.8416,180.89558,0,0.28522053,,person
249.3095,0.0,294.24658,49.572487,0,0.26610562,,person
685.83344,409.3983,748.4333,572.4939,0,0.8154607,,person
190.91237,634.2928,278.0777,819.8063,0,0.78941923,,person
1718.2859,484.86548,1805.2628,662.2172,0,0.7514571,,person
1043.3225,922.2164,1118.2877,1080.0,0,0.7446654,,person
1189.6531,740.3126,1263.097,901.37036,0,0.7405825,,person
1067.0018,658.7167,1157.3856,857.1567,0,0.7355016,,person
131.17165,885.2893,252.26126,1068.3007,0,0.7334427,,person
917.3782,273.08353,982.3275,422.94913,0,0.7053013,,person
1563.7053,681.6312,1654.0034,854.7485,0,0.6923278,,person
84.71899,121.38368,138.19118,238.24379,0,0.6809651,,person
1756.1997,259.29312,1825.6245,419.83694,0,0.65325356,,person
1378.6726,38.129425,1421.835,173.56316,0,0.6171507,,person
1102.0667,121.936485,1148.9667,229.73341,0,0.5990054,,person
751.4821,283.23557,806.6256,427.8565,0,0.5870901,,person
579.0929,372.81866,652.40356,518.0658,0,0.5747809,,person
575.5119,285.20746,630.9848,397.78986,0,0.5642136,,person
707.3825,113.862236,753.8609,249.5248,0,0.53513587,,person
1740.1609,165.69937,1810.8378,318.20792,0,0.53192145,,person
798.67145,49.658974,834.9399,177.47571,0,0.52606964,,person
365.76654,0.5378523,410.82596,72.71702,0,0.5133573,,person
336.68365,480.3218,395.97842,632.9775,0,0.5092818,,person
35.13341,66.39848,78.87988,167.57964,0,0.5059719,,person
1845.6804,247.74902,1910.3547,379.64163,0,0.48919442,,person
1187.2366,36.24202,1232.186,159.0655,0,0.47067168,,person
991.30225,186.64929,1053.3966,332.44904,0,0.47064084,,person
1623.9968,41.304714,1664.1387,149.7451,0,0.46263194,,person
859.2733,60.8367,901.5366,180.10501,0,0.45685405,,person
1657.8662,35.132732,1702.6187,149.368,0,0.4307316,,person
1545.9501,526.4615,1628.5826,701.5356,0,0.43005177,,person
946.923,18.033777,984.57935,128.64656,0,0.41361514,,person
1688.4437,71.98746,1755.0337,204.09052,0,0.3359729,,person
1160.4426,350.7432,1226.5569,482.46964,14,0.3197369,,bird
457.1631,0.0,482.1252,49.251404,0,0.3157689,,person
1152.0594,61.40371,1197.4637,183.47101,0,0.29244798,,person
1159.9277,351.51434,1226.6669,481.62744,0,0.28987342,,person
1347.2949,0.0,1389.5596,113.15518,0,0.28216442,,person
1290.8578,0.0,1324.7195,95.15026,0,0.27482757,,person
908.26575,16.538721,942.0491,133.1749,0,0.27307323,,person
389.94846,483.66394,474.82132,656.98114,0,0.2654614,,person
393.11224,522.9954,463.75653,660.72003,0,0.26375353,,person
184.52339,642.598,275.08862,819.51385,0,0.8178836,,person
1567.2466,689.72534,1659.3391,879.5867,0,0.78898597,,person
1164.2264,346.50168,1225.751,474.17133,14,0.77765673,,bird
1039.1727,914.8579,1112.3186,1080.0,0,0.77274936,,person
1720.2367,478.1949,1802.8546,656.2227,0,0.7726649,,person
685.3221,403.6598,752.1492,570.23914,0,0.77245545,,person
1182.0569,739.34985,1254.8046,908.01215,0,0.7551042,,person
1068.1333,649.7069,1156.7059,842.82056,0,0.7240491,,person
1756.3148,264.0934,1831.0193,416.96442,0,0.72007877,,person
916.4623,277.33804,981.50464,421.6996,0,0.6568294,,person
1742.3229,166.67894,1811.473,311.2179,0,0.63596296,,person
1101.0668,125.0289,1153.812,240.93466,0,0.62801355,,person
1548.0045,533.182,1635.5696,709.2376,0,0.6008532,,person
1379.5184,37.099274,1421.9293,173.64667,0,0.5984915,,person
752.83795,278.28613,808.18414,420.5441,0,0.59316003,,person
1657.3469,38.094807,1704.55,153.14598,0,0.5728304,,person
80.15412,119.320496,137.03505,239.00047,0,0.5580144,,person
134.38193,888.18494,252.0726,1069.2401,0,0.5520407,,person
798.5801,49.59034,836.02277,177.482,0,0.5218374,,person
577.782,376.95538,653.6078,518.6089,0,0.5068661,,person
338.76932,480.36118,393.24454,635.69977,0,0.5037118,,person
1187.9324,30.977257,1230.9767,154.86676,0,0.49597478,,person
575.00305,286.92563,630.56274,396.757,0,0.49158517,,person
1627.5077,42.232475,1664.3602,149.08041,0,0.4606916,,person
710.3234,111.06727,757.7734,243.7366,0,0.43608865,,person
989.8936,190.11397,1053.6044,341.34735,0,0.4092404,,person
1691.6814,70.21003,1758.9188,198.16737,0,0.39684844,,person
1846.9271,254.19154,1913.758,383.01135,0,0.39048746,,person
1343.3151,0.08595657,1389.1472,112.923454,0,0.38952523,,person
371.85077,1.9623756,414.8444,70.86777,0,0.36630464,,person
950.7788,15.226782,988.14294,126.28171,0,0.3655013,,person
41.47067,66.74098,81.92379,165.08899,0,0.35995182,,person
905.9174,19.060787,944.8372,133.5098,0,0.35539937,,person
859.0917,59.989384,903.70276,178.40959,0,0.3542092,,person
1153.4777,52.282265,1193.3474,166.7358,0,0.35181174,,person
393.45218,501.86966,460.31992,660.9306,0,0.34675127,,person
41.387867,65.36895,73.53667,144.76543,0,0.30449378,,person
1697.5276,71.10658,1757.6287,154.21133,0,0.29344422,,person
182.28268,646.66113,273.58853,824.58417,0,0.8448535,,person
685.46454,400.87628,751.10547,571.9453,0,0.7761645,,person
1720.1473,473.92538,1799.7924,647.2689,0,0.76855457,,person
1036.7976,912.11865,1110.1562,1080.0,0,0.7520944,,person
1176.7104,741.47205,1252.4259,909.87103,0,0.74786764,,person
1759.2427,265.2133,1832.8364,417.3091,0,0.6957683,,person
915.20746,279.38156,980.58307,423.40137,0,0.6933614,,person
136.09268,887.6448,251.5084,1066.4586,0,0.6869992,,person
1568.7294,696.0539,1662.093,891.8918,0,0.6768328,,person
1742.9993,166.55443,1814.2288,311.37427,0,0.66998893,,person
1066.5049,645.6685,1155.5894,836.9359,0,0.66004443,,person
751.90356,274.0371,807.59015,420.62375,0,0.6267583,,person
1098.8158,128.19814,1152.9377,241.51547,0,0.620012,,person
1379.992,36.32467,1422.2395,173.55951,0,0.5959689,,person
576.6242,376.87848,651.57385,522.117,0,0.58577347,,person
1657.656,37.954376,1704.7844,153.96043,0,0.5765925,,person
1550.9095,539.2963,1637.8586,711.12134,0,0.5719041,,person
1187.561,26.70068,1230.6011,154.03096,0,0.5547662,,person
339.05075,479.94772,392.31055,635.50806,0,0.5165141,,person
799.06366,49.50458,836.0407,176.89357,0,0.5152507,,person
710.13745,108.40503,756.52136,242.13226,0,0.51297194,,person
47.20983,67.61785,138.42004,240.10872,0,0.50533175,,person
575.07355,288.26532,631.0242,397.63626,0,0.47726423,,person
1695.0784,69.36092,1759.5564,200.35121,0,0.47214115,,person
373.64255,3.3265486,417.72006,70.305016,0,0.4238686,,person
393.12006,499.32065,460.01965,659.78235,0,0.42108002,,person
1845.3721,258.57516,1911.2534,388.40097,0,0.41613486,,person
1699.5714,71.39005,1758.3636,162.43022,0,0.40737867,,person
990.371,191.36,1054.325,342.77045,0,0.4060199,,person
1343.1024,0.23438644,1387.5114,112.24107,0,0.40580603,,person
1627.3678,42.42849,1665.2479,146.4215,0,0.38888955,,person
904.40405,19.607157,945.07874,135.60782,0,0.38651517,,person
1164.108,346.44766,1224.0417,472.53894,0,0.38596627,,person
952.9785,17.456818,988.1624,125.685974,0,0.36567816,,person
66.431404,116.15312,137.81314,238.52316,0,0.3656165,,person
1152.8298,51.298363,1192.4277,167.25449,0,0.35286662,,person
1165.1765,346.2728,1224.5358,471.26398,14,0.32936114,,bird
1286.8468,0.0,1323.1758,93.465,0,0.29996902,,person
859.17926,59.630608,904.3598,177.57893,0,0.27571747,,person
179.5372,647.58215,272.72455,836.699,0,0.86859185,,person
1174.9618,741.9919,1251.147,913.6357,0,0.8012901,,person
686.2284,399.349,753.09155,575.3472,0,0.77977544,,person
1570.2268,700.6474,1661.6946,897.7432,0,0.75691366,,person
1723.1272,472.60284,1798.2993,639.39526,0,0.7337249,,person
138.56874,888.1425,251.69675,1067.6532,0,0.72430444,,person
913.4057,280.46927,980.3791,422.5462,0,0.7201536,,person
1038.4302,907.24,1106.1182,1080.0,0,0.68831044,,person
1067.3917,638.0266,1154.985,825.08057,0,0.6866745,,person
1744.7124,167.08383,1813.623,312.35458,0,0.685567,,person
576.70483,380.15204,651.451,525.67255,0,0.6659584,,person
1762.9479,265.9421,1835.8231,417.03552,0,0.6466947,,person
1097.9828,128.23169,1152.0491,243.11307,0,0.63156295,,person
751.29126,272.75467,807.99115,419.6196,0,0.6309858,,person
1379.579,36.990444,1422.1318,173.48004,0,0.62809575,,person
1187.6267,26.350348,1229.9172,153.39464,0,0.5631016,,person
710.1032,104.340866,757.3691,238.04585,0,0.55640423,,person
799.43225,49.39838,836.2161,176.60889,0,0.55332863,,person
1553.1859,540.3601,1638.5614,711.0538,0,0.5462222,,person
1659.8079,38.563297,1704.2827,154.23605,0,0.5357298,,person
49.164974,66.51089,138.40802,240.12915,0,0.5290799,,person
338.80264,479.60983,391.4666,634.8111,0,0.5275977,,person
992.1738,192.8987,1053.9222,343.43845,0,0.5271536,,person
1694.5444,71.136566,1762.779,205.99983,0,0.51681477,,person
378.39395,0.59972763,423.8455,68.61976,0,0.4836757,,person
903.44403,20.306717,945.9562,137.81923,0,0.47956026,,person
574.4876,289.72406,633.0242,397.14417,0,0.4581694,,person
393.86298,501.83322,459.73453,658.9732,0,0.42716238,,person
1165.9976,346.01266,1224.7711,469.83783,0,0.40383503,,person
1630.3251,43.881893,1665.2722,146.08073,0,0.399971,,person
1845.9928,256.33035,1913.5074,399.90106,0,0.39968324,,person
954.2214,14.666313,988.8199,124.77557,0,0.3961592,,person
61.903324,113.56043,137.67041,238.73251,0,0.37966853,,person
1152.121,50.19841,1191.4583,169.12312,0,0.3458389,,person
1282.8845,0.0,1322.3467,91.75603,0,0.33434284,,person
1344.2543,0.12516403,1386.1393,108.67948,0,0.3216664,,person
1699.8171,72.033165,1759.3696,169.04839,0,0.29843086,,person
858.9578,59.839027,903.77875,177.95848,0,0.29529572,,person
179.25612,654.341,272.64468,848.2114,0,0.88546735,,person
1720.1027,467.0613,1797.6376,633.5925,0,0.7872841,,person
1172.2626,743.97675,1249.8162,899.06744,0,0.77829254,,person
1570.9955,705.7064,1663.6637,903.72473,0,0.7564583,,person
686.19745,397.05972,752.54724,574.91516,0,0.7503905,,person
1066.935,634.62195,1152.8588,812.31995,0,0.73128396,,person
913.54565,281.82855,979.91516,422.7186,0,0.72932136,,person
141.86028,888.9231,253.38771,1068.6705,0,0.68646073,,person
1747.2363,168.09375,1814.0083,313.5521,0,0.66796535,,person
1035.6237,903.0255,1106.756,1078.8177,0,0.65242463,,person
750.26,272.15262,807.97906,418.31885,0,0.6481904,,person
50.9965,66.23662,138.7901,239.62212,0,0.63504744,,person
577.075,385.4306,650.5036,530.9531,0,0.63218325,,person
1097.5856,129.85786,1153.6294,245.55182,0,0.6231286,,person
1379.7355,37.04192,1422.0032,173.08937,0,0.61047095,,person
709.66644,102.364334,757.8276,234.08405,0,0.58667874,,person
1558.2847,545.12396,1641.2622,714.64636,16,0.5723649,,dog
799.18634,49.517387,836.24506,176.04286,0,0.5676348,,person
1187.0134,24.31762,1230.92,151.75554,0,0.5579204,,person
339.53497,479.69003,391.9097,634.2172,0,0.54457897,,person
992.10406,194.5351,1053.1982,344.95834,0,0.5377537,,person
905.1601,20.942917,944.31116,139.2579,0,0.5220484,,person
954.73773,13.883532,988.8858,122.218025,0,0.5197777,,person
1659.6694,39.268505,1704.7185,153.68039,0,0.50466746,,person
1760.5137,270.04562,1834.5491,416.13568,0,0.4979393,,person
1556.6382,544.34564,1641.2549,711.32117,0,0.4588179,,person
575.1417,292.367,631.9911,398.11975,0,0.45649242,,person
1693.8618,71.84548,1762.9885,206.86923,0,0.44717848,,person
1631.4445,44.616737,1666.6183,145.86421,0,0.42763013,,person
379.3149,0.48708057,428.3359,67.670494,0,0.4152227,,person
1344.0704,0.0,1384.8477,107.92605,0,0.4038092,,person
860.1709,59.86004,905.6133,178.20319,0,0.3984996,,person
1848.7101,257.73563,1916.3807,401.03824,0,0.39766964,,person
394.31424,504.61716,459.6871,657.5862,0,0.3749595,,person
1153.3447,51.120464,1189.0935,171.88002,0,0.333645,,person
244.27666,0.0,290.20325,51.973732,0,0.31296855,,person
1166.056,342.75082,1226.5717,460.79105,0,0.28140894,,person
177.60248,658.07666,272.54233,858.0866,0,0.8854466,,person
1720.6106,463.25024,1796.154,630.3162,0,0.79315966,,person
1066.6915,632.0757,1152.7749,803.5093,0,0.7925708,,person
1166.7808,745.68976,1250.0431,904.3146,0,0.7765525,,person
686.3472,394.308,752.96466,571.65204,0,0.7413859,,person
914.15576,282.59512,980.44635,422.58795,0,0.73504025,,person
144.18178,889.0135,252.68752,1070.2186,0,0.7322661,,person
1572.9937,708.35803,1667.8079,908.35443,0,0.71235216,,person
1747.4694,170.18326,1814.115,315.32285,0,0.68626356,,person
1031.8792,896.7179,1104.6643,1080.0,0,0.68010014,,person
577.6053,387.0339,649.6384,534.61847,0,0.6767504,,person
1557.549,548.8202,1644.2164,710.0341,0,0.62956893,,person
750.9808,269.9571,808.20087,418.63992,0,0.62392795,,person
1186.0148,23.958984,1229.8458,151.35655,0,0.6039353,,person
1379.6194,35.99538,1422.6763,173.12956,0,0.60227096,,person
710.2681,97.89927,756.80786,230.37524,0,0.57155395,,person
66.287094,110.297066,137.90213,237.34085,0,0.5667093,,person
339.42746,479.23453,392.2882,634.9611,0,0.56439596,,person
1099.7295,130.26965,1150.9226,246.63208,0,0.5631356,,person
800.28973,49.45372,836.2337,175.69565,0,0.54313,,person
954.73846,14.02533,989.60944,121.8086,0,0.51173764,,person
905.8233,21.487965,943.71,142.12077,0,0.4829898,,person
1762.2198,273.31992,1836.8573,416.16644,0,0.47456622,,person
1558.7296,547.73114,1644.2179,713.1942,16,0.47416133,,dog
1631.4218,46.653114,1668.4973,151.98756,0,0.4723942,,person
1863.674,252.68532,1917.9545,402.03427,0,0.4569092,,person
1343.2212,0.005962372,1385.824,107.79548,0,0.4508296,,person
1665.627,39.34973,1706.232,153.20514,0,0.4503707,,person
1695.5691,71.47007,1763.2903,207.7437,0,0.4345079,,person
53.81179,65.519485,139.00142,237.83615,0,0.42708278,,person
576.83905,293.9565,631.7178,398.0063,0,0.42089808,,person
394.03738,507.6265,460.00497,656.4976,0,0.41100264,,person
382.71948,0.2038908,433.5373,66.227875,0,0.40484774,,person
860.9548,59.569977,905.4556,176.93524,0,0.38593364,,person
1153.9807,51.636406,1188.096,166.58685,0,0.38589135,,person
1167.2312,341.61877,1229.1512,457.97955,0,0.33088574,,person
243.01323,0.0,289.98746,54.769066,0,0.32896364,,person
53.49059,65.86077,91.866585,169.33965,0,0.32045552,,person
990.65283,196.81242,1054.6663,348.05743,0,0.3071913,,person
56.02985,64.60247,134.80902,188.86887,0,0.25969678,,person
177.4747,666.64984,274.99063,865.30865,0,0.845737,,person
1721.372,456.2665,1792.6937,627.69196,0,0.8222074,,person
1580.0856,718.7124,1674.3453,913.26196,0,0.7810238,,person
1065.955,625.5068,1150.1011,797.48254,0,0.7726569,,person
1028.5859,886.5952,1100.2776,1058.528,0,0.7573374,,person
914.83545,286.2636,980.1435,430.03363,0,0.7564694,,person
1163.7871,750.53467,1246.2014,895.32056,0,0.74819434,,person
145.643,889.0404,255.35619,1073.1948,0,0.7477421,,person
687.70197,391.1483,750.9728,565.3225,0,0.73252577,,person
1748.4701,178.91873,1813.4513,315.73672,0,0.6533639,,person
1562.3884,553.25616,1647.2897,720.14307,0,0.63788444,,person
577.5077,387.94815,647.59937,539.5254,0,0.63188577,,person
1701.0986,71.803,1766.0509,210.17776,0,0.6273857,,person
1184.419,22.829144,1228.8828,154.07977,0,0.6161703,,person
1379.1714,33.541832,1422.912,172.30064,0,0.6002533,,person
65.12645,103.60938,137.92535,236.03615,0,0.59884334,,person
748.9084,268.27206,806.3927,417.63657,0,0.5946382,,person
1668.7101,40.019497,1708.9113,154.50813,0,0.5817513,,person
711.878,96.25892,755.7816,226.31277,0,0.57681423,,person
1102.2361,130.10776,1150.0698,247.26738,0,0.56906724,,person
340.1369,477.82297,394.07684,634.2706,0,0.54483443,,person
992.6973,197.37099,1055.5442,349.8109,0,0.5397879,,person
800.69165,48.87204,836.0658,175.52235,0,0.4937304,,person
1853.187,263.01062,1918.2114,400.99246,0,0.46856868,,person
905.1601,23.845367,944.1597,145.7733,0,0.45788386,,person
955.62946,11.23748,990.7575,118.35663,0,0.45732385,,person
1633.6765,49.254826,1672.5194,152.94218,0,0.45248196,,person
1766.6232,276.91095,1843.3678,419.89417,0,0.4523742,,person
387.46518,0.1525383,436.6484,66.46715,0,0.43847963,,person
576.3201,298.9546,638.6216,404.28537,0,0.40500402,,person
861.51746,59.528778,907.7472,177.78117,0,0.39293912,,person
241.82373,0.0,289.5933,58.01379,0,0.36362576,,person
1155.9404,47.049454,1188.0015,157.41765,0,0.35927874,,person
392.86963,501.00192,460.22772,656.08575,0,0.35448816,,person
1169.9216,335.65717,1230.7859,463.7192,0,0.34933162,,person
1341.8287,0.31450653,1380.1488,111.11149,0,0.31936347,,person
176.94191,667.1815,273.78928,871.3145,0,0.8571721,,person
1718.8934,455.32416,1790.1442,625.42664,0,0.82024527,,person
147.47772,890.02374,255.87415,1073.2367,0,0.79741424,,person
1065.2191,622.7707,1147.0273,800.44653,0,0.789479,,person
1026.1384,879.79083,1100.9663,1053.4299,0,0.77961576,,person
688.1882,385.8136,752.1482,557.3752,0,0.7772997,,person
1577.7814,718.2094,1673.6451,919.4242,0,0.7547376,,person
914.22144,286.70062,980.6133,435.359,0,0.74063253,,person
1160.9268,753.60077,1240.0338,900.0866,0,0.716473,,person
1748.2186,178.47794,1815.7534,316.78116,0,0.69886386,,person
1566.4626,556.28766,1649.0319,736.6613,0,0.67897993,,person
65.03791,71.81877,137.64084,236.1237,0,0.6781432,,person
1702.4862,72.92862,1766.7126,211.24953,0,0.66459596,,person
578.0188,392.31702,648.2134,543.5583,0,0.658142,,person
746.9539,266.29626,804.3683,412.4099,0,0.60112756,,person
1379.0944,32.760384,1423.0085,171.53691,0,0.58622116,,person
1183.8746,22.97445,1229.0361,153.66615,0,0.56604296,,person
340.52786,477.6612,397.43564,633.88586,0,0.55631006,,person
991.69574,198.23616,1055.4827,349.74182,0,0.54446787,,person
577.1205,299.69482,636.4666,405.1345,0,0.54107326,,person
1768.0188,271.85385,1846.9314,427.58267,0,0.5212328,,person
1668.5782,39.314007,1710.5548,155.96573,0,0.51917624,,person
712.1227,97.21134,754.57056,225.51581,0,0.51891035,,person
1102.7494,131.13802,1151.3949,246.37454,0,0.49769774,,person
801.12396,48.551445,836.7136,175.96387,0,0.47050732,,person
1856.1709,266.22656,1918.6311,401.14316,0,0.4642313,,person
955.96533,6.742893,991.7434,118.03668,0,0.46339878,,person
1633.203,46.479927,1677.6665,155.51404,0,0.44863793,,person
904.6031,25.228088,945.09485,146.92021,0,0.4407644,,person
1168.775,332.6434,1230.6843,470.44125,0,0.42142984,,person
241.28256,0.0,287.43854,58.713787,0,0.40311062,,person
862.60315,57.717453,906.95605,178.77063,0,0.37237763,,person
396.01666,481.8858,476.71628,649.8631,0,0.36749613,,person
389.3963,0.77748585,442.73016,67.09797,0,0.34601027,,person
1155.0698,46.45624,1187.9143,156.23062,0,0.33980048,,person
1340.4425,1.4840698,1378.9082,107.555214,0,0.28739646,,person
1564.7875,555.31555,1649.5074,736.14465,16,0.28065696,,dog
0.22101974,606.50867,21.19935,660.0538,0,0.27711427,,person
175.0047,673.64044,272.36307,875.9815,0,0.84779245,,person
1718.2284,453.15656,1788.5812,624.956,0,0.83741415,,person
1026.0419,874.78455,1098.6157,1044.7117,0,0.82737875,,person
1065.2142,618.61456,1146.9424,802.99335,0,0.784476,,person
149.29797,890.81854,256.08755,1072.6296,0,0.7664858,,person
688.58923,383.14362,752.34564,552.3023,0,0.76311284,,person
913.39984,287.79395,980.85114,440.05475,0,0.7537888,,person
1700.8729,75.39983,1769.0482,215.43967,0,0.6838439,,person
1157.5042,757.25793,1242.9423,910.61993,0,0.6672697,,person
1748.6976,179.05714,1815.2294,317.8086,0,0.65774804,,person
1586.0095,723.90076,1680.403,915.6973,0,0.6455907,,person
67.339066,64.17256,137.86845,235.9167,0,0.6408277,,person
577.79736,393.78882,646.94666,549.5702,0,0.62491643,,person
577.8002,299.55524,635.6089,414.40118,0,0.6038812,,person
746.1323,262.28192,803.53534,408.52744,0,0.58711183,,person
1379.4042,33.75403,1422.8489,171.1232,0,0.5870516,,person
1565.677,564.0605,1651.2957,744.7165,0,0.58264315,,person
708.5006,94.9671,755.07825,225.95096,0,0.57208335,,person
340.49734,477.5354,396.22696,634.0679,0,0.5545961,,person
991.8305,199.79544,1055.4149,350.31015,0,0.54320145,,person
1181.5625,21.402065,1229.0117,152.41356,0,0.5275128,,person
1768.4568,275.22922,1845.263,437.1915,0,0.52698016,,person
1103.1575,131.2033,1151.9243,246.30496,0,0.52007085,,person
800.9631,48.696304,836.76495,175.85208,0,0.5178368,,person
1633.5205,47.576584,1679.2236,156.8769,0,0.48018432,,person
1671.1743,38.793297,1710.8372,156.2792,0,0.45388907,,person
904.74005,26.193953,944.2037,146.28682,0,0.44953927,,person
1858.1998,271.59955,1918.3939,401.08798,0,0.44781467,,person
240.4066,0.0,287.05554,59.24383,0,0.43937597,,person
957.1613,6.387228,993.7498,116.428024,0,0.41513452,,person
391.76,1.0059471,443.07568,67.083466,0,0.40995416,,person
1171.6748,332.24075,1231.8715,466.5606,0,0.37892896,,person
394.52072,483.08972,475.79254,650.88135,0,0.35064977,,person
862.3275,58.24862,909.01904,178.42274,0,0.33953068,,person
1153.781,38.608303,1187.5266,155.66344,0,0.3226186,,person
1565.6555,564.0608,1651.1757,746.2632,16,0.25230235,,dog
0.14676762,564.88043,20.902376,659.67413,0,0.25225607,,person
175.42899,677.3681,269.60782,880.0803,0,0.86929715,,person
1716.1963,451.83444,1787.9275,625.2838,0,0.8416507,,person
1024.2922,870.7282,1095.4067,1040.6061,0,0.80729586,,person
1064.1434,615.6107,1144.6216,801.1392,0,0.77312964,,person
689.6001,378.61432,751.4269,543.47296,0,0.7421377,,person
913.97906,291.2808,980.7853,442.528,0,0.7133551,,person
151.13965,892.11035,257.95285,1075.9288,0,0.70738816,,person
69.44257,60.80253,138.69498,235.52673,0,0.6997636,,person
1749.3574,181.3336,1816.0466,317.7726,0,0.69943756,,person
1701.4614,76.471985,1769.2515,217.61723,0,0.6790147,,person
1152.8646,758.4434,1236.4636,952.37555,0,0.6782402,,person
577.5081,396.51215,646.102,553.48663,0,0.6776095,,person
1588.7711,727.4257,1683.1294,916.154,0,0.6603522,,person
577.96014,299.95377,635.61346,415.57883,0,0.6488072,,person
745.12286,262.08713,802.61926,405.77728,0,0.6344336,,person
1379.3309,32.77897,1422.601,170.61594,0,0.59874576,,person
800.9502,48.867706,836.9348,175.09792,0,0.5745196,,person
1769.9529,274.92188,1849.4668,440.92795,0,0.5672952,,person
1103.8934,131.6659,1152.4622,246.0967,0,0.56592965,,person
340.85425,477.6447,396.42685,633.7954,0,0.5648919,,person
1571.6206,566.22626,1652.3438,752.2563,0,0.5546442,,person
707.7107,91.74053,755.41736,224.68365,0,0.5481452,,person
1635.2843,47.508087,1681.0021,156.7229,0,0.5303114,,person
1182.9873,19.14441,1228.9647,152.0801,0,0.5124666,,person
993.6021,200.77382,1055.4835,349.03833,0,0.49868774,,person
1172.349,330.25168,1232.5925,462.63647,0,0.48529795,,person
1861.04,262.12756,1918.6377,399.43625,0,0.4633306,,person
906.3563,26.471798,942.594,145.14551,0,0.46196744,,person
1673.3633,38.260075,1712.2,154.42653,0,0.4440054,,person
240.24294,0.0,287.23117,60.212254,0,0.4314659,,person
959.0028,6.114853,994.00964,115.17991,0,0.42799816,,person
0.14689064,545.0783,20.939701,658.90985,0,0.39002103,,person
392.68762,485.3899,474.14557,651.349,0,0.36227936,,person
393.41705,1.3782463,445.97867,65.1417,0,0.34985897,,person
1153.3848,38.8965,1188.5762,155.24832,0,0.33739156,,person
862.50586,57.969475,908.6177,176.86647,0,0.3250894,,person
173.24698,680.54364,269.83557,881.1112,0,0.8746116,,person
1714.3733,449.90295,1785.1721,624.33453,0,0.84289277,,person
1023.05444,865.4577,1094.8944,1039.5315,0,0.80334777,,person
689.8702,374.5384,750.90894,535.3458,0,0.7575561,,person
153.1892,891.93146,259.057,1077.7117,0,0.73781914,,person
1063.5732,613.10016,1142.109,799.46106,0,0.7328021,,person
72.57449,59.44567,138.97348,234.91754,0,0.6811866,,person
913.81665,294.2927,980.8426,444.16315,0,0.67608213,,person
578.5992,301.46906,636.05695,419.67435,0,0.6716153,,person
576.9635,397.1013,646.5707,552.74286,0,0.6688823,,person
1589.22,730.1867,1686.7383,917.2654,0,0.65408057,,person
1150.9105,761.7017,1236.862,937.16254,0,0.6482946,,person
1749.5288,184.40222,1817.8352,322.95547,0,0.64235175,,person
1701.1853,78.0179,1769.8044,219.84247,0,0.638775,,person
744.8493,260.33185,801.86633,402.3197,0,0.60735774,,person
1104.0388,130.95694,1151.6627,244.11813,0,0.6027169,,person
1379.8904,32.10269,1422.1805,170.36874,0,0.5951514,,person
1570.0957,569.51556,1654.637,753.87177,0,0.59109336,,person
801.25507,48.667343,837.3448,174.50067,0,0.5708825,,person
341.08008,477.413,396.46796,633.9641,0,0.55265015,,person
707.4311,90.73574,755.49774,224.29758,0,0.5336,,person
1769.7751,278.85516,1849.7578,441.40073,0,0.52412236,,person
1637.9366,48.5381,1681.0814,155.93289,0,0.520105,,person
905.868,26.96909,942.5832,146.44606,0,0.5072951,,person
993.59735,200.40802,1055.5231,349.15604,0,0.5065773,,person
958.8842,2.8641472,995.0523,112.770744,0,0.4501754,,person
1184.2665,17.844618,1229.548,151.87671,0,0.4466901,,person
1863.2318,248.9453,1919.4899,401.4744,0,0.44096354,,person
240.0596,0.0,287.0522,62.51818,0,0.44022375,,person
0.12934113,537.6477,21.482508,659.0939,0,0.4082971,,person
1172.476,326.80563,1234.1946,457.8738,0,0.3965082,,person
1676.653,37.93648,1712.6456,152.05133,0,0.36901304,,person
393.68143,479.8222,477.001,650.14343,0,0.36453146,,person
398.80426,0.34205246,443.2707,60.84249,0,0.34052962,,person
864.68756,57.51622,907.44305,171.7576,0,0.32877785,,person
1153.8999,45.08004,1188.2277,155.00597,0,0.30335265,,person
1336.298,1.2351265,1377.3601,107.75785,0,0.29543927,,person
473.9652,0.0,504.67776,35.849945,0,0.28322166,,person
1172.73,324.26642,1234.7977,457.58487,14,0.26958504,,bird
401.51257,475.85022,497.45032,641.46783,0,0.25532252,,person
170.26263,688.74976,266.25037,881.0059,0,0.8614075,,person
689.85614,369.64032,751.4224,525.80695,0,0.8034047,,person
1024.2158,857.96484,1087.6897,1039.4733,0,0.7803099,,person
82.30889,58.79247,138.88681,234.12195,0,0.7291883,,person
1707.0436,444.5333,1781.7916,622.25305,0,0.72062385,,person
1063.1775,607.83307,1138.142,796.879,0,0.7155984,,person
1147.6681,767.27234,1228.9835,956.1088,0,0.7106912,,person
1594.5905,734.4939,1694.0233,914.5393,0,0.6656925,,person
1103.5642,135.762,1153.143,248.5844,0,0.6389851,,person
913.3065,297.9747,981.2359,444.3809,0,0.63200486,,person
1380.4491,34.84762,1422.8624,170.08649,0,0.6192687,,person
155.71194,897.45154,261.11032,1079.0984,0,0.612217,,person
1702.6846,81.56019,1770.4072,219.85841,0,0.59173185,,person
1751.4116,187.03212,1818.7106,325.08676,0,0.589528,,person
1770.935,283.91522,1852.2522,448.09985,0,0.5876009,,person
578.6018,301.87616,637.156,424.5054,0,0.58667094,,person
743.69037,254.84885,800.6431,393.8617,0,0.58611387,,person
801.4365,48.327965,837.9452,173.00482,0,0.5482484,,person
905.0475,27.802048,942.8518,147.30333,0,0.5426206,,person
341.42288,476.7582,396.91354,632.26874,0,0.5237623,,person
1639.9563,48.07775,1682.9436,155.23398,0,0.5216267,,person
1173.8871,323.41373,1234.6917,446.22668,14,0.5155199,,bird
709.4673,88.339005,756.50854,222.03726,0,0.51283514,,person
1869.6337,259.92593,1919.3179,409.228,0,0.4730157,,person
0.19029236,521.7098,25.362396,656.91046,0,0.46963677,,person
576.5108,406.4762,647.5704,552.8681,0,0.46947104,,person
239.44846,0.0,287.32022,61.903713,0,0.4693501,,person
959.58215,0.75320435,996.2827,112.31946,0,0.44419706,,person
994.98816,200.6429,1056.338,349.41046,0,0.432625,,person
864.3552,57.056263,908.0764,171.67342,0,0.41636717,,person
1146.9878,768.63245,1230.151,900.5136,0,0.39773762,,person
1186.2947,15.755985,1227.4531,149.60406,0,0.37402827,,person
1154.457,39.089634,1191.17,155.8011,0,0.36457932,,person
1574.9631,578.6701,1658.4028,763.28564,16,0.35329273,,dog
1676.4056,39.01316,1713.7511,150.05188,0,0.34831846,,person
392.21,480.68573,477.8127,649.6126,0,0.32006145,,person
480.63538,0.0,506.11047,33.702988,0,0.2737642,,person
407.045,0.0,448.64456,56.237377,0,0.2678378,,person
1334.4955,0.8712845,1374.8918,106.7284,0,0.2625414,,person
169.12964,692.87177,263.2803,880.01587,0,0.8493007,,person
1025.2954,851.54297,1084.9385,1039.218,0,0.78303283,,person
690.0211,365.65952,752.6388,524.5937,0,0.7772117,,person
156.543,901.3491,261.12057,1079.6744,0,0.7693213,,person
1144.0232,769.14056,1220.3679,944.44354,0,0.7664794,,person
83.95315,57.6183,138.87933,233.96046,0,0.7274276,,person
1702.7413,442.54248,1779.0,621.1234,0,0.71070963,,person
1063.1064,603.6026,1140.8585,794.991,0,0.6927964,,person
1751.8665,189.51874,1819.5474,328.53552,0,0.63781404,,person
1702.8655,82.44928,1770.2183,222.1934,0,0.6370936,,person
1770.8961,284.36453,1852.1385,447.2698,0,0.62331516,,person
1103.4814,138.20871,1153.4235,252.63104,0,0.6147186,,person
912.6709,299.64072,981.3336,450.8042,0,0.6125775,,person
579.0847,303.9851,638.546,419.66162,0,0.60683477,,person
1380.5958,34.593796,1422.7767,169.73946,0,0.60148054,,person
1594.4938,741.86316,1696.2554,917.3207,0,0.600728,,person
743.4115,252.05063,799.58844,390.07333,0,0.59803694,,person
800.7398,47.517952,838.7745,172.37445,0,0.5548608,,person
904.85144,28.47725,942.6155,148.00174,0,0.5525294,,person
575.6979,403.9748,646.621,553.4852,0,0.5271774,,person
341.32095,476.23444,398.09042,630.04376,0,0.52320784,,person
1872.174,258.13727,1919.3536,413.86926,0,0.5228403,,person
1637.7332,47.765007,1687.3562,157.1428,0,0.48740974,,person
1173.2238,321.56644,1233.6705,443.21255,14,0.48667926,,bird
995.58215,202.55644,1056.8507,351.33884,0,0.48150608,,person
1576.6311,583.0391,1663.6003,767.9059,16,0.4772701,,dog
710.8437,84.51638,756.19196,218.98582,0,0.4727715,,person
1180.2527,1020.6061,1256.4053,1080.0,0,0.46744713,,person
239.49495,0.0,287.3436,61.088264,0,0.44975513,,person
864.26904,57.095604,908.2636,171.5869,0,0.43198377,,person
959.74,0.4551773,996.6438,108.95573,0,0.42734283,,person
0.20659733,507.39334,25.511038,658.04346,0,0.4082286,,person
1187.1112,12.658459,1229.1753,143.52254,0,0.36063728,,person
1154.1354,38.734955,1191.0048,151.98451,0,0.35126838,,person
1333.7784,0.24398804,1373.5676,106.05494,0,0.3293886,,person
386.93005,507.40283,469.333,650.3606,0,0.26222134,,person
1683.2769,38.457012,1715.3848,117.30433,0,0.25661004,,person
168.0396,695.6516,258.99207,878.1545,0,0.82530296,,person
1141.7789,770.53107,1216.8684,954.36365,0,0.7770792,,person
688.9408,361.81027,753.78595,521.8893,0,0.7742483,,person
1026.1335,848.4701,1083.9304,1039.103,0,0.7433342,,person
1701.2556,434.288,1776.4636,616.17413,0,0.709639,,person
1176.4142,1013.46716,1262.4902,1080.0,0,0.7012051,,person
84.6403,57.354965,138.51436,234.79309,0,0.67436737,,person
1751.4243,189.44533,1820.8887,330.03918,0,0.6452178,,person
1060.6754,600.80774,1140.9723,791.2643,0,0.6418434,,person
156.62828,903.87726,262.28085,1078.1971,0,0.63845825,,person
913.1477,301.1641,982.67267,455.95908,0,0.61725706,,person
1771.1056,285.4102,1854.0648,446.8617,0,0.61491024,,person
574.46857,408.6536,644.7789,552.7925,0,0.61488336,,person
742.18414,250.53223,798.5405,387.362,0,0.6076575,,person
1579.359,586.8683,1665.1571,766.99493,16,0.6064474,,dog
1380.8287,33.72017,1422.68,169.13994,0,0.58743614,,person
1706.3804,83.25517,1770.5786,220.86682,0,0.58742225,,person
579.45044,305.5555,639.4192,421.90402,0,0.5749804,,person
1103.9019,141.54396,1152.4014,254.46529,0,0.57457536,,person
1641.687,48.39606,1686.2007,156.98451,0,0.5497266,,person
1598.0823,744.0593,1701.3376,929.03906,0,0.54854584,,person
800.98816,47.365723,838.9602,172.24535,0,0.53400075,,person
341.52084,476.3021,396.71896,628.8018,0,0.51863605,,person
1872.0436,262.5205,1919.3881,418.34106,0,0.51076436,,person
1333.3553,0.06289673,1374.8676,105.82127,0,0.50649744,,person
0.034838676,513.8253,31.831549,656.39655,0,0.50586545,,person
1172.528,317.34772,1232.5126,441.57397,14,0.48408756,,bird
904.9376,29.023396,942.7328,148.51353,0,0.47852537,,person
711.5752,82.65305,755.5421,214.18434,0,0.44585347,,person
1677.1113,39.5544,1716.3354,156.7235,0,0.4077894,,person
864.3371,55.861176,908.5027,172.59857,0,0.40402582,,person
239.81255,0.0,287.42,61.01849,0,0.3981758,,person
1185.7405,12.070913,1227.4625,140.38074,0,0.38198018,,person
1174.0197,317.95917,1233.4114,441.01126,0,0.35482103,,person
996.0768,205.4762,1057.2554,355.94357,0,0.34472805,,person
1598.1936,743.36426,1700.6367,927.0652,16,0.30154553,,dog
960.347,0.0,997.5522,110.12215,0,0.2949003,,person
386.8938,508.61902,470.49664,650.0524,0,0.2639525,,person
1154.0706,35.49754,1189.694,150.70648,0,0.25222257,,person
1580.0105,585.8345,1665.1304,704.5954,16,0.2517859,,dog
1140.6442,771.05475,1213.1719,958.48663,0,0.7962857,,person
166.73245,695.97705,254.65375,879.69855,0,0.7938498,,person
689.06396,360.55087,754.3006,519.1658,0,0.7683165,,person
1174.4119,1006.077,1267.6895,1080.0,0,0.75120705,,person
1023.7921,845.0389,1083.1963,1037.6295,0,0.7283645,,person
1697.8055,432.77502,1773.605,611.37775,0,0.7262713,,person
1061.9231,595.76935,1138.9442,787.1318,0,0.69121224,,person
1750.4979,189.40411,1821.6787,329.33975,0,0.66873866,,person
85.16515,56.148357,138.64786,233.70467,0,0.6452563,,person
914.0475,302.85815,982.8199,456.4033,0,0.6068061,,person
1771.7637,287.38208,1854.9778,447.78268,0,0.5903295,,person
1380.9324,33.758194,1422.698,168.57399,0,0.58983845,,person
0.0,509.31876,41.548965,657.2264,0,0.58522457,,person
1104.6392,143.27858,1152.6055,256.06683,0,0.58364105,,person
741.84485,246.69887,798.3988,386.4637,0,0.5830116,,person
574.9194,407.24295,646.69434,553.2221,0,0.573641,,person
1640.0782,49.058304,1685.6008,154.76181,0,0.5638478,,person
801.36896,47.62065,839.1436,172.67532,0,0.56071246,,person
579.7176,306.96204,637.7148,422.31473,0,0.5390455,,person
1706.7653,84.08478,1770.4215,220.98743,0,0.536757,,person
1598.8217,748.7018,1703.4803,944.38403,0,0.5316627,,person
1582.5333,588.4232,1668.4178,768.1881,16,0.5147772,,dog
1171.6708,313.721,1232.3716,439.8132,0,0.4995943,,person
341.5734,476.01364,395.92276,628.01764,0,0.49743828,,person
157.0747,905.6021,263.35278,1079.7885,0,0.49729636,,person
904.9659,29.038834,942.8136,147.42078,0,0.48495275,,person
1330.2554,1.6859207,1373.2701,106.8355,0,0.48346683,,person
1870.7384,281.33966,1919.3822,422.34286,0,0.46799165,,person
1678.04,39.694885,1716.5186,155.69597,0,0.43974513,,person
1186.2734,8.143593,1227.504,132.21045,0,0.43903828,,person
864.288,54.555473,908.46497,173.08298,0,0.41638345,,person
239.25275,0.0,287.735,60.825943,0,0.4078356,,person
713.6691,81.40308,756.69116,213.81703,0,0.38673857,,person
1153.563,35.321976,1189.5022,153.7236,0,0.3795966,,person
961.3493,0.0,998.51495,108.203316,0,0.35962617,,person
1581.8837,587.7527,1668.3995,765.6982,0,0.3479386,,person
994.58826,208.82098,1057.5905,362.3153,0,0.33083725,,person
86.481186,111.77868,138.15794,235.04843,0,0.3037789,,person
0.14190674,502.2032,28.949205,653.4079,0,0.29992437,,person
385.87115,513.7356,468.1789,649.64453,0,0.26325962,,person
1600.2155,753.7943,1705.8644,957.32227,0,0.7892317,,person
1138.2488,773.09546,1210.7875,959.4126,0,0.78096324,,person
1699.4866,429.8095,1773.9515,603.64636,0,0.77183837,,person
1021.86676,840.2029,1080.3268,1035.3557,0,0.76829946,,person
1173.557,1001.1667,1271.7019,1080.0,0,0.7615867,,person
162.35132,698.426,251.89403,878.7331,0,0.7580987,,person
688.3781,359.07358,753.0806,504.07388,0,0.72556484,,person
1749.8582,189.60022,1821.1752,332.2011,0,0.69845545,,person
86.10514,57.116158,141.98705,233.12727,0,0.66922426,,person
1058.8945,591.8454,1140.0905,776.87494,0,0.6369168,,person
1707.1956,85.908394,1770.2915,223.25592,0,0.62149096,,person
914.18427,303.89526,984.425,456.11105,0,0.62052864,,person
0.021875381,500.2944,46.509403,660.798,0,0.61285007,,person
1582.7593,591.5594,1672.2913,770.6212,0,0.5951646,,person
1105.6648,142.79471,1154.0725,258.75925,0,0.5881532,,person
86.3406,109.549995,141.65733,234.06729,0,0.57174265,,person
1776.9364,288.43616,1855.1616,444.7467,0,0.57065773,,person
741.92053,244.98184,797.52435,386.05618,0,0.5706328,,person
1171.4818,313.8273,1231.9055,437.7919,0,0.5619335,,person
573.41534,410.89966,648.6969,551.8625,0,0.56015146,,person
1380.9344,34.002457,1422.6906,168.37312,0,0.55774236,,person
801.6869,47.745384,839.2612,172.64928,0,0.55181324,,person
157.04588,908.0189,262.42557,1078.508,0,0.5086553,,person
579.1575,309.19928,638.4123,421.8057,0,0.5082169,,person
1327.3531,2.2478142,1372.5148,107.04095,0,0.47288463,,person
1641.3062,47.176727,1689.3875,156.3638,0,0.46018252,,person
341.83035,475.50604,395.5426,628.03326,0,0.45929158,,person
1873.6261,281.33386,1919.3534,423.7986,0,0.45341122,,person
905.005,30.678274,943.20154,150.0677,0,0.45218816,,person
1186.7927,7.3127747,1227.296,128.10017,0,0.44222042,,person
1679.9213,41.118553,1717.7655,156.02472,0,0.40643185,,person
862.7359,51.870804,909.5034,176.75241,0,0.39412177,,person
1152.5149,34.959137,1192.7963,152.01665,0,0.3895112,,person
961.8225,0.0,999.59863,106.785194,0,0.36645776,,person
711.722,79.92142,757.0093,210.02234,0,0.3418091,,person
239.39351,0.0,288.13937,60.553024,0,0.33058292,,person
996.65955,211.69762,1058.1108,362.55847,0,0.2873501,,person
385.14792,514.2424,469.0735,649.6875,0,0.26434946,,person
159.51065,707.15796,249.9561,906.64294,0,0.83085674,,person
1128.9376,776.99615,1204.1521,960.6348,0,0.80537754,,person
1605.0894,765.01575,1707.8071,968.4562,0,0.80331093,,person
1695.7024,423.3524,1770.0198,593.7181,0,0.78913516,,person
1020.74286,828.4257,1078.5056,1024.4899,0,0.7513619,,person
1176.0593,986.4805,1270.7375,1079.6276,0,0.7423757,,person
1057.6609,584.8768,1140.3956,752.0418,0,0.74033874,,person
1750.0148,190.26778,1824.1058,339.63696,0,0.7264619,,person
85.07936,84.93285,153.7711,234.36916,0,0.7082209,,person
739.44324,241.49469,796.20013,386.3702,0,0.6726595,,person
689.73816,355.48627,752.8856,509.87036,0,0.66439533,,person
0.0,510.3828,58.406208,671.90497,0,0.64545566,,person
570.61865,408.8388,649.716,555.4946,0,0.6448186,,person
1107.7566,146.1135,1154.0709,261.08725,0,0.6383857,,person
914.57666,305.96906,987.0121,455.60724,0,0.60856706,,person
1590.208,599.3452,1676.7162,765.77216,0,0.58615524,,person
1784.6299,290.2598,1859.0011,445.2324,0,0.58595115,,person
1676.8257,43.444702,1720.9343,154.72162,0,0.5789741,,person
1380.673,34.296448,1422.25,167.57645,0,0.5450491,,person
802.4777,47.324757,839.3156,171.95677,0,0.5437265,,person
1645.1294,48.230522,1687.2202,155.90167,0,0.5284725,,person
1152.0931,30.4214,1192.4952,149.86703,0,0.5234211,,person
1186.4681,2.3854523,1228.418,126.3853,0,0.5197034,,person
1702.7792,88.53948,1770.6066,223.27592,0,0.50378144,,person
1876.3667,286.39233,1919.4045,431.75308,0,0.49294895,,person
578.68964,313.7557,641.0209,425.05316,0,0.48925632,,person
995.89124,214.7472,1056.6548,369.05127,0,0.48857057,,person
341.81427,475.45926,396.79315,629.1686,0,0.48582888,,person
709.1358,75.49482,756.72455,203.04402,0,0.47489887,,person
1168.2755,310.38586,1232.9999,436.45105,0,0.43420127,,person
158.56833,910.5359,265.07697,1080.0,0,0.433712,,person
906.2331,32.02288,943.7115,154.28015,0,0.3934927,,person
1323.7313,0.0,1372.937,107.0717,0,0.3837651,,person
862.7412,50.81397,909.79346,176.10333,0,0.35812578,,person
384.22086,510.70325,471.90027,650.6946,0,0.33676288,,person
962.7548,0.0,1000.7983,103.488785,0,0.33560988,,person
1880.8661,163.83156,1919.4841,275.9765,0,0.26695216,,person
237.0185,0.0,287.69742,60.691315,0,0.26626876,,person
157.727,714.05115,249.36928,913.2168,0,0.8469307,,person
1604.2017,769.5855,1707.8628,973.4731,0,0.81201786,,person
1694.1709,420.01465,1768.2825,588.32355,0,0.8001392,,person
1175.5186,982.91144,1269.763,1079.8015,0,0.7779439,,person
1057.1702,577.45825,1139.6464,746.45966,0,0.7592075,,person
1128.0391,783.44574,1201.2173,956.72375,0,0.7437508,,person
1751.978,192.92441,1825.1254,344.29633,0,0.73352206,,person
1020.2449,824.5252,1079.6301,1016.9958,0,0.7102068,,person
0.0040225983,510.6514,62.748302,675.79803,0,0.67370355,,person
739.7241,240.41501,795.57166,386.20938,0,0.66660064,,person
1108.5874,147.12997,1155.0553,261.21017,0,0.66332054,,person
690.4963,353.5317,753.67914,503.4429,0,0.6597797,,person
570.9113,410.7171,647.93005,559.29004,0,0.6585365,,person
1677.3962,42.916218,1722.134,154.50311,0,0.6505892,,person
914.786,306.1006,984.7883,455.67728,0,0.64514285,,person
1592.2983,601.858,1678.3466,770.7792,0,0.64499843,,person
84.63669,111.7097,152.72556,233.74136,0,0.5698843,,person
1645.2817,47.65766,1687.8516,156.07237,0,0.5680874,,person
1380.6252,33.914192,1422.2751,167.22263,0,0.5525556,,person
1784.8141,289.5793,1863.2045,443.26404,0,0.545314,,person
579.48944,315.5212,641.2177,425.8441,0,0.5435829,,person
802.40137,47.275948,839.3526,172.23354,0,0.53939563,,person
1879.3184,287.81287,1919.335,435.1494,0,0.5311605,,person
709.46906,72.189514,755.92847,201.15976,0,0.52188575,,person
1185.3063,1.2783737,1228.1207,125.55556,0,0.5140732,,person
341.9936,475.15594,396.93777,630.38544,0,0.49355415,,person
159.45117,913.09973,265.43765,1080.0,0,0.48531204,,person
86.81023,72.27026,168.55396,231.91864,0,0.45893824,,person
1151.5144,28.912817,1190.7999,148.0356,0,0.43131495,,person
1705.8182,87.90582,1770.5548,221.59323,0,0.4244008,,person
673.7613,1033.3649,742.4445,1079.997,0,0.424351,,person
382.74088,511.90268,472.5737,650.81226,0,0.3825876,,person
996.5966,214.90704,1056.9741,372.46536,0,0.37389353,,person
905.74475,33.063,944.3734,155.41098,0,0.368973,,person
1167.3834,309.76108,1233.4299,410.65402,0,0.35147533,,person
862.5,50.828705,909.48267,176.33849,0,0.34535733,,person
1881.2952,164.16069,1919.48,275.66522,0,0.33974525,,person
236.63649,0.0,288.06165,59.770947,0,0.3286029,,person
1322.8828,0.0,1371.2875,106.74561,0,0.29242662,,person
444.46738,497.16357,509.58243,626.4699,0,0.27961937,,person
341.89145,475.0956,437.52396,634.8291,0,0.2731282,,person
155.75175,717.09625,248.29596,921.8756,0,0.8411858,,person
1173.9254,978.80475,1269.813,1080.0,0,0.81490695,,person
1690.5128,418.56665,1766.0057,584.6529,0,0.8064637,,person
1055.5111,574.86755,1137.7266,742.9708,0,0.76413155,,person
1122.0505,785.248,1198.5593,957.3926,0,0.730692,,person
1018.35315,819.68353,1077.8148,1006.2237,0,0.71834064,,person
1604.9196,779.8019,1708.3405,982.56116,0,0.7182988,,person
0.02312851,514.366,65.36321,678.99286,0,0.715347,,person
1752.951,198.47882,1824.282,349.8575,0,0.6906423,,person
1109.1577,146.90872,1155.2739,261.23056,0,0.6842549,,person
690.98456,351.29562,753.7437,498.84915,0,0.683879,,person
570.34375,415.8525,649.644,565.5968,0,0.67259765,,person
739.7767,239.75414,794.85443,386.24112,0,0.6718973,,person
914.6453,306.9649,983.9156,453.9345,0,0.65262276,,person
1596.0022,608.00977,1681.4443,780.0912,0,0.64933395,,person
1677.9639,43.655697,1722.9009,155.85698,0,0.5782258,,person
710.40454,71.745186,756.8339,198.65562,0,0.5642827,,person
1380.526,33.928658,1422.1616,167.27655,0,0.55782986,,person
802.2246,47.295593,839.30347,172.13498,0,0.54989547,,person
667.38165,1025.3881,748.53674,1080.0,0,0.5487864,,person
85.21932,58.567066,174.54103,231.10213,0,0.52634406,,person
1183.608,1.533165,1228.0133,125.88057,0,0.5248354,,person
1705.2914,88.202614,1770.8805,223.35704,0,0.52439594,,person
341.97614,474.99136,397.53857,630.41876,0,0.52433556,,person
579.881,318.3543,641.5209,427.2614,0,0.5052927,,person
1880.5836,293.7695,1919.3287,434.53687,0,0.4938729,,person
1646.1464,47.474236,1690.8087,157.19308,0,0.481008,,person
1783.883,292.13516,1864.221,444.46115,0,0.47531515,,person
159.77486,919.4938,267.6506,1080.0,0,0.44251877,,person
382.4154,502.83206,472.1521,651.11597,0,0.4200908,,person
84.85677,112.78137,161.75967,233.36943,0,0.41530204,,person
995.9189,216.11494,1057.3551,374.06506,0,0.39227024,,person
1320.0088,1.7489433,1369.548,108.17753,0,0.38451612,,person
1166.7057,308.9595,1233.3107,412.00012,0,0.38108367,,person
1881.4966,166.41153,1919.4595,276.54132,0,0.37718982,,person
906.83514,34.00722,944.84546,157.07506,0,0.37120903,,person
862.42554,50.454277,909.3522,176.05829,0,0.3591779,,person
964.84406,1.6886902,1000.4357,102.097206,0,0.34467226,,person
1150.8732,30.40487,1189.6117,140.19846,0,0.33988452,,person
85.43448,114.515015,139.07596,233.34663,0,0.3056726,,person
444.80658,497.39273,509.47925,625.9658,0,0.27586475,,person
235.93846,0.0,289.2568,61.598614,0,0.26076475,,person
155.04356,720.3444,247.69585,924.5548,0,0.80690086,,person
1117.4945,788.2295,1196.0698,959.0757,0,0.79725736,,person
1171.0531,973.77924,1270.0406,1080.0,0,0.7828897,,person
1685.6155,416.3463,1764.052,581.5814,0,0.7828336,,person
1056.1202,571.5993,1138.3694,736.6368,0,0.74181306,,person
0.0,518.8025,65.562035,680.9369,0,0.7353885,,person
1015.61993,814.4222,1080.4293,991.4403,0,0.7259426,,person
1751.9221,202.13008,1825.1863,353.84998,0,0.67610914,,person
739.8023,238.55374,794.7127,384.83746,0,0.675412,,person
914.6851,309.45273,982.66907,454.5649,0,0.66995,,person
1109.0739,148.35028,1156.4894,260.546,0,0.66706663,,person
691.41785,347.45673,752.8067,498.94794,0,0.6646007,,person
569.14777,421.6219,649.671,567.50903,0,0.63793945,,person
662.8482,1018.21967,749.82074,1080.0,0,0.6149749,,person
1791.8818,297.752,1861.7534,452.75317,0,0.58067983,,person
160.58597,921.26715,267.78607,1080.0,0,0.5792048,,person
1183.2174,2.0005589,1225.6785,125.00198,0,0.55803275,,person
802.01843,46.313004,838.98376,171.85968,0,0.5570875,,person
1381.2195,34.270454,1421.7162,167.87097,0,0.54048145,,person
341.59372,473.98618,398.54126,630.94415,0,0.53848404,,person
711.3879,71.55968,759.1742,199.98633,0,0.5314547,,person
579.0389,321.5232,640.65955,432.467,0,0.5189163,,person
1707.9188,88.49025,1770.4713,224.8217,0,0.5150597,,person
1879.8984,291.8952,1919.3368,434.30127,0,0.50849885,,person
85.334496,113.3719,140.21916,233.4721,0,0.49776012,,person
85.754265,101.7527,172.14429,232.30527,0,0.48759446,,person
1681.3033,42.14653,1723.0756,156.61322,0,0.48491055,,person
1594.4795,613.7315,1685.5532,790.16516,0,0.48261103,,person
1149.849,26.74958,1189.6012,140.11525,0,0.45712075,,person
1609.6576,780.7308,1712.8822,985.8228,0,0.4447107,,person
862.22754,50.63434,909.0121,175.55307,0,0.4015937,,person
995.1242,219.03593,1057.4897,374.82077,0,0.39991605,,person
383.96906,502.55786,473.3767,651.0271,0,0.39142656,,person
1880.7896,167.68286,1919.3732,283.14835,0,0.38394126,,person
965.7649,2.8367615,1001.6003,100.6975,0,0.37463382,,person
1321.302,1.8185234,1370.6859,106.93987,0,0.37385112,,person
1648.5132,47.592064,1692.1373,158.44118,0,0.37163138,,person
1165.3075,306.5073,1234.7792,436.38638,14,0.35084373,,bird
445.75836,496.34097,509.81012,626.98956,0,0.31943822,,person
908.6823,34.998367,944.5878,159.90387,0,0.31297526,,person
1594.153,610.0767,1685.2102,789.43567,16,0.26733962,,dog
87.604546,55.32097,180.16614,235.62254,0,0.25563392,,person
154.89803,728.6595,248.94109,930.7182,0,0.8338731,,person
1170.0624,961.3301,1269.3905,1080.0,0,0.81883067,,person
1680.7366,415.3091,1761.5809,580.9492,0,0.7746593,,person
1115.483,790.4794,1193.4706,963.5087,0,0.7724236,,person
1014.68286,808.1869,1080.1105,984.64325,0,0.7714362,,person
1054.7513,568.55164,1139.7734,735.275,0,0.75521743,,person
0.009395599,525.2177,66.06249,685.6716,0,0.7018338,,person
661.0656,1014.2756,751.07697,1080.0,0,0.6920477,,person
691.3096,345.59305,753.68134,503.38458,0,0.68029374,,person
915.40564,310.51273,982.4519,460.20328,0,0.67892355,,person
740.2418,233.58723,795.0301,384.35535,0,0.6760827,,person
1791.1444,300.15445,1863.9706,458.12283,0,0.6598995,,person
1108.7355,151.08348,1157.083,262.03476,0,0.6519781,,person
1595.8524,617.86707,1688.0929,799.85944,0,0.6515062,,person
1753.9156,203.2397,1825.1942,358.19614,0,0.63664377,,person
569.37604,421.8166,650.7129,572.174,0,0.62391347,,person
1708.837,88.907455,1771.3302,223.53232,0,0.6198654,,person
1182.3065,1.7312737,1225.2019,125.294754,0,0.5771224,,person
801.65424,46.33779,839.0162,171.85236,0,0.5631998,,person
1381.22,34.214165,1421.5281,167.82953,0,0.54383373,,person
341.51166,474.07983,398.49957,630.75476,0,0.5376079,,person
578.34863,322.55032,639.58844,432.9104,0,0.5259652,,person
1148.1831,23.354336,1189.366,137.91289,0,0.52450234,,person
1612.6322,783.3034,1714.1495,983.2421,0,0.52007335,,person
711.5631,69.596375,760.017,199.14775,0,0.5133019,,person
85.04543,112.17662,140.06126,233.34256,0,0.468125,,person
84.795135,101.41008,175.54253,232.06357,0,0.4658659,,person
1879.9768,301.39316,1919.3782,434.90543,0,0.45952687,,person
1682.5302,43.546623,1724.6649,157.1039,0,0.45604503,,person
862.36285,50.957336,908.22546,175.30879,0,0.41304904,,person
908.0105,35.737785,945.8822,160.90192,0,0.40932873,,person
1880.7286,167.38261,1919.3632,287.3293,0,0.38359272,,person
159.9451,924.2842,268.03748,1080.0,0,0.38054556,,person
384.5333,505.89386,471.74973,650.9652,0,0.37217438,,person
1319.5068,2.5950623,1369.7795,106.70375,0,0.3678497,,person
445.95648,496.62552,509.807,626.90314,0,0.35678536,,person
1650.174,48.73281,1693.0364,157.63998,0,0.3423051,,person
967.07324,2.1182098,1001.832,97.99938,0,0.33570525,,person
1166.5457,305.5191,1235.6676,405.53314,0,0.31881312,,person
995.28625,220.46182,1058.0559,373.66574,0,0.3099357,,person
236.23814,0.1793518,287.01044,65.17006,0,0.27427828,,person
1166.9451,949.7166,1269.0398,1080.0,0,0.8125364,,person
149.22168,738.8626,246.48927,935.58563,0,0.8084685,,person
1666.2458,409.86484,1758.6313,578.9446,0,0.7862351,,person
1052.604,565.0628,1139.9055,741.7076,0,0.7674492,,person
1086.1367,795.5666,1187.8503,985.0425,0,0.7517212,,person
1011.4994,800.5406,1077.6855,973.31085,0,0.7372221,,person
694.28394,336.0672,755.222,494.0884,0,0.7308861,,person
663.09045,1006.25354,753.10803,1079.135,0,0.7289261,,person
0.06144905,523.50165,67.23424,690.06964,0,0.71017414,,person
1105.9048,153.3944,1158.5519,265.01385,0,0.6817395,,person
1787.9465,305.0234,1864.5029,466.5921,0,0.65889865,,person
917.85266,312.09332,980.6624,469.7692,0,0.6363088,,person
1753.0503,208.61014,1826.1248,364.9837,0,0.6362297,,person
801.3157,46.32012,838.9911,171.61423,0,0.6039247,,person
1709.5735,91.41703,1771.6411,225.64752,0,0.58320004,,person
88.107,112.8891,137.02744,233.53725,0,0.58138573,,person
569.13855,428.8275,652.2186,580.80927,0,0.57667637,,person
739.9378,230.86505,795.49316,378.09213,0,0.56574935,,person
575.9738,325.2281,637.14014,440.0821,0,0.55655986,,person
341.68454,474.0617,399.25555,630.6057,0,0.55119836,,person
1381.2904,34.13633,1421.3242,167.66304,0,0.54717577,,person
1182.2372,0.41174698,1223.9017,121.67556,0,0.5163791,,person
1599.0685,627.1857,1693.2499,808.6478,0,0.47782522,,person
160.01105,926.2544,268.38815,1080.0,0,0.47754222,,person
909.5654,38.02201,947.2861,163.23534,0,0.4690378,,person
1881.4409,310.4025,1919.335,435.45255,0,0.4480622,,person
1323.8298,0.0,1371.624,104.99844,0,0.43804577,,person
710.9727,66.82054,759.5244,196.9194,0,0.42965212,,person
1147.6951,20.868822,1184.3835,132.29706,0,0.415959,,person
862.7783,50.66467,908.29834,175.00362,0,0.41109753,,person
1684.2059,46.854996,1727.4602,159.94107,0,0.37025353,,person
235.30467,0.0,287.16187,66.924324,0,0.36677906,,person
1880.5607,173.32416,1919.3519,291.05475,0,0.35989895,,person
1648.7922,55.230873,1693.0745,163.62135,0,0.33759475,,person
995.2293,224.90593,1057.6924,373.51804,0,0.33680436,,person
445.707,496.51428,510.13284,626.443,0,0.33006698,,person
1168.3644,300.8997,1234.9548,430.07547,0,0.32001737,,person
385.3724,506.31592,461.2786,649.55145,0,0.31412283,,person
1617.6493,793.628,1718.8129,982.5295,0,0.31038573,,person
116.35282,54.00964,179.55,153.50493,0,0.2856145,,person
116.43093,53.236748,161.73877,144.77563,0,0.25895217,,person
89.979164,90.50323,177.02998,231.72643,0,0.2535265,,person
1166.2639,943.36285,1269.1106,1080.0,0,0.8116151,,person
145.52893,744.30414,238.33966,934.7609,0,0.7778354,,person
1009.06116,796.8836,1077.5671,972.22687,0,0.7548819,,person
1054.095,560.9629,1141.2557,737.10425,0,0.7518089,,person
1081.9031,799.8911,1183.2329,988.7527,0,0.74472964,,person
1661.6365,408.95563,1755.7399,581.7488,0,0.7364799,,person
663.22705,1000.07336,755.3348,1079.5038,0,0.7310652,,person
695.42413,332.88388,756.41986,489.18732,0,0.72725785,,person
569.6437,425.05307,652.74866,583.813,0,0.6767003,,person
0.086717606,519.25836,66.888176,690.35284,0,0.6710689,,person
1753.398,210.1571,1825.658,366.44644,0,0.6572002,,person
1790.1083,307.03638,1868.6019,465.6396,0,0.64361256,,person
914.7043,319.76736,982.90265,473.80072,0,0.63812673,,person
1105.6831,153.92065,1159.251,267.8226,0,0.61797816,,person
800.5256,46.674957,839.03156,171.21922,0,0.5944418,,person
86.68696,111.190315,137.62653,233.739,0,0.5776213,,person
740.6649,227.85228,795.3056,372.9748,0,0.56623447,,person
1711.6868,94.99428,1770.7756,229.09341,0,0.55333453,,person
1381.7856,34.007954,1421.3629,167.75409,0,0.5425255,,person
341.60397,473.95038,399.5749,630.3649,0,0.52989864,,person
575.17554,325.89917,635.9775,442.7829,0,0.49164832,,person
911.203,38.944107,948.37836,164.55542,0,0.45278293,,person
1179.4966,0.13625336,1220.5803,124.52451,0,0.44947526,,person
1881.5095,313.15237,1919.3417,435.56277,0,0.4397951,,person
1618.0543,796.6406,1720.9427,982.90375,0,0.43696034,,person
1321.555,1.037281,1368.9878,105.43463,0,0.43683162,,person
1647.9174,56.078476,1692.9298,165.44353,0,0.4283005,,person
711.6872,65.97503,758.85205,195.68872,0,0.427055,,person
122.702385,53.611797,183.26689,155.83,0,0.42548332,,person
1683.1293,47.17724,1728.278,162.53252,0,0.4026383,,person
1598.7444,631.006,1698.5182,818.4849,0,0.3831913,,person
862.74976,50.678078,907.7479,174.66568,0,0.3777928,,person
1167.7,297.9516,1235.1731,427.2032,0,0.3676332,,person
1145.7283,21.759974,1185.297,130.53612,0,0.35538915,,person
1880.4486,177.52185,1919.3673,290.32764,0,0.35277033,,person
159.47757,927.76685,268.2619,1079.9052,0,0.33254007,,person
996.3327,224.33487,1058.4944,374.0073,0,0.3226963,,person
235.04285,0.0,285.55267,66.7619,0,0.3209741,,person
969.0652,0.0,1001.81396,93.530685,0,0.30058163,,person
387.33582,506.27527,463.40588,649.6716,0,0.29005072,,person
1167.2311,297.50577,1235.7771,426.49377,14,0.28744113,,bird
444.371,496.11487,509.59756,625.8607,0,0.27855992,,person
1164.2887,935.0829,1269.9329,1080.0,0,0.85973215,,person
143.65787,747.4863,237.1426,935.881,0,0.79940337,,person
662.2147,995.11926,756.33954,1079.9004,0,0.7462176,,person
1083.3912,803.51733,1178.8895,993.25104,0,0.7225101,,person
1656.4077,407.2824,1752.1115,580.79517,0,0.70071524,,person
1009.59064,795.5673,1078.9315,975.8859,0,0.69466287,,person
569.3211,433.35388,653.5773,584.4644,0,0.68899816,,person
1055.2555,559.34235,1140.0039,740.1535,0,0.6707746,,person
694.92883,328.67102,755.07806,484.69537,0,0.66272634,,person
1751.9473,211.03162,1827.1201,369.01666,0,0.660512,,person
915.0161,322.63718,982.6908,476.6992,0,0.653625,,person
1104.7145,155.61769,1159.8893,274.298,0,0.62433577,,person
1790.6134,310.43686,1870.5529,473.27438,0,0.61981535,,person
0.091501236,510.11334,66.715294,690.137,0,0.60296696,,person
739.4315,226.54303,795.1395,366.89667,0,0.57994676,,person
800.7054,46.594414,839.1235,171.16873,0,0.57495517,,person
86.47822,111.64549,137.60515,233.45792,0,0.573377,,person
1599.3812,636.6385,1700.6862,821.89087,0,0.55923957,,person
1710.8256,96.705414,1770.8098,232.40314,0,0.5227492,,person
341.41205,474.03217,399.50583,630.93896,0,0.5210504,,person
1381.5026,33.891563,1421.2156,167.70186,0,0.5065418,,person
123.39324,55.80737,178.33443,157.15633,0,0.49469638,,person
911.339,40.850418,948.74854,165.59373,0,0.4623322,,person
711.23694,64.049835,758.63763,195.67387,0,0.4472182,,person
576.9434,326.6218,632.8309,446.23654,0,0.4454164,,person
1169.9403,294.26907,1234.277,423.25662,0,0.44311893,,person
1880.7059,314.64252,1919.3496,435.6692,0,0.40582967,,person
1179.9814,0.0,1219.8153,124.16956,0,0.38737634,,person
158.52704,931.3834,268.758,1080.0,0,0.38510248,,person
1619.5269,799.8036,1721.9008,985.60547,0,0.38109338,,person
1647.3735,56.6865,1696.1565,166.1342,0,0.3755176,,person
1321.3247,1.6975136,1368.5681,105.812645,0,0.371942,,person
862.4469,50.307816,907.02356,174.94968,0,0.3650594,,person
997.1371,224.15872,1058.2412,373.78775,0,0.35215673,,person
1683.342,48.714447,1729.2466,164.01317,0,0.34937686,,person
1144.4579,21.327044,1186.0652,130.21776,0,0.34671262,,person
1880.9648,182.1677,1919.384,294.33063,0,0.34122056,,person
235.34885,0.14253616,283.52545,68.3364,0,0.28783816,,person
391.0775,504.0818,462.39783,654.0617,0,0.28424835,,person
967.7926,0.0,1002.037,94.45922,0,0.25487643,,person
1164.4216,928.5399,1270.1508,1080.0,0,0.8717509,,person
141.46881,751.26013,239.68182,939.0718,0,0.7992085,,person
662.43475,990.51196,758.25586,1079.8975,0,0.78849643,,person
1052.5171,554.1248,1139.7529,740.1598,0,0.72554666,,person
1080.4495,806.562,1177.1006,998.19543,0,0.7193358,,person
1751.862,210.74698,1827.1748,369.6962,0,0.7055491,,person
1661.9886,405.37512,1747.5007,580.827,0,0.705141,,person
569.8374,438.82956,654.0626,584.47107,0,0.66837865,,person
1009.38904,792.81335,1077.6116,976.0913,0,0.6665263,,person
85.746475,110.40582,138.93834,233.96072,0,0.65809983,,person
694.50714,327.01865,754.9768,482.29797,0,0.62496567,,person
0.042749405,511.79196,66.82237,688.31146,0,0.6240789,,person
1791.7311,311.5461,1872.1265,476.66953,0,0.6121388,,person
1105.1312,158.32118,1159.7523,275.8595,0,0.6049311,,person
916.57367,322.89386,982.08826,479.2339,0,0.59914607,,person
739.53174,224.80898,795.5838,362.92093,0,0.5988773,,person
1709.2277,97.10496,1771.403,237.59344,0,0.581641,,person
800.79254,46.845295,839.16046,171.4406,0,0.56524104,,person
130.00987,46.49372,182.53131,159.53407,0,0.5297544,,person
341.14325,473.70145,399.24118,631.5094,0,0.5192855,,person
1381.6777,33.591568,1420.5148,168.37051,0,0.50882655,,person
1170.2224,291.6167,1232.8971,416.48914,0,0.47097397,,person
1647.4629,56.22698,1698.1091,166.76276,0,0.45158887,,person
995.62885,225.30066,1057.8967,374.15094,0,0.4446229,,person
712.31824,66.066124,756.8103,196.82886,0,0.42455015,,person
1602.0604,641.0431,1703.8502,826.147,14,0.3969686,,bird
1321.8174,1.5978584,1369.0205,105.88557,0,0.3968796,,person
1881.2721,314.20425,1919.3346,433.84894,0,0.38534418,,person
1181.5056,0.37877655,1218.5159,124.17119,0,0.38177058,,person
912.6689,41.422096,949.9041,164.84853,0,0.37986133,,person
1620.9316,801.6436,1723.6304,986.45013,0,0.3644788,,person
235.24182,0.0,285.4305,68.89477,0,0.36367935,,person
1099.8235,810.1978,1177.5593,968.78564,0,0.3629259,,person
576.97687,328.2994,632.0299,446.7778,0,0.35835075,,person
1144.2068,20.682037,1187.2472,130.87633,0,0.35280305,,person
1683.8932,48.869583,1730.6774,164.1531,0,0.35178998,,person
1623.3673,801.2879,1726.0554,984.0264,14,0.34216523,,bird
1879.9819,179.36288,1919.4265,303.50528,0,0.3168806,,person
862.31525,50.124565,905.9418,174.43867,0,0.30417073,,person
389.85846,504.8671,463.61517,654.04144,0,0.28769767,,person
158.86359,934.94037,270.80923,1080.0,0,0.28388283,,person
1169.8755,290.34418,1231.9856,417.19638,14,0.26823238,,bird
1098.7527,0.0,1123.0955,36.942276,0,0.26100948,,person
663.363,985.0679,758.26117,1080.0,0,0.7955124,,person
1657.8666,401.20972,1745.3536,578.14417,0,0.7913618,,person
1166.2614,920.6962,1271.4683,1080.0,0,0.7736798,,person
1053.5497,551.62085,1138.8658,738.1582,0,0.7569251,,person
138.64146,754.2466,235.85197,943.08966,0,0.75520134,,person
1090.0216,809.5882,1173.8584,989.7475,0,0.7375738,,person
1752.6156,212.85544,1827.3629,370.6301,0,0.6846555,,person
738.00116,221.78476,794.7005,358.411,0,0.6695033,,person
1008.87714,787.67365,1075.7559,974.2365,0,0.6646949,,person
0.0,510.5504,67.390945,688.0871,0,0.65839344,,person
916.73,325.88538,981.90875,482.1594,0,0.64591277,,person
86.20406,110.02528,138.14453,234.19446,0,0.64586675,,person
695.1288,325.38074,755.28766,480.10303,0,0.64207107,,person
1801.4767,314.16736,1872.6637,477.2432,0,0.6386574,,person
1105.4722,161.16313,1159.8898,277.92966,0,0.62203413,,person
1625.7225,805.3081,1728.0543,984.3882,14,0.59507096,,bird
1709.246,98.94919,1770.8353,241.49675,0,0.58740884,,person
568.83484,445.145,652.6962,584.7681,0,0.58268434,,person
800.4808,46.708366,839.203,171.56232,0,0.5801809,,person
131.79507,47.671967,181.47249,159.92479,0,0.5674326,,person
1606.7974,645.59314,1707.338,826.21497,14,0.55171835,,bird
341.17172,473.79565,398.5869,631.29584,0,0.52980065,,person
1381.5686,33.518547,1420.5411,168.44627,0,0.51804006,,person
994.52606,225.90752,1057.2206,375.39737,0,0.51140034,,person
1647.0824,55.74259,1700.5258,167.28316,0,0.45869297,,person
575.6574,330.41092,632.4587,447.085,0,0.45552808,,person
1169.9883,291.1266,1231.3131,413.47092,0,0.45123866,,person
1319.7913,1.5458908,1367.5796,105.838165,0,0.43957686,,person
1881.3652,317.11908,1919.3578,437.31335,0,0.43701944,,person
1685.2782,48.49774,1732.6769,164.68654,0,0.40317968,,person
713.84106,64.246605,755.83923,195.0651,0,0.40178242,,person
235.23212,0.0,285.42667,69.58722,0,0.39380777,,person
159.07523,938.1645,270.56808,1080.0,0,0.38985533,,person
911.4146,42.042572,950.7596,165.05818,0,0.38211408,,person
1880.9722,182.18376,1919.3815,300.8069,0,0.3651232,,person
1144.1171,17.4306,1184.1498,130.17685,0,0.34187156,,person
1179.0831,0.0,1218.5955,122.64061,0,0.33929262,,person
389.7701,502.28433,462.04056,653.86774,0,0.32550597,,person
861.7405,50.150528,904.7831,174.24055,0,0.3121898,,person
1169.119,290.06418,1230.2825,414.33896,14,0.27595833,,bird
1176.3414,911.79364,1270.9019,1080.0,0,0.8067755,,person
132.69998,758.96136,227.8973,945.5916,0,0.8037152,,person
1656.7324,394.44992,1736.1057,569.63837,0,0.771621,,person
664.3429,972.3373,763.2614,1080.0,0,0.7694188,,person
1626.4116,815.6296,1728.7068,1021.01807,0,0.7420723,,person
1085.8374,814.60364,1167.1198,1001.1815,0,0.7399022,,person
1056.639,546.50464,1137.5013,729.7699,0,0.73684716,,person
910.5766,331.23358,979.08496,484.69254,0,0.7086543,,person
1753.6454,216.67648,1828.6622,370.3527,0,0.69806445,,person
1800.497,316.06522,1878.5314,476.2868,0,0.6667942,,person
695.0513,321.5301,756.0231,478.81696,0,0.6660065,,person
1004.2943,779.4604,1071.2025,971.3401,0,0.631103,,person
87.358154,113.0571,136.96385,231.69484,0,0.6259704,,person
736.27734,218.0684,790.30176,354.27887,0,0.62425077,,person
1104.4512,165.57202,1159.6589,285.31085,0,0.6143698,,person
0.051733017,508.36435,68.4994,691.45435,0,0.61409175,,person
134.629,45.43199,181.98358,156.01654,0,0.583641,,person
800.7541,46.90805,839.14325,171.71869,0,0.56775194,,person
1172.8928,288.44632,1230.627,409.87033,0,0.56410927,,person
568.84955,435.9818,650.6772,585.9377,0,0.53693765,,person
340.93314,474.04477,398.8828,631.30066,0,0.53142,,person
1381.5039,33.917465,1420.305,168.34865,0,0.5178156,,person
1707.7655,102.329315,1771.1174,244.24672,0,0.48905113,,person
163.48232,937.11914,275.883,1080.0,0,0.4824564,,person
996.4552,231.55682,1056.8492,383.9333,0,0.436786,,person
1319.021,0.91036606,1366.6245,106.411476,0,0.41934913,,person
1650.2935,55.14147,1704.3326,164.5708,0,0.41426903,,person
712.6033,58.008343,757.055,189.4895,0,0.4140586,,person
1617.2241,652.39746,1713.2666,825.9214,0,0.41367245,,person
1879.9816,180.09164,1919.3936,302.4494,0,0.41010427,,person
1702.5408,50.59449,1735.057,131.84827,0,0.39336348,,person
574.0642,331.8744,634.1867,451.96228,0,0.39300892,,person
1882.8486,322.1471,1919.4324,443.46692,0,0.39213252,,person
1175.7584,0.0,1219.0188,117.20723,0,0.35779852,,person
195.76387,944.0471,275.55835,1080.0,0,0.35142177,,person
1142.9333,21.038956,1182.3102,129.87181,0,0.32205617,,person
1700.8282,50.911514,1737.2428,154.90892,0,0.28370205,,person
386.49765,508.75702,470.7638,650.434,0,0.28281465,,person
914.0638,45.30448,951.96716,165.2451,0,0.27034387,,person
861.08997,51.022934,902.4998,167.64267,0,0.26976448,,person
969.83136,0.0,1006.6213,92.98446,0,0.26154208,,person
667.6473,963.7965,766.6268,1080.0,0,0.8136809,,person
1658.8118,394.74692,1735.0042,568.15015,0,0.79926914,,person
1177.6938,906.26697,1272.2836,1077.0494,0,0.7925298,,person
1753.1693,217.93817,1829.6063,370.08246,0,0.75215685,,person
130.87944,762.7447,226.4409,948.86334,0,0.73808205,,person
1629.3201,823.684,1731.7236,1032.2693,0,0.7179912,,person
908.46075,332.54556,978.49603,486.3094,0,0.7131947,,person
1085.0388,817.28815,1160.0859,999.52057,0,0.68616503,,person
1056.4149,543.70667,1136.5784,723.96704,0,0.6780673,,person
695.3761,317.77103,756.6982,479.97885,0,0.670457,,person
1796.2354,316.11487,1879.727,475.93372,0,0.64273894,,person
88.22727,111.55785,136.8667,233.55937,0,0.6425138,,person
1004.68195,777.41547,1069.3536,967.4548,0,0.61801344,,person
735.9835,217.16698,789.37115,354.61743,0,0.6081517,,person
1103.2273,166.87999,1157.8763,285.69308,0,0.6079345,,person
136.85359,44.894073,185.68556,158.54036,0,0.5892678,,person
800.8707,47.01226,839.1687,171.78252,0,0.58244586,,person
0.08185959,509.2253,69.93822,700.26556,0,0.5729277,,person
165.317,942.2582,277.2208,1080.0,0,0.53761584,,person
1381.0953,33.64762,1420.2327,168.55334,0,0.52294743,,person
340.80112,473.9328,399.182,631.65857,0,0.51841956,,person
712.2408,54.991676,760.7089,183.155,0,0.5176582,,person
1174.5765,288.8099,1230.4061,409.20285,0,0.5088809,,person
568.1514,443.01462,651.5816,582.9154,0,0.47143656,,person
1175.7554,0.0,1217.0431,111.67838,0,0.43728706,,person
1708.0393,103.44738,1771.1704,245.57864,0,0.43125552,,person
1317.8644,1.1477509,1366.7378,105.6191,0,0.4274228,,person
571.9019,334.39877,636.5658,458.2036,0,0.41928264,,person
995.703,234.60059,1056.3373,388.9627,0,0.41278344,,person
1703.1372,52.00422,1737.7332,140.94699,0,0.41157156,,person
1652.0731,55.21999,1702.1682,164.6044,0,0.39844093,,person
1880.3529,179.73793,1919.3917,302.7458,0,0.3694191,,person
1141.6469,23.355612,1179.8639,130.58134,0,0.3647501,,person
1882.3733,327.46887,1919.4119,444.68484,0,0.35614803,,person
1620.1759,657.9644,1714.955,828.42535,0,0.32431614,,person
385.93097,507.0035,471.5509,650.4585,0,0.2916856,,person
860.7781,50.974964,901.9728,167.949,0,0.27498472,,person
914.1189,46.159332,952.22644,167.74266,0,0.26042336,,person
667.8628,959.4421,771.33606,1080.0,0,0.81314266,,person
1659.1091,390.7488,1734.4578,563.8686,0,0.78620476,,person
1176.7646,903.8042,1271.2401,1080.0,0,0.7692669,,person
909.24884,335.3269,977.16174,485.197,0,0.7330147,,person
1754.6935,218.30214,1830.1805,369.5862,0,0.6987247,,person
694.3144,315.27695,756.991,480.6644,0,0.6713025,,person
1059.2076,541.7281,1135.6355,718.81415,0,0.66465646,,person
1079.8982,820.0386,1156.6589,998.1145,0,0.6619077,,person
88.3649,111.516884,136.87961,233.48233,0,0.6514644,,person
1004.2698,772.5963,1067.7799,962.8469,0,0.63058585,,person
139.56377,46.02733,188.30113,157.68857,0,0.6304827,,person
128.66579,766.47,225.4649,954.46545,0,0.616818,,person
1104.9991,167.26703,1155.21,285.90637,0,0.6093605,,person
1800.4263,321.91904,1880.9011,475.9241,0,0.57487035,,person
800.5472,47.15401,839.1925,171.88344,0,0.5651123,,person
736.15857,216.4503,788.5132,354.52835,0,0.5635127,,person
1623.2534,660.5006,1718.0757,830.83466,14,0.5538086,,bird
0.06675911,518.06274,72.22101,709.485,0,0.5469732,,person
1707.6321,105.63025,1771.1975,247.25317,0,0.52426356,,person
166.20506,947.15515,274.50626,1080.0,0,0.51564467,,person
567.7086,442.67953,648.8302,585.4029,0,0.5128452,,person
1380.9951,33.605247,1420.0599,168.48024,0,0.51258,,person
340.85843,473.85077,398.0754,631.9376,0,0.5120101,,person
1175.1072,0.0,1215.6606,108.58697,0,0.5090699,,person
711.2869,53.913094,758.6618,180.89694,0,0.49696794,,person
571.7855,335.21155,636.2445,462.02783,0,0.49442708,,person
1173.4823,287.19327,1226.9436,403.33606,0,0.48793143,,person
1656.7383,55.728493,1702.1177,166.53703,0,0.47265595,,person
1141.6202,21.434143,1180.0431,130.9937,0,0.4605289,,person
1629.5771,828.156,1733.2383,1038.037,0,0.4330307,,person
1707.4604,51.81978,1738.5558,138.60344,0,0.41251183,,person
994.29913,236.90012,1055.0381,392.83072,0,0.3879411,,person
1317.7587,0.9438858,1364.3599,105.331635,0,0.3861088,,person
340.30118,473.78915,423.84705,634.31964,0,0.35329613,,person
1883.0691,332.77966,1919.4115,447.02484,0,0.33576447,,person
385.81256,506.18335,462.9073,650.17474,0,0.3059254,,person
1881.0337,180.04468,1919.398,304.37064,0,0.29360744,,person
860.6661,49.945885,902.13873,174.04234,0,0.28273472,,person
913.4694,46.323708,953.06744,169.51149,0,0.28079003,,person
665.5862,952.0498,773.78986,1080.0,0,0.7948956,,person
1177.3876,899.6263,1271.3866,1080.0,0,0.79088163,,person
1658.8206,385.85312,1730.7133,557.62836,0,0.7898757,,person
1630.9227,831.6513,1735.0563,1043.8887,0,0.74153244,,person
0.0,528.1139,74.13282,715.6112,0,0.7369647,,person
1076.4475,821.9601,1154.2493,999.77563,0,0.71325904,,person
1059.0758,539.3193,1136.1896,715.3839,0,0.7048922,,person
127.55303,769.74023,226.1777,958.5597,0,0.69687146,,person
909.5083,337.16318,977.4829,485.87622,0,0.6905199,,person
1757.8264,220.09525,1830.9272,369.59247,0,0.66140574,,person
694.43335,313.60107,756.6134,480.34506,0,0.65881807,,person
88.106735,112.296616,136.447,230.98878,0,0.6568348,,person
998.0991,766.79443,1067.865,958.4359,0,0.6516514,,person
1105.7869,167.69829,1155.1477,286.03345,0,0.6182917,,person
165.68896,947.6261,275.674,1080.0,0,0.5807842,,person
800.05994,46.989624,839.1797,171.76003,0,0.5787248,,person
711.4481,51.302834,758.0179,177.85588,0,0.56809634,,person
566.3511,447.86435,645.58246,592.40704,0,0.5550432,,person
1803.5728,322.14966,1885.3857,475.81323,0,0.52818877,,person
1380.9724,33.55066,1419.9408,168.36229,0,0.5258732,,person
736.1442,216.6036,787.15784,353.94965,0,0.5234982,,person
340.01294,473.7215,398.3848,631.79156,0,0.5218507,,person
1173.8177,286.0144,1227.3754,405.0144,0,0.5154995,,person
140.59773,47.080036,197.2215,158.14911,0,0.48910645,,person
572.1526,336.93732,635.5761,463.294,0,0.4696668,,person
1141.3129,18.874123,1180.1946,130.5641,0,0.4627653,,person
1173.4528,0.51597977,1216.4082,107.84381,0,0.45356306,,person
1627.27,666.7432,1719.8313,840.7947,0,0.44330916,,person
1660.6743,55.824192,1701.9001,167.3454,0,0.43771708,,person
1710.5731,51.59238,1740.215,130.38847,0,0.4055664,,person
994.4707,236.9876,1055.0018,392.87888,0,0.3927794,,person
1708.437,105.41378,1771.7571,248.44148,0,0.3718162,,person
1317.1448,1.4226952,1361.6918,106.14895,0,0.36806467,,person
913.63605,46.250885,954.61725,170.29573,0,0.35393134,,person
1880.8627,182.37589,1919.3939,303.26276,0,0.32603484,,person
860.4568,49.68773,902.2211,174.3714,0,0.3168571,,person
387.3245,504.62375,460.0537,653.6239,0,0.30919334,,person
1889.476,339.3801,1919.2474,453.0075,0,0.30362177,,person
1659.0183,384.6069,1730.9971,551.4927,0,0.7970662,,person
1179.445,894.4693,1272.4471,1080.0,0,0.7952816,,person
124.73229,775.85486,224.79767,961.6635,0,0.77727014,,person
1632.6626,839.2458,1737.3231,1052.7625,0,0.7718366,,person
654.84674,948.46545,774.143,1080.0,0,0.7673259,,person
1070.8958,824.89636,1152.5688,1002.4391,0,0.7660666,,person
0.01820755,527.5725,77.50662,718.4794,0,0.73745203,,person
1059.2036,533.07336,1136.3137,703.2017,0,0.7264777,,person
909.4807,337.14453,977.60565,485.51187,0,0.7247268,,person
693.65924,313.0808,756.18353,480.50522,0,0.6630101,,person
1106.4032,167.72621,1156.1595,286.38702,0,0.65816146,,person
999.01776,763.47015,1069.0526,945.19794,0,0.644248,,person
1628.6752,672.5417,1720.0796,852.74146,0,0.6374853,,person
141.6153,46.150337,207.77853,157.00488,0,0.6318238,,person
87.45875,111.706604,136.4914,233.39676,0,0.6210831,,person
1758.7643,222.40631,1829.617,369.79852,0,0.6106648,,person
709.1477,49.26013,756.74396,178.21964,0,0.6069393,,person
799.9845,46.865158,839.2009,172.24919,0,0.59725,,person
567.4034,449.01755,642.9309,597.13354,0,0.5753449,,person
166.02539,948.5396,277.58038,1080.0,0,0.56153244,,person
1173.7361,282.84433,1227.4076,409.5536,0,0.5334992,,person
340.20743,473.81946,397.85846,632.02075,0,0.53232217,,person
735.36127,214.54898,785.9577,354.65204,0,0.52548593,,person
1380.6189,33.74231,1419.4957,168.31508,0,0.49230805,,person
1805.0109,323.57272,1887.1073,478.8448,0,0.48800677,,person
572.229,340.53333,635.96893,463.63312,0,0.45668522,,person
1141.4209,16.406914,1180.2913,129.82718,0,0.44793424,,person
992.6492,239.32603,1055.0237,394.74988,0,0.40925083,,person
913.3795,46.645935,956.54224,170.40005,0,0.4041802,,person
1174.3239,0.96881104,1213.1514,106.15885,0,0.37691927,,person
860.252,49.199387,902.23846,174.79788,0,0.3546928,,person
1317.0725,1.4019814,1362.7983,106.51726,0,0.35264462,,person
1661.6272,56.314182,1702.1843,168.46317,0,0.34143454,,person
387.13303,502.85184,460.6365,653.9521,0,0.33933476,,person
1711.1698,53.20846,1741.5107,128.43042,0,0.33487263,,person
1887.5951,339.9759,1919.3075,446.5732,0,0.31034017,,person
443.69302,496.36496,508.48782,628.33325,0,0.26382568,,person
1064.4812,832.89056,1148.4156,1032.0159,0,0.8215392,,person
648.2362,937.08307,773.4994,1079.0209,0,0.80523515,,person
121.12225,790.758,226.36964,969.8564,0,0.7967776,,person
0.09078598,531.6198,85.73051,720.71796,0,0.7958044,,person
1638.3677,849.10364,1742.5851,1062.0784,0,0.79203874,,person
1183.2986,879.8484,1275.821,1078.6289,0,0.7819156,,person
1056.8917,526.6267,1137.0062,689.00507,0,0.77317053,,person
1661.1757,381.3784,1726.3462,543.3789,0,0.74914384,,person
1761.5969,226.59206,1831.2693,381.7296,0,0.7413315,,person
565.2538,450.25443,638.6267,608.0618,0,0.7335669,,person
998.2889,754.5181,1066.9441,922.2713,0,0.6893149,,person
1633.11,683.84216,1727.733,879.6123,0,0.67770183,,person
1108.3434,169.70523,1157.7863,287.79236,0,0.659054,,person
87.75549,112.93122,135.0673,230.72745,0,0.64877665,,person
908.39264,339.97586,977.65137,487.43372,0,0.633551,,person
799.37256,47.17534,839.3205,172.49475,0,0.57815963,,person
1174.4104,280.45853,1229.817,408.54898,0,0.57070506,,person
693.90204,308.80792,752.6591,469.36624,0,0.56694347,,person
710.0874,50.55297,755.70355,176.85773,0,0.5386604,,person
151.9185,50.941887,219.11545,154.91072,0,0.5338904,,person
1807.0221,327.08276,1886.6367,495.427,0,0.5288108,,person
339.64008,474.325,397.45728,631.88306,0,0.5217859,,person
1381.1522,34.966393,1420.7656,168.0114,0,0.51930004,,person
168.24742,959.63727,276.77274,1080.0,0,0.5027389,,person
571.5257,346.90048,634.2492,468.50256,0,0.47230303,,person
1141.4663,8.895401,1181.61,128.98114,0,0.4661557,,person
734.63586,212.08649,783.9802,355.10825,0,0.43521693,,person
1316.8423,1.9229164,1362.5355,106.82788,0,0.39951444,,person
914.78906,48.085968,954.624,175.88237,0,0.36016986,,person
990.22687,244.03125,1053.1177,406.27322,0,0.35998437,,person
1662.5588,59.04998,1700.4756,171.80563,0,0.3593363,,person
388.1847,504.24847,461.42596,653.9639,0,0.35223854,,person
1173.9847,1.3704529,1212.0869,104.41114,0,0.31933582,,person
860.3408,49.49446,902.198,174.6307,0,0.30449605,,person
443.17163,497.2998,508.09772,628.695,0,0.28684604,,person
1710.7571,54.185074,1745.4457,133.24246,0,0.27986574,,person
647.44446,935.3637,772.0889,1079.3263,0,0.83328325,,person
1059.6041,837.30304,1150.1293,1041.7882,0,0.82464874,,person
120.41352,793.7503,226.16318,977.95514,0,0.801801,,person
1639.5154,852.72345,1747.3158,1062.9047,0,0.8003682,,person
1056.5311,522.43713,1135.7432,687.08246,0,0.7983143,,person
564.5523,450.84964,638.1616,614.248,0,0.7701739,,person
0.08272934,532.3246,87.54204,723.4316,0,0.76610166,,person
1185.0967,875.70105,1277.6545,1076.0173,0,0.76056606,,person
1658.0614,378.90564,1725.2472,540.24646,0,0.7557155,,person
1001.57666,751.60785,1065.8928,916.1153,0,0.71092707,,person
1762.392,227.82715,1831.4073,387.47488,0,0.70852166,,person
87.58426,113.09555,135.4852,231.11023,0,0.6410069,,person
1807.5616,334.23547,1889.1696,502.1923,0,0.63778967,,person
908.2703,343.57883,977.8742,493.73474,0,0.6335935,,person
1108.5216,171.61995,1158.3927,290.12772,0,0.63318175,,person
1634.488,686.8896,1731.5178,882.85895,0,0.5844448,,person
693.23987,307.29028,750.9399,460.29843,0,0.5638386,,person
798.6949,46.867996,839.30804,172.37585,0,0.5625776,,person
151.79301,47.60502,224.76526,158.67683,0,0.54368085,,person
1380.5396,35.11537,1420.9026,168.08772,0,0.5368284,,person
1174.3818,279.3224,1230.4274,405.4718,0,0.5288686,,person
709.2682,49.10198,755.1372,176.57254,0,0.5196572,,person
339.2918,474.36392,395.63354,631.90015,0,0.5138784,,person
169.47127,961.9012,273.52136,1080.0,0,0.48443878,,person
736.4576,210.71681,781.3107,346.22757,0,0.46191406,,person
1314.8779,2.1018562,1361.2988,104.85821,0,0.45708382,,person
1141.2949,10.878605,1179.9465,126.76651,0,0.45353612,,person
988.8435,246.2091,1052.851,408.58218,0,0.4483289,,person
571.501,347.91412,634.19824,468.00705,0,0.44279468,,person
387.7803,501.7369,460.8033,654.02936,0,0.37821457,,person
153.54755,49.847443,201.87334,155.09111,0,0.37613335,,person
916.07007,52.95017,952.29456,182.2283,0,0.34173054,,person
1662.9807,59.24034,1703.4792,171.58246,0,0.3402041,,person
443.4807,497.56384,507.464,629.1017,0,0.30650103,,person
1173.7584,0.78271866,1212.223,102.68303,0,0.30332136,,person
860.3771,49.43914,901.2528,174.6331,0,0.29773253,,person
1710.4556,55.61896,1744.53,126.82911,0,0.29112104,,person
232.05048,0.45526886,278.1079,77.76572,0,0.28824827,,person
1055.6404,519.97723,1135.5525,688.29126,0,0.816048,,person
564.1147,452.99716,636.777,616.746,0,0.81383586,,person
0.054719925,531.6139,91.04544,727.5573,0,0.8062633,,person
1184.4124,867.20306,1278.2664,1071.1755,0,0.8029692,,person
1655.0724,376.05313,1725.7145,540.02625,0,0.78141725,,person
656.2844,929.18134,771.3974,1078.8949,0,0.7734825,,person
1639.1163,856.0238,1753.5463,1060.0327,0,0.7532745,,person
908.34564,345.78384,976.13916,500.69073,0,0.7355735,,person
120.232635,801.1864,229.01724,986.4353,0,0.7313452,,person
1056.4293,841.09,1149.6923,1058.9551,0,0.72546756,,person
1763.421,231.82224,1831.6381,391.83527,0,0.7078281,,person
1002.67035,747.50665,1066.0197,911.51825,0,0.6627783,,person
1810.4996,338.56653,1889.8678,507.03152,0,0.6616195,,person
87.319786,113.199234,135.65501,231.55042,0,0.6268141,,person
1107.9036,173.77382,1158.875,296.10123,0,0.6163528,,person
692.95776,304.48013,750.4234,455.18454,0,0.5900435,,person
798.637,46.90132,839.45233,172.46384,0,0.58231544,,person
1380.6079,35.17176,1420.6835,167.99089,0,0.57352734,,person
1638.2686,691.58484,1730.7493,883.00824,0,0.5651581,,person
1174.473,276.89597,1232.4933,404.50967,0,0.5612577,,person
735.973,206.33286,780.98315,345.21606,0,0.5583634,,person
157.30284,48.120472,223.09708,155.20871,0,0.5534689,,person
709.789,48.436707,754.8278,176.2589,0,0.51863974,,person
339.12766,474.62173,396.43912,631.70953,0,0.51851434,,person
571.8699,349.30673,633.83093,469.92325,0,0.48486677,,person
1313.4009,1.7257004,1360.7845,105.90273,0,0.4847755,,person
988.4967,247.31726,1052.9729,409.5337,0,0.42856622,,person
230.94035,0.34129715,277.29437,78.55728,0,0.41662866,,person
387.94403,500.66382,461.13916,654.00165,0,0.41413715,,person
1709.8824,55.937965,1747.1517,128.44589,0,0.38205105,,person
917.14124,54.172005,951.70624,183.505,0,0.37209,,person
443.41754,497.1286,507.48395,628.8856,0,0.35404417,,person
1663.1704,58.465065,1704.598,171.54735,0,0.33849502,,person
860.12933,49.634033,901.44086,174.27727,0,0.3257636,,person
169.86832,961.6276,272.08987,1080.0,0,0.318905,,person
1140.4219,13.923695,1179.3959,122.73611,0,0.29669684,,person
1878.0809,189.19386,1919.4144,304.8731,0,0.27298224,,person
1889.7854,347.2838,1919.2588,455.57742,0,0.25333667,,person
0.017137527,532.84045,95.20276,731.8208,0,0.8112674,,person
1183.2755,861.765,1280.0728,1060.248,0,0.80964494,,person
655.8199,925.2922,766.93567,1079.0154,0,0.79406184,,person
1652.6426,375.13806,1726.2151,541.4272,0,0.7875998,,person
1642.9735,864.6763,1759.0214,1061.1046,0,0.7831968,,person
1055.6715,518.3008,1134.796,689.2216,0,0.77967304,,person
1053.994,845.3906,1149.7494,1061.0076,0,0.77222246,,person
119.90572,804.9377,227.45503,997.5359,0,0.7694314,,person
563.8677,458.0788,635.8435,621.15436,0,0.73551095,,person
909.57385,346.7572,977.73267,505.4181,0,0.6932157,,person
1763.3749,235.72586,1831.0573,392.2588,0,0.67455566,,person
87.54308,113.33385,135.86407,231.77188,0,0.63776076,,person
692.0975,302.63162,750.9086,448.67563,0,0.63588023,,person
1003.57983,743.55597,1065.8313,912.9481,0,0.62917674,,person
1108.0944,176.77461,1159.8915,298.12186,0,0.6032801,,person
1812.2443,341.81683,1890.461,509.5907,0,0.5934461,,person
161.17992,48.88346,226.99663,155.16092,0,0.5906146,,person
1639.8085,697.33386,1733.6302,890.25165,0,0.5812474,,person
1175.75,275.20874,1231.7223,403.27606,0,0.579248,,person
1380.6372,35.39147,1420.5924,167.95166,0,0.5675945,,person
798.72034,46.873768,839.3093,172.28426,0,0.5630882,,person
734.6009,204.3457,778.3768,344.3565,0,0.53724074,,person
1312.7162,1.3223648,1360.866,106.23683,0,0.51792926,,person
170.25188,966.7585,273.72852,1080.0,0,0.47858438,,person
337.13318,475.61627,392.73087,620.4904,0,0.4763124,,person
572.9423,350.54425,632.30804,472.09186,0,0.45421165,,person
708.3426,50.219048,753.7284,175.39366,0,0.44289312,,person
231.88577,0.4139099,277.32852,80.010956,0,0.44066703,,person
1662.7079,60.363327,1704.0634,172.47176,0,0.38123593,,person
387.79202,500.76434,461.5546,654.0725,0,0.36812794,,person
1709.5437,56.436584,1748.9696,129.53938,0,0.34355706,,person
986.5029,247.61989,1051.0044,409.64905,0,0.3390227,,person
443.57916,497.37122,506.93192,628.4341,0,0.33699796,,person
1815.6031,338.6803,1894.9427,457.5086,0,0.33413517,,person
860.0549,50.105415,901.15015,174.64133,0,0.3157953,,person
1893.9104,350.60184,1919.2657,449.1243,0,0.30857393,,person
1706.8271,112.84374,1778.0303,250.06618,0,0.30813038,,person
917.2746,58.0084,951.2661,188.33665,0,0.30067694,,person
1877.8143,189.34499,1919.4254,307.7013,0,0.30016783,,person
1139.5853,12.230804,1179.8217,119.09443,0,0.27275455,,person
1646.2959,866.30914,1762.7023,1060.9967,0,0.7975217,,person
1183.2141,853.4136,1279.4928,1046.7136,0,0.7903002,,person
656.55426,922.99756,766.6604,1080.0,0,0.7867184,,person
1651.114,373.97498,1726.4886,540.80664,0,0.77441055,,person
1055.5896,515.52814,1132.8894,691.98834,0,0.7658273,,person
562.65216,458.2772,634.4619,623.7518,0,0.7615571,,person
116.943054,811.44104,225.42006,1006.15137,0,0.7461624,,person
0.076984406,533.8763,95.89975,731.6084,0,0.7443134,,person
1051.0128,849.2219,1150.9763,1061.6964,0,0.74225605,,person
1763.9249,238.32811,1832.6825,396.25262,0,0.69185936,,person
910.35754,349.53607,976.83325,506.85068,0,0.66809237,,person
1641.6771,700.29114,1734.9928,896.31506,0,0.6596001,,person
691.9078,299.459,749.2652,447.33517,0,0.6484955,,person
1004.8048,739.5498,1066.8329,913.06934,0,0.6392671,,person
86.65328,113.26461,135.86462,231.92216,0,0.6320638,,person
1175.7587,273.47913,1233.5669,399.22183,0,0.58369577,,person
1109.3711,178.56326,1159.0385,300.35925,0,0.5640076,,person
1812.7181,346.89645,1889.7491,512.1256,0,0.5638864,,person
172.36089,967.93524,274.93225,1080.0,0,0.547339,,person
798.4539,46.432457,839.3227,171.93065,0,0.53281194,,person
1380.6857,35.08532,1420.5732,167.85023,0,0.53250474,,person
163.79732,48.44014,224.95074,154.60551,0,0.52866876,,person
732.6396,200.5854,778.1541,342.16904,0,0.52086174,,person
1663.1449,63.146072,1705.5591,172.68004,0,0.5032034,,person
1712.4067,114.251335,1779.839,249.88734,0,0.49997795,,person
229.92448,0.32151031,275.71902,81.21495,0,0.4675599,,person
337.3813,475.61288,391.85242,619.8906,0,0.44852123,,person
1312.3558,2.0037804,1360.1866,106.20317,0,0.4425335,,person
1811.8132,365.29367,1872.5032,512.39343,0,0.4018067,,person
573.2717,353.50992,631.9149,473.48996,0,0.39091256,,person
709.7016,50.01565,753.5246,171.50955,0,0.37051308,,person
387.97897,500.41397,461.6576,654.2293,0,0.35015866,,person
986.04584,249.06816,1050.1653,408.89743,0,0.34192464,,person
443.08722,497.16696,506.73743,628.3818,0,0.3397565,,person
917.2035,58.526115,952.6335,189.91791,0,0.3031086,,person
1709.3679,58.00836,1751.6133,170.18758,0,0.28697708,,person
860.5047,51.028633,900.544,170.33978,0,0.28685632,,person
1878.713,191.29935,1919.4591,313.9557,0,0.2649574,,person
1182.0106,842.2828,1279.1722,1033.7992,0,0.8073586,,person
1.5807495,536.45166,95.65176,732.12585,0,0.8061319,,person
1649.321,371.43585,1724.2676,539.922,0,0.79029495,,person
666.5791,914.17566,767.0054,1080.0,0,0.77022094,,person
1055.0927,511.92096,1131.6742,689.90515,0,0.7655551,,person
909.79816,356.81552,977.85406,513.7901,0,0.75602865,,person
1766.4882,242.49568,1833.3927,404.50946,0,0.73792285,,person
115.38155,818.0953,222.19759,1028.65,0,0.72637695,,person
1042.6873,859.0651,1149.9332,1074.7699,0,0.7248029,,person
1649.2566,708.49365,1739.4031,900.5195,0,0.71633536,,person
1005.0731,731.7065,1065.0073,913.29034,0,0.7095494,,person
1653.4988,876.3834,1768.5681,1060.1594,0,0.69684196,,person
84.785385,112.88768,136.20676,233.08173,0,0.6494005,,person
561.842,467.55258,632.30646,623.43445,0,0.6300816,,person
691.27686,294.3916,749.0289,444.59998,0,0.62878287,,person
728.25867,198.93887,776.18463,334.25372,0,0.59487027,,person
1110.56,183.1718,1160.627,303.8881,0,0.58448887,,person
1174.9755,267.6454,1229.2692,390.81198,0,0.5820265,,person
797.5406,46.61403,839.267,172.00182,0,0.5788222,,person
1380.4387,35.268883,1420.371,167.92406,0,0.57083786,,person
1663.7842,66.56021,1705.8838,175.64442,0,0.55536336,,person
1708.6143,115.24498,1779.9558,255.98369,0,0.5164368,,person
168.84999,49.217403,227.3574,154.07388,0,0.5135071,,person
707.4331,45.94938,753.52386,168.61858,0,0.4868962,,person
1812.4065,348.0552,1891.1338,516.35944,0,0.47429806,,person
574.13196,354.30945,632.2034,483.85822,0,0.45184562,,person
229.12689,1.0430031,274.3069,83.83795,0,0.44556117,,person
336.88477,476.16507,396.42728,623.4483,0,0.440898,,person
1312.7058,0.0,1359.8947,107.658966,0,0.43290284,,person
915.6132,59.452217,954.6493,190.75676,0,0.42460966,,person
986.9766,252.78543,1050.2589,408.43866,0,0.41304156,,person
179.59572,976.8565,276.6227,1080.0,0,0.40008542,,person
1706.464,711.20636,1744.3939,831.4977,0,0.3874232,,person
442.51752,497.24826,506.26276,629.027,0,0.37489143,,person
859.7014,51.266697,900.74304,175.94257,0,0.37186426,,person
389.01965,504.1454,461.07275,653.9621,0,0.31625846,,person
1812.0,389.79547,1867.2557,516.72473,0,0.30773935,,person
1657.4459,880.63495,1770.0803,1068.5417,0,0.79076385,,person
1182.4106,838.5293,1280.3789,1034.1771,0,0.7853638,,person
1646.985,368.54105,1722.2802,538.78076,0,0.7784325,,person
668.0063,911.8037,767.13464,1080.0,0,0.7759437,,person
910.5458,359.92896,978.72455,519.5929,0,0.76843685,,person
1653.2993,715.0517,1737.8655,900.64856,0,0.76444846,,person
2.7979546,537.1657,95.09936,732.9588,0,0.7334783,,person
1054.7825,510.28143,1131.2843,689.8328,0,0.73198795,,person
1045.0096,864.3326,1144.5566,1053.1436,0,0.72842985,,person
1005.40765,730.1798,1062.3915,913.31366,0,0.67335945,,person
1765.7542,244.35246,1834.0605,408.28696,0,0.6713962,,person
84.503426,112.907555,136.11028,233.23375,0,0.66632265,,person
561.67163,465.02353,632.3467,623.8655,0,0.6575995,,person
111.65334,822.09344,220.82283,1030.3127,0,0.6408474,,person
691.192,290.5949,748.68335,443.3935,0,0.61844903,,person
1174.0675,266.315,1226.9495,388.34802,0,0.6061356,,person
1664.4036,67.476654,1706.7731,176.89659,0,0.57751274,,person
728.0351,197.47137,776.4229,330.15573,0,0.57526904,,person
1111.1195,185.50507,1161.5648,308.27124,0,0.56377363,,person
797.71204,46.86754,839.27,172.05798,0,0.5571296,,person
1380.8284,34.268097,1418.8203,168.34242,0,0.5325105,,person
1707.9735,117.314606,1780.1497,258.88196,0,0.5119808,,person
1813.7897,347.70557,1894.3363,515.61145,0,0.4999168,,person
707.8581,45.220345,753.9824,168.69493,0,0.49681434,,person
172.34612,50.73245,224.45184,154.07161,0,0.4929759,,person
1712.7217,716.15967,1746.5603,835.43024,0,0.4840806,,person
337.0527,475.8647,389.32867,614.7204,0,0.46769848,,person
1311.9451,0.0,1361.6166,107.875336,0,0.44569352,,person
575.7037,358.55414,632.247,487.56027,0,0.43457288,,person
914.5197,62.16893,955.5901,192.5658,0,0.4304713,,person
230.44162,1.1213036,274.1683,84.45465,0,0.40002877,,person
443.3412,498.12012,506.32947,629.0524,0,0.38336566,,person
859.66003,51.417046,901.0419,175.99742,0,0.35372132,,person
988.03326,254.95432,1049.8547,408.66513,0,0.34239635,,person
390.06567,504.6562,459.85367,653.67,0,0.34157455,,person
1813.257,380.71475,1877.7764,516.49927,0,0.2983369,,person
1046.6671,865.0491,1147.4229,998.0569,0,0.25202295,,person
1182.156,832.0998,1279.8383,1033.5464,0,0.78990597,,person
909.91705,360.5321,980.5401,523.6015,0,0.7851035,,person
1659.6284,887.7118,1774.8904,1079.0233,0,0.7782398,,person
669.96967,906.7828,766.8837,1080.0,0,0.77544576,,person
1054.4725,505.88837,1130.7858,689.6314,0,0.76075625,,person
1645.9438,365.77094,1720.7241,535.788,0,0.75194764,,person
1044.6573,868.46216,1140.4143,1055.9952,0,0.72966284,,person
1655.8418,717.275,1742.5408,901.1283,0,0.7290758,,person
1005.3175,728.88434,1062.5988,911.80615,0,0.7118066,,person
560.7487,469.11044,630.6657,624.9013,0,0.70408636,,person
1765.9175,246.01872,1835.8993,409.7926,0,0.6935829,,person
84.546135,112.86695,135.93448,232.69437,0,0.6708052,,person
1174.0731,265.10242,1227.8226,386.45813,0,0.6402086,,person
691.29816,291.15393,748.66296,439.16467,0,0.6309287,,person
726.3596,193.97919,775.53186,326.57816,0,0.602409,,person
1707.9807,117.55351,1780.4128,263.51083,0,0.58463484,,person
1110.6084,187.26984,1162.1647,308.73294,0,0.57098114,,person
797.7916,46.840324,839.2837,172.18208,0,0.5581684,,person
1380.7164,33.9833,1418.9009,168.23965,0,0.55356276,,person
176.82524,48.936768,218.20259,152.37584,0,0.5504911,,person
1814.9927,351.22952,1897.0305,515.8036,0,0.50567985,,person
1664.0632,66.43389,1708.6824,177.2738,0,0.49974853,,person
706.7221,43.89283,753.9842,167.65431,0,0.49879283,,person
3.5113993,529.9562,97.31111,732.97363,0,0.49525538,,person
111.14978,827.7883,218.99135,1041.6384,0,0.48641905,,person
1311.547,0.09304047,1361.0968,107.85803,0,0.45602456,,person
575.16534,358.9487,632.3032,493.1553,0,0.45411286,,person
336.8853,476.4829,395.48227,622.05524,0,0.43895283,,person
985.3537,257.8138,1049.9492,410.3955,0,0.42556807,,person
442.8209,497.8386,506.20322,628.9025,0,0.38954258,,person
914.5717,59.774162,955.2508,193.86938,0,0.38774884,,person
859.60455,51.959465,900.9992,176.44391,0,0.36828497,,person
1712.4639,718.9782,1750.3711,839.2811,0,0.3589993,,person
389.711,510.82114,460.07907,653.74207,0,0.32394806,,person
233.62335,1.6978455,274.3765,86.05987,0,0.25684366,,person
1184.3472,827.2996,1280.1985,1034.7233,0,0.80191994,,person
1662.5475,892.9733,1774.556,1080.0,0,0.77606416,,person
1645.236,363.01117,1717.0573,533.6237,0,0.7750005,,person
671.35626,901.74884,765.4463,1078.6543,0,0.7614418,,person
910.2029,363.73993,982.986,524.7083,0,0.7541261,,person
1043.6807,870.93713,1136.9348,1059.5914,0,0.7518667,,person
1054.7499,503.6425,1131.8307,685.8324,0,0.75062215,,person
1005.9895,725.9141,1062.304,907.85614,0,0.6785221,,person
1657.3345,721.0924,1751.4177,904.7124,0,0.6665048,,person
84.421875,112.75214,135.87114,232.72847,0,0.6431198,,person
109.70407,832.5101,216.44774,1073.4102,0,0.6407749,,person
1764.5396,247.30211,1836.0807,410.61722,0,0.6316553,,person
1173.4537,265.36142,1229.0017,385.77588,0,0.6281589,,person
559.4624,469.771,631.8636,623.6173,0,0.6271959,,person
691.99133,287.2751,748.8261,438.11874,0,0.5734581,,person
1380.6821,33.93457,1418.6532,168.29413,0,0.5502657,,person
1111.3386,188.44908,1162.5181,308.89188,0,0.53693104,,person
723.2015,191.9571,777.532,324.8651,0,0.52055204,,person
797.5566,46.67519,839.292,172.31044,0,0.51299417,,person
1707.6562,117.51196,1780.3308,264.55756,0,0.48922545,,person
181.26984,48.72439,226.34024,155.97488,0,0.46124285,,person
1818.6464,353.5492,1901.2668,517.67834,0,0.4544368,,person
708.6228,44.341236,752.11584,165.24765,0,0.44145796,,person
1310.38,0.0,1359.7079,107.850914,0,0.43376535,,person
336.76712,476.1254,395.57495,621.5862,0,0.4256906,,person
1664.3983,66.18704,1709.5953,178.01793,0,0.4195891,,person
439.19073,498.42087,506.28333,629.1486,0,0.40733233,,person
983.5022,259.40875,1049.3363,414.50687,0,0.4069949,,person
572.9468,360.20032,634.7998,491.72736,0,0.39307475,,person
185.82472,980.55524,280.8311,1080.0,0,0.33404362,,person
859.9391,52.6024,900.7685,177.93878,0,0.3312556,,person
4.8453283,530.74133,98.96437,732.6477,0,0.32794368,,person
389.5189,507.33774,460.2974,653.8731,0,0.32528606,,person
232.38734,2.0079231,273.24585,86.87025,0,0.31698295,,person
916.6837,62.203606,955.91736,192.87927,0,0.27423015,,person
1043.5134,875.03357,1130.6554,1078.6151,0,0.8323407,,person
1184.1694,823.5616,1279.7479,1035.1368,0,0.80246484,,person
1644.4222,362.12228,1714.3967,531.35565,0,0.79182655,,person
673.9713,895.8779,765.82104,1080.0,0,0.7588285,,person
910.3722,365.6964,981.50134,524.86707,0,0.7169715,,person
1006.69464,722.3,1063.1504,903.0366,0,0.7136619,,person
1054.2511,501.16837,1132.2793,681.39496,0,0.7105423,,person
1764.0465,249.24161,1837.7018,410.24057,0,0.6413206,,person
84.45883,112.664246,135.87585,232.99484,0,0.6367008,,person
690.6365,285.41458,749.4586,438.64465,0,0.59280753,,person
1380.597,34.212753,1418.8492,168.2763,0,0.5745473,,person
1663.7666,898.1089,1775.3928,1080.0,0,0.5738175,,person
1171.2231,264.72153,1228.8633,385.721,0,0.55067396,,person
1111.4396,190.12994,1163.2742,309.91425,0,0.5407976,,person
1818.2794,355.55075,1904.1178,517.22565,0,0.5382147,,person
722.81305,190.77795,778.65015,323.08722,0,0.5355557,,person
980.57446,263.6619,1048.4397,420.97824,0,0.5154139,,person
574.6742,361.4612,632.662,493.03815,0,0.5144106,,person
556.2433,473.26602,631.7232,622.7893,0,0.51088816,,person
797.4297,46.707962,839.42474,172.07661,0,0.49574605,,person
109.58789,836.6962,211.81125,1017.92377,0,0.48059538,,person
183.7301,48.256054,226.22256,153.44098,0,0.4666427,,person
709.6001,42.306953,753.3616,161.04572,0,0.4517855,,person
1660.2869,723.61017,1755.1604,904.85913,0,0.44669425,,person
1664.4089,69.11838,1712.0405,178.61343,0,0.43320695,,person
336.643,475.9838,395.22614,621.36633,0,0.41854706,,person
1309.5721,0.0,1359.2611,107.80244,0,0.4090341,,person
436.75308,498.4965,505.908,629.17975,0,0.40047082,,person
186.17143,982.64264,280.5859,1080.0,0,0.37312514,,person
1707.8214,115.57025,1780.5128,266.44485,0,0.34339955,,person
231.73279,2.2873306,273.05823,86.98405,0,0.3292053,,person
1711.6553,64.549965,1757.1357,134.63086,0,0.32169124,,person
390.97018,504.67813,459.76227,653.81384,0,0.3075458,,person
859.45917,51.888294,901.086,177.08995,0,0.30433264,,person
1135.0654,1.0239029,1178.9473,109.05455,0,0.25417003,,person
917.72845,66.722946,955.9572,192.711,0,0.25155133,,person
1039.2942,882.94556,1120.155,1080.0,0,0.81672,,person
672.80096,885.2888,763.7648,1080.0,0,0.8143658,,person
1824.0055,359.4494,1910.9403,515.4963,0,0.7618165,,person
1640.885,358.3015,1710.3761,523.3878,0,0.7520029,,person
910.1651,367.23376,983.6486,525.16187,0,0.7415551,,person
1188.0514,812.6512,1278.5468,1030.0474,0,0.72311527,,person
108.93823,842.109,203.15369,1046.61,0,0.7194681,,person
1665.82,910.1805,1776.1849,1080.0,0,0.67069274,,person
554.6109,476.5995,635.9733,630.3722,0,0.66267675,,person
84.87026,112.15742,135.07698,232.57993,0,0.65538025,,person
1006.46375,708.607,1063.1909,893.53876,0,0.6383749,,person
1054.7625,494.83694,1129.6703,660.4042,0,0.6154174,,person
1764.8829,250.0324,1838.607,409.23898,0,0.61288434,,person
1110.4781,190.57654,1162.1289,309.38727,0,0.60118,,person
690.022,283.3559,748.38074,441.5962,0,0.5858843,,person
709.0348,33.959816,753.6047,157.95103,0,0.58539814,,person
1380.7595,34.016052,1418.8357,168.14398,0,0.58246297,,person
187.38689,48.18464,238.18602,153.51408,0,0.57188714,,person
16.136879,558.34485,119.34194,737.3608,0,0.5510041,,person
1664.5605,740.6041,1761.9525,921.3058,16,0.5303038,,dog
572.65344,366.39835,631.97797,495.86014,0,0.52194065,,person
723.09686,189.66216,780.48376,319.95377,0,0.5112549,,person
1169.6171,261.6711,1231.7004,385.11987,0,0.5049421,,person
797.7951,46.889877,839.3637,171.8893,0,0.5042573,,person
980.51,264.98953,1047.7712,427.66452,0,0.48819625,,person
337.92856,474.8138,397.22287,631.19977,0,0.48324826,,person
231.54465,1.9738998,272.38522,89.01558,0,0.4684168,,person
190.00616,985.064,283.19724,1080.0,0,0.4235033,,person
1309.1287,0.27423477,1356.6382,107.49369,0,0.41241953,,person
389.76526,503.5751,458.03833,653.513,0,0.3915313,,person
1708.9572,121.201225,1777.3236,271.17502,0,0.3902091,,person
439.5189,498.19592,505.7757,629.716,0,0.37909067,,person
1132.8193,1.4547844,1176.7844,110.20666,0,0.347747,,person
1664.1434,72.30542,1709.2141,182.00116,0,0.3360998,,person
858.94025,51.12948,901.31635,177.05206,0,0.33467525,,person
917.1872,67.381874,956.701,191.61119,0,0.27414,,person
107.716644,850.6139,200.56787,1060.352,0,0.8345449,,person
1034.4633,886.21875,1117.9208,1078.5143,0,0.7758092,,person
673.25653,878.7689,762.7076,1080.0,0,0.77357894,,person
1638.5482,354.22,1707.2347,519.3939,0,0.7677331,,person
1186.4647,809.2694,1278.6515,1026.4673,0,0.76632684,,person
910.76514,368.40015,981.984,523.0803,0,0.75900704,,person
1827.7017,360.99985,1908.5984,519.46716,0,0.73604184,,person
1053.3292,492.55838,1130.3708,655.2344,0,0.7074852,,person
551.9806,481.85248,637.63116,636.1,0,0.68640953,,person
189.68091,49.2948,244.75868,152.31035,0,0.6796674,,person
1007.6622,706.64636,1063.1202,883.49457,0,0.65751624,,person
84.71091,111.50704,135.02245,232.45117,0,0.6551529,,person
1110.8547,190.98143,1162.015,309.9603,0,0.64555025,,person
1666.8975,916.51154,1777.7294,1080.0,0,0.612854,,person
1763.8839,251.39914,1840.2023,409.80212,0,0.60628474,,person
572.1167,368.81186,632.643,499.56454,0,0.59559244,,person
689.5388,281.4299,748.4264,439.76157,0,0.5795663,,person
1380.5438,33.98456,1418.1948,168.1741,0,0.57845753,,person
1664.5605,744.9377,1762.931,925.8803,0,0.572302,,person
19.158451,560.9993,124.42681,740.5344,0,0.5491031,,person
722.52216,188.01999,780.2002,317.9067,0,0.52603036,,person
797.77484,46.740284,839.40533,171.4238,0,0.50276023,,person
709.13965,31.96875,752.76843,157.27364,0,0.4963986,,person
1171.0605,258.89822,1233.349,383.289,0,0.4859147,,person
337.0621,475.02127,398.66254,629.3041,0,0.48234975,,person
233.27939,1.4430771,272.77332,89.25433,0,0.4747101,,person
191.40053,985.9129,284.1552,1080.0,0,0.45418185,,person
979.3101,268.57883,1047.1862,430.98386,0,0.4509977,,person
1308.8445,0.68000793,1354.2821,107.27037,0,0.44292724,,person
438.92477,497.34192,505.72504,629.6499,0,0.41717723,,person
1708.2997,122.42098,1776.7533,271.0526,0,0.40232942,,person
389.59012,502.94275,458.61923,653.64075,0,0.38400847,,person
858.921,50.76114,901.2356,176.71117,0,0.35539877,,person
1132.2704,1.223568,1173.9739,110.34304,0,0.34045398,,person
917.7874,68.300766,957.5052,191.2751,0,0.3204259,,person
1879.3894,204.8525,1919.4639,321.47818,0,0.29022083,,person
1664.6093,89.95212,1706.268,184.58423,0,0.26106885,,person
105.09238,855.5145,200.68144,1074.4698,0,0.84598535,,person
1187.4838,803.2777,1278.6798,1017.8744,0,0.77636963,,person
673.6674,873.75824,762.6892,1080.0,0,0.76523507,,person
1829.6576,364.2584,1908.4028,526.3298,0,0.7494746,,person
1032.3037,888.28644,1115.2249,1063.022,0,0.7464888,,person
911.38513,369.8778,982.0402,521.7116,0,0.7382793,,person
551.32465,481.65683,639.23694,642.62756,0,0.70825076,,person
1636.0778,349.72595,1705.6637,513.77124,0,0.70200145,,person
1764.3813,253.79503,1840.3423,406.86404,0,0.6765366,,person
192.48358,49.285435,250.29327,151.41248,0,0.6737292,,person
1051.3876,487.65756,1130.2039,652.4563,0,0.6627012,,person
84.73698,111.33064,135.33325,232.30293,0,0.6527293,,person
1668.0516,923.16797,1779.5577,1080.0,0,0.627269,,person
1110.2556,191.18102,1163.0702,312.78738,0,0.6060434,,person
1667.7136,751.021,1767.1168,928.1583,0,0.6052214,,person
1380.1168,34.974884,1420.0074,168.04898,0,0.58063686,,person
689.9822,279.7134,749.1245,429.31003,0,0.580212,,person
571.3424,369.9595,632.91455,502.3485,0,0.5755111,,person
1008.73444,704.6953,1062.8768,871.40643,0,0.57029665,,person
719.42706,187.25652,781.42566,317.57684,0,0.5633974,,person
797.88153,46.25256,839.4439,171.3172,0,0.5264205,,person
1172.187,258.05505,1229.6459,385.7442,0,0.5153492,,person
709.62213,31.118477,753.2179,157.3442,0,0.5003801,,person
234.12062,1.7953949,273.23145,88.43804,0,0.49320558,,person
18.532413,571.0056,132.1024,745.30646,0,0.4582052,,person
337.6172,474.54767,397.51062,630.80475,0,0.4561468,,person
193.13965,988.95245,285.45035,1080.0,0,0.43748465,,person
440.08328,496.6127,505.63083,628.9616,0,0.4258192,,person
1307.6262,2.0790024,1352.8181,104.56794,0,0.41120693,,person
1707.5425,125.72152,1777.707,267.9103,0,0.39066336,,person
979.3277,269.8065,1047.7003,432.9551,0,0.35983434,,person
917.86,70.83943,957.73505,192.8887,0,0.35913673,,person
858.6196,50.291706,901.2363,176.39204,0,0.35805884,,person
389.65668,504.59384,459.6805,653.77563,0,0.3566263,,person
1879.0616,204.83835,1919.4489,321.13205,0,0.35064656,,person
1132.0071,1.8436546,1173.4296,108.11225,0,0.3456537,,person
1663.9626,71.09592,1721.4955,181.2827,0,0.27297094,,person
103.36155,863.6693,199.2411,1079.7367,0,0.86805344,,person
672.22876,866.71875,762.636,1079.2958,0,0.8399056,,person
1188.2567,793.7333,1278.4567,1008.65,0,0.79664844,,person
910.72125,371.7377,981.27234,523.5958,0,0.790941,,person
1029.6423,894.3457,1111.2283,1079.1775,0,0.7903493,,person
1667.3727,755.38293,1773.349,941.57446,0,0.7681388,,person
1669.975,927.9901,1779.6134,1080.0,0,0.74356896,,person
553.077,483.70477,640.3546,647.57043,0,0.70470995,,person
1634.1072,349.18222,1706.3229,507.34433,0,0.70344156,,person
1831.7758,369.87085,1914.3585,535.15234,0,0.7011803,,person
1052.5323,482.7422,1129.2795,646.14935,0,0.6778393,,person
1762.6882,258.57983,1842.3457,411.23245,0,0.67623127,,person
19.807251,572.9376,135.05406,748.04065,0,0.67303413,,person
690.84906,277.0741,749.84875,426.97018,0,0.62227595,,person
84.7159,111.32284,135.0288,232.7928,0,0.6170578,,person
194.6699,47.772755,261.0362,151.9644,0,0.61461323,,person
1380.4237,34.83776,1418.1909,167.35011,0,0.5996301,,person
1109.4691,192.62508,1164.0657,316.9394,0,0.59807265,,person
570.88617,371.12183,633.57874,503.2379,0,0.5963484,,person
1008.9144,699.4855,1064.1292,861.41113,0,0.5532533,,person
798.7075,46.965202,839.07916,170.41072,0,0.5432654,,person
719.5888,186.74475,778.9265,316.5875,0,0.5382114,,person
709.3477,30.23536,753.8116,156.76918,0,0.534319,,person
1172.1843,257.13016,1231.1381,379.1947,0,0.4887445,,person
228.93054,1.9103165,272.16257,89.123,0,0.47336638,,person
337.9963,474.36923,397.09625,630.96484,0,0.4310369,,person
979.11676,272.48962,1046.5391,436.29614,0,0.43086606,,person
858.3888,49.68409,900.90607,176.54526,0,0.41836536,,person
441.45996,495.59747,505.1803,628.747,0,0.39560196,,person
205.1407,995.7239,286.01608,1080.0,0,0.3867914,,person
1708.3041,127.19302,1777.4557,267.55573,0,0.38609284,,person
917.3152,70.72021,959.24854,195.17921,0,0.37250748,,person
1307.1674,1.7741089,1350.2527,104.528625,0,0.36242706,,person
1879.8212,205.09822,1919.4456,321.718,0,0.36040673,,person
388.16116,506.30182,458.43585,653.9575,0,0.32580736,,person
103.72481,867.6803,201.67288,1080.0,0,0.8352713,,person
1027.6901,896.7726,1108.5165,1080.0,0,0.8285306,,person
673.0224,863.4117,764.16943,1069.8883,0,0.79881275,,person
1187.7723,789.28436,1278.9779,991.7382,0,0.7957946,,person
910.20667,372.5084,980.1533,526.3942,0,0.7746193,,person
23.973095,576.2637,135.77238,750.95087,0,0.7575949,,person
1671.9448,935.25275,1782.7357,1080.0,0,0.7275328,,person
1667.5027,762.141,1775.9421,951.1571,0,0.7269684,,person
1763.8002,263.76813,1841.7573,417.3535,0,0.7244649,,person
1630.4982,347.72952,1702.5721,504.61945,0,0.7125161,,person
552.8096,486.28464,641.4169,651.04895,0,0.6771019,,person
1831.7213,371.53253,1918.7576,541.38336,0,0.6608405,,person
692.10657,273.90143,748.8687,424.6256,0,0.64510775,,person
1051.6569,479.92786,1128.9285,640.0342,0,0.6357801,,person
83.56661,110.78572,135.53995,232.68375,0,0.627043,,person
1108.945,196.24951,1164.9803,323.68542,0,0.6186215,,person
1007.5318,695.0398,1062.8757,855.3519,0,0.615691,,person
1379.8491,34.86152,1419.1348,167.10965,0,0.5965994,,person
571.49713,373.68588,632.29565,504.51767,0,0.58524364,,person
798.53156,47.172413,839.1092,170.48158,0,0.5431495,,person
722.3454,183.01035,781.1783,318.10565,0,0.53676015,,person
1171.9468,254.16417,1227.9532,380.2622,0,0.5330516,,person
709.2206,29.09194,753.4051,156.78227,0,0.50160223,,person
1708.6333,127.803314,1776.6812,268.66525,0,0.4754268,,person
1879.957,206.47224,1919.4236,320.555,0,0.47365007,,person
979.1133,273.00385,1046.7609,438.74496,0,0.45742714,,person
916.80945,71.49715,958.5097,201.33847,0,0.42925,,person
858.5898,49.503754,901.0717,176.50003,0,0.4235401,,person
1306.5634,1.8459778,1350.2706,104.8737,0,0.4098152,,person
229.09456,1.0712128,272.1242,85.57741,0,0.40786797,,person
337.79813,474.17545,397.84473,631.446,0,0.37910005,,person
197.1072,48.050125,258.39597,151.26683,0,0.36740744,,person
191.63307,992.5391,286.85757,1080.0,0,0.31656682,,person
389.07788,512.1904,458.02112,653.2716,0,0.30392072,,person
1669.1636,72.02687,1721.613,183.26227,0,0.29985166,,person
441.02087,496.16602,504.646,628.2746,0,0.29954818,,person
1129.3422,2.0607948,1170.9573,108.50753,0,0.27655497,,person
1719.7987,67.321724,1763.153,140.27744,0,0.25524342,,person
235.89537,999.35803,288.16702,1080.0,24,0.25329998,,backpack
1022.8563,904.48645,1099.4963,1080.0,0,0.86825925,,person
1186.64,778.10565,1277.924,963.68414,0,0.80279493,,person
909.26495,379.85614,977.9482,541.31323,0,0.78251225,,person
28.477112,580.6255,136.59999,764.43933,0,0.77950615,,person
675.2192,850.85065,764.36096,1053.2722,0,0.7754184,,person
551.8227,489.9095,641.9906,653.8263,0,0.7689354,,person
1625.7356,338.97565,1701.1992,502.40424,0,0.76443243,,person
1764.1177,264.38177,1841.6497,427.51685,0,0.7621553,,person
1051.377,475.12802,1128.3702,639.5224,0,0.7383731,,person
691.1884,266.08203,748.8924,418.21118,0,0.71154976,,person
1005.02167,682.9607,1062.787,850.1988,0,0.6961133,,person
99.66964,879.41,203.20818,1080.0,0,0.685725,,person
1826.7456,379.75003,1915.3225,541.27246,0,0.6604365,,person
1678.7662,947.67175,1787.194,1080.0,0,0.6376707,,person
83.95087,111.2114,133.27881,230.3411,0,0.6327611,,person
1379.6857,34.777725,1419.1311,167.09473,0,0.61999774,,person
1107.2996,205.06874,1163.9136,327.15436,0,0.6047071,,person
564.15106,378.9667,634.94403,501.89584,0,0.6007254,,person
1170.9075,250.27332,1227.3285,375.60095,0,0.5912515,,person
1673.001,770.33936,1781.1182,961.5758,0,0.57366383,,person
720.7249,178.0633,782.2892,314.3725,0,0.55748206,,person
797.3181,47.12667,838.25354,169.00452,0,0.51287067,,person
975.88275,276.36212,1043.0725,440.45374,0,0.5041365,,person
708.29974,28.802856,750.3336,156.04733,0,0.49627736,,person
1707.6486,129.27759,1778.038,270.78738,0,0.49018383,,person
916.44806,74.152084,958.0306,204.93837,0,0.48046762,,person
337.00085,474.0161,399.18997,630.10187,0,0.4652669,,person
1305.2893,2.263321,1348.0507,104.83549,0,0.42099273,,person
1879.5513,206.87773,1919.3943,329.57697,0,0.40304083,,person
202.35225,52.820183,268.55777,150.25874,0,0.39122438,,person
1857.1179,374.69882,1916.9996,547.82886,0,0.37841973,,person
858.4116,49.726868,900.2743,174.03865,0,0.3661165,,person
1671.1514,773.2044,1781.1051,967.13196,16,0.36362025,,dog
1672.2323,73.3621,1723.7505,182.94868,0,0.3614617,,person
231.69319,0.94794846,273.3814,88.99663,0,0.34211162,,person
389.21515,505.71057,460.3452,652.4282,0,0.33834195,,person
1725.9976,68.74436,1765.7721,141.0268,0,0.32446828,,person
440.7879,494.52072,503.38297,627.4547,0,0.30242068,,person
1019.8336,911.0561,1097.4575,1080.0,0,0.86049396,,person
910.12555,384.3144,979.1012,544.2288,0,0.81072235,,person
1186.5787,770.1354,1279.1898,955.43445,0,0.7774084,,person
1762.9138,268.3932,1841.4309,430.67215,0,0.7734519,,person
549.7636,491.73843,642.4155,658.3959,0,0.7692926,,person
674.0242,846.78314,765.1422,1049.9703,0,0.7656265,,person
1621.6688,338.69028,1697.7059,500.87366,0,0.7648432,,person
30.384682,584.64185,134.46161,774.3065,0,0.7421382,,person
1003.08966,682.48444,1062.0088,853.03894,0,0.7243146,,person
1051.0862,471.86993,1128.6434,644.3736,0,0.7235591,,person
691.5811,264.55923,749.0801,414.99124,0,0.6897348,,person
97.109276,890.064,200.58669,1080.0,0,0.6800827,,person
565.05914,382.5762,633.53125,503.62988,0,0.6338181,,person
84.02053,111.74547,133.39354,230.71175,0,0.6175946,,person
1379.8593,34.50579,1416.7935,167.72902,0,0.6146365,,person
1108.0995,206.61717,1163.4241,332.8669,0,0.5743031,,person
1680.6562,950.06726,1789.0979,1080.0,0,0.5727577,,person
721.3284,178.20644,780.26514,310.00415,0,0.563164,,person
707.39575,27.816536,751.2854,155.50165,0,0.5407793,,person
1827.9255,385.17993,1916.1157,520.7903,0,0.5336027,,person
797.04785,47.341347,838.52673,169.30107,0,0.52817386,,person
1170.7994,246.85387,1227.1322,369.62122,0,0.523766,,person
1710.3147,131.56615,1775.4036,270.87817,0,0.4732639,,person
973.16656,278.66504,1042.0581,439.93106,0,0.45939577,,person
336.47464,474.37573,398.27448,630.6896,0,0.4496112,,person
1671.4618,74.03547,1729.0591,185.43636,0,0.44351393,,person
916.8151,77.16218,957.70624,206.82222,0,0.3973261,,person
1303.9567,2.4147491,1347.2644,105.977394,0,0.3850702,,person
1673.142,779.45966,1784.2042,966.04926,0,0.37256414,,person
857.1905,50.071312,900.4061,175.0347,0,0.37085074,,person
1879.1499,209.59218,1919.3947,334.02222,0,0.35632506,,person
206.82515,53.06932,267.28546,149.9149,0,0.34863585,,person
389.24203,501.84818,461.35712,653.66364,0,0.34862536,,person
224.76344,1.9107399,274.86163,85.77098,0,0.33936262,,person
441.6124,494.9526,503.1534,627.3406,0,0.32722542,,person
1836.3354,380.92615,1919.4734,553.31287,0,0.32267055,,person
1672.0156,776.6239,1782.8109,970.3885,14,0.30922678,,bird
1864.0214,380.22153,1916.7173,553.1976,0,0.28111926,,person
1726.1638,70.10392,1766.2141,142.44719,0,0.25107965,,person
550.6331,498.06842,641.94226,658.5099,0,0.7986811,,person
1617.0428,336.52478,1697.8971,501.063,0,0.79150176,,person
675.774,840.4814,764.8383,1050.6244,0,0.7897237,,person
1017.43475,913.6949,1095.5902,1080.0,0,0.7766073,,person
1051.7146,470.19278,1129.961,644.6688,0,0.7727655,,person
909.88,385.82376,977.9059,548.068,0,0.76878434,,person
34.835667,587.3051,133.27686,775.69116,0,0.76876724,,person
95.605316,893.31177,200.71646,1080.0,0,0.7650323,,person
1762.4348,272.57825,1841.4565,436.26035,0,0.75557727,,person
1190.517,766.6258,1279.6359,950.3549,0,0.73638785,,person
1003.23175,679.995,1062.4348,852.81067,0,0.6971631,,person
691.4327,263.63983,748.1919,410.2624,0,0.68556994,,person
83.96841,111.550674,133.91908,230.97702,0,0.6180151,,person
1108.8937,206.61914,1162.596,335.32718,0,0.60832644,,person
564.37354,383.97916,632.14655,506.8454,0,0.59600794,,person
1379.1736,34.78299,1418.0146,167.24615,0,0.5935523,,person
720.6841,177.05814,779.44745,308.50418,0,0.5718392,,person
1170.9863,245.57117,1227.8655,366.05566,0,0.56944215,,person
707.4081,25.859608,751.31165,153.57101,0,0.54585433,,person
1842.4266,383.06653,1919.268,557.4597,0,0.54413253,,person
1680.939,782.0691,1788.3596,969.8961,0,0.5410198,,person
1707.9822,129.98732,1777.4128,269.74976,0,0.53277993,,person
972.9765,280.9097,1042.6252,441.30716,0,0.522675,,person
796.5813,47.4494,838.2407,169.36432,0,0.49375993,,person
336.50482,474.15015,396.77316,631.74536,0,0.47544628,,person
1673.0571,74.352425,1730.115,187.11255,0,0.45531875,,person
1301.2054,2.0383873,1345.4423,105.234535,0,0.4176631,,person
387.47598,501.40265,460.36102,653.4795,0,0.3878925,,person
1682.733,952.0657,1790.9213,1080.0,0,0.37633196,,person
1878.3528,211.59311,1919.393,338.8385,0,0.3702442,,person
442.07175,494.50278,503.22412,627.3959,0,0.3657178,,person
916.39746,78.24232,957.4995,210.76329,0,0.3472478,,person
219.35806,1.638874,274.3953,86.21959,0,0.3462291,,person
209.77892,42.570168,262.8426,148.17522,0,0.30311495,,person
235.58972,0.501915,273.5765,89.71677,0,0.29757792,,person
857.3381,50.214043,900.20197,174.57751,0,0.29256758,,person
1051.8234,468.0513,1129.7461,644.4237,0,0.7935678,,person
1614.6123,335.25992,1697.4873,502.0354,0,0.76613957,,person
1013.9429,917.6106,1090.9531,1080.0,0,0.76179093,,person
676.70184,837.96954,765.4897,1050.8896,0,0.7592393,,person
1761.8977,273.77975,1841.3582,438.34296,0,0.73808813,,person
909.2677,390.34918,977.1969,551.28076,0,0.73710537,,person
90.49848,895.2856,198.12027,1080.0,0,0.73149663,,person
551.2716,501.58237,641.0211,660.0389,0,0.72689325,,person
1192.802,761.4753,1278.8914,951.39484,0,0.71362364,,person
37.023937,585.8095,131.71065,761.8719,0,0.6861112,,person
1002.13055,678.62823,1061.7759,851.7748,0,0.6786335,,person
1109.5688,206.94676,1162.4581,336.591,0,0.6524119,,person
691.87006,258.78574,747.2305,407.561,0,0.64993626,,person
1379.4648,34.549736,1418.9275,167.5871,0,0.6193221,,person
82.77452,109.78595,135.25742,231.45222,0,0.5856346,,person
1171.5175,242.83406,1227.3859,362.8483,0,0.58371574,,person
563.5686,384.7791,630.7009,511.8155,0,0.56733614,,person
1851.2977,384.57687,1919.1171,558.65796,0,0.55517507,,person
797.89417,47.012627,838.24695,168.49724,0,0.55055887,,person
721.6086,172.95662,778.7262,296.93384,0,0.5436507,,person
708.31274,25.706612,752.29706,150.41524,0,0.5412058,,person
1711.9329,131.33469,1776.2128,270.90683,0,0.52945995,,person
972.8923,281.54034,1042.3397,441.04993,0,0.46264985,,person
335.46463,474.15234,397.87402,624.7892,0,0.43427005,,person
1686.962,786.0971,1794.0619,975.6735,0,0.42825064,,person
387.56863,502.45715,459.41272,651.7294,0,0.40812948,,person
1300.1198,2.0409393,1343.6832,103.97628,0,0.39561522,,person
1677.6925,73.64209,1728.3622,185.77025,0,0.39362657,,person
1685.1116,954.52295,1794.6343,1080.0,0,0.3933292,,person
916.45496,78.9367,957.8619,212.997,0,0.35594,,person
219.3463,1.4736757,274.3845,84.8928,0,0.3495634,,person
1878.7343,211.97997,1919.369,342.0818,0,0.3285956,,person
857.58984,49.51062,900.3208,173.95557,0,0.3120478,,person
440.17075,495.43158,503.778,627.4882,0,0.30364817,,person
214.2156,43.8826,270.88483,149.10457,0,0.29935768,,person
1010.2143,920.7907,1090.0116,1080.0,0,0.7976103,,person
678.1879,831.8029,765.5049,1051.0358,0,0.77423066,,person
89.09571,899.40234,199.42561,1080.0,0,0.7584834,,person
1055.4834,466.9892,1129.8685,641.2172,0,0.75433606,,person
1616.0139,333.37567,1694.1447,501.7905,0,0.747338,,person
908.84143,391.8165,978.31274,552.90936,0,0.74118465,,person
552.44556,503.22812,640.2223,659.1642,0,0.7122078,,person
999.5318,673.3455,1062.6642,848.6082,0,0.70673484,,person
1763.4364,274.39627,1841.1383,440.3193,0,0.7045863,,person
39.344707,587.04535,133.60594,772.4639,0,0.68983847,,person
1190.5778,757.70087,1280.7968,949.6877,0,0.66623884,,person
1110.2184,207.2693,1162.6693,335.20056,0,0.6496514,,person
691.12946,255.57184,751.4283,407.04858,0,0.61878765,,person
1170.314,238.57265,1226.5131,359.73737,0,0.6088451,,person
1848.1377,384.70248,1919.4221,556.39435,0,0.603991,,person
83.49833,108.690056,134.42505,230.36047,0,0.6033284,,person
1380.314,33.276535,1418.8418,166.82384,0,0.59780055,,person
722.1036,170.20895,777.54535,296.087,0,0.5888917,,person
798.36053,46.49817,838.8611,168.12009,0,0.5783318,,person
563.15375,385.4785,630.18463,515.9114,0,0.57087696,,person
1709.7228,129.96985,1778.5741,271.2997,0,0.5442156,,person
707.71075,23.405634,750.2287,147.5035,0,0.50128543,,person
981.7183,282.2178,1043.2831,437.56833,0,0.46911713,,person
917.6735,79.05327,959.0451,211.06778,0,0.45604497,,person
336.23438,473.60797,396.3057,627.1482,0,0.43088552,,person
1691.9148,787.5802,1797.6758,976.34656,0,0.4213143,,person
387.74844,504.40915,458.2402,651.44904,0,0.41464162,,person
1298.5164,0.0,1343.434,103.91476,0,0.39062837,,person
1682.4661,73.65923,1729.3088,187.59084,0,0.3623472,,person
857.5448,48.608047,901.9367,174.63858,0,0.35266754,,person
440.76022,495.98987,504.3242,628.5057,0,0.34106663,,person
219.10081,0.6190338,275.04346,119.390854,0,0.29268557,,person
1878.7657,215.33331,1919.372,345.5332,0,0.2922107,,person
1691.5338,788.34106,1797.0363,974.20026,14,0.26810434,,bird
83.637314,908.17,195.46275,1080.0,0,0.8071978,,person
1001.60455,930.5275,1082.8239,1077.8688,0,0.7922354,,person
677.1251,825.45215,768.0533,1051.2439,0,0.77669793,,person
1616.7708,327.26642,1692.0286,498.2622,0,0.7737045,,person
1191.9127,749.0884,1279.9553,949.9668,0,0.74235237,,person
908.0986,395.9036,976.5079,557.6351,0,0.73732793,,person
43.963505,589.56464,136.71054,768.37463,0,0.72506374,,person
1056.1104,459.43707,1132.3676,638.76276,0,0.72467893,,person
1761.0725,279.4444,1842.4021,443.46616,0,0.7246495,,person
1112.219,208.52579,1162.6074,334.812,0,0.690094,,person
998.7036,664.71484,1066.2748,845.4297,0,0.6781851,,person
549.7973,502.66214,636.6078,658.8445,0,0.67022157,,person
1170.836,237.36342,1224.7335,357.31064,0,0.63995,,person
1849.355,387.13495,1919.3818,557.34393,0,0.6268788,,person
722.72644,167.04796,772.52435,298.1846,0,0.62194026,,person
798.47864,46.91732,839.10754,168.2796,0,0.6216255,,person
1699.8436,796.76263,1802.4296,987.6349,0,0.6151037,,person
83.24072,108.81144,136.0055,231.60956,0,0.5988278,,person
691.98615,254.84738,749.39905,406.53232,0,0.59378767,,person
1380.7148,33.823586,1419.6299,167.09294,0,0.582674,,person
564.3704,388.41415,624.07416,517.7375,0,0.56480455,,person
1714.0598,131.03035,1779.1516,279.11288,0,0.5515798,,person
973.24805,286.50403,1040.9835,437.67966,0,0.5236911,,person
917.5759,81.45989,959.96173,212.59929,0,0.4986396,,person
707.9034,19.069502,750.9584,141.78229,0,0.49101555,,person
1690.4104,973.8534,1805.1864,1080.0,0,0.4566553,,person
1683.6105,78.54687,1730.276,194.22038,0,0.44530317,,person
337.11246,473.57538,398.29175,627.30383,0,0.43687016,,person
1296.3817,0.67972183,1340.1758,103.631584,0,0.37738347,,person
221.92676,0.0,277.19193,141.60292,0,0.36161017,,person
439.1434,496.05087,504.4564,628.5544,0,0.3209043,,person
387.85547,505.28067,457.89743,651.42804,0,0.3159206,,person
859.02997,49.329597,903.36896,174.87599,0,0.31386083,,person
1878.9983,222.35184,1919.3811,346.3267,0,0.30257216,,person
0.08521557,884.15393,20.892,1017.9998,0,0.2808014,,person
996.8624,933.78064,1082.3236,1080.0,0,0.8334853,,person
1613.0374,326.01178,1686.5806,498.36237,0,0.79363626,,person
45.675076,592.62854,136.77177,768.40686,0,0.77859795,,person
81.639046,911.2899,189.1874,1080.0,0,0.7579285,,person
1194.0912,745.1197,1281.7947,950.37506,0,0.745233,,person
908.1711,396.62787,973.13434,559.0461,0,0.71796083,,person
1761.1271,283.09277,1842.8741,443.04373,0,0.7162657,,person
677.937,821.34015,768.26385,1052.0013,0,0.71540886,,person
1055.742,457.0546,1131.649,634.02435,0,0.7028918,,person
551.05554,508.51016,632.76654,660.0548,0,0.6999972,,person
1171.1477,236.34947,1225.2787,357.08554,0,0.6708265,,person
1113.3191,209.17186,1161.9171,334.7075,0,0.6646965,,person
999.5266,660.6411,1061.7272,841.8115,0,0.63258165,,person
82.61972,108.64554,135.24345,230.80801,0,0.6158611,,person
1380.2688,33.32879,1418.9238,166.82515,0,0.5986104,,person
1846.1338,393.37875,1919.376,554.4542,0,0.59700286,,person
796.51776,46.765182,838.4943,167.78055,0,0.57116354,,person
689.9702,253.933,749.173,407.22586,0,0.56802696,,person
969.2829,287.23203,1039.6342,443.7118,0,0.53424203,,person
722.75397,165.21121,770.6541,298.79443,0,0.52395016,,person
563.29877,389.61584,626.42596,516.8846,0,0.52302885,,person
1683.8057,77.93985,1732.0225,193.33003,0,0.5144275,,person
706.8225,17.637508,750.03265,138.2926,0,0.44404572,,person
918.0119,81.54904,960.05365,213.33417,0,0.44104603,,person
1712.2009,132.5679,1778.4844,282.80286,0,0.4380393,,person
336.04248,473.81506,396.7847,627.29865,0,0.4181717,,person
1701.0948,802.43994,1804.0148,1002.8121,0,0.39643264,,person
1879.6908,223.66599,1919.3881,346.62936,0,0.3195006,,person
387.48444,505.6236,459.0818,651.8635,0,0.31208932,,person
1296.4597,0.7881317,1338.7317,103.39613,0,0.3075662,,person
437.9408,495.9376,504.21353,627.6318,0,0.30674648,,person
858.3174,49.143623,901.19025,174.2379,0,0.30457315,,person
1701.345,804.5211,1803.8108,1006.58295,14,0.25045493,,bird
995.3866,935.2747,1078.3088,1080.0,0,0.829769,,person
1612.8688,323.92654,1684.9889,493.73236,0,0.80690074,,person
550.1384,511.7296,629.3786,661.457,0,0.7762344,,person
1760.6079,283.92856,1842.5868,442.33887,0,0.7614908,,person
46.222733,594.88336,136.937,769.5511,0,0.73430765,,person
906.3926,397.0593,973.17334,559.19946,0,0.7251094,,person
1852.585,394.86612,1919.302,554.964,0,0.72492146,,person
683.00305,817.5046,767.8512,1049.7742,0,0.70385104,,person
1197.5859,740.18994,1285.0576,942.9941,0,0.6830591,,person
1056.891,454.5868,1132.1122,626.14435,0,0.6790293,,person
79.81828,914.73724,184.45644,1080.0,0,0.65891415,,person
1171.2986,234.23209,1224.0645,357.61157,0,0.6492578,,person
998.159,658.03046,1062.4202,835.0869,0,0.62392175,,person
1379.9861,31.095245,1418.5825,166.20049,0,0.59477305,,person
81.30791,108.26661,135.55144,229.89944,0,0.5884532,,person
1114.2511,211.63687,1160.657,332.22247,0,0.5831135,,person
563.31116,392.01324,624.692,524.0257,0,0.5800974,,person
688.8456,250.96751,747.761,407.71054,0,0.56583756,,person
1683.7102,78.20329,1733.505,194.97173,0,0.5598512,,person
1711.4205,130.99123,1779.0648,282.33023,0,0.53755707,,person
796.68994,44.44638,838.1254,167.86125,0,0.5375294,,person
1703.0189,811.26184,1807.1547,1021.5118,0,0.5348086,,person
721.6672,163.51863,768.6894,298.2339,0,0.47458345,,person
967.0729,288.30908,1038.825,448.6192,0,0.46294367,,person
705.8284,16.603935,751.6138,135.87872,0,0.46282035,,person
917.88446,82.10518,960.7714,211.73572,0,0.4589225,,person
335.88666,474.25388,396.4096,626.34106,0,0.4066415,,person
858.8467,47.977024,900.18713,174.88179,0,0.33218887,,person
1879.9072,225.34488,1919.3829,346.43976,0,0.31007951,,person
439.01706,496.02686,504.41135,625.3845,0,0.27958536,,person
388.31763,511.32352,461.8028,652.1195,0,0.26960355,,person
1295.9379,0.7387619,1337.3959,102.354904,0,0.2536376,,person
990.96844,935.6686,1075.5038,1080.0,0,0.8347028,,person
1612.4968,322.71588,1683.5461,486.87277,0,0.80173135,,person
1198.0742,734.4211,1285.2822,938.1869,0,0.79910165,,person
77.08492,920.7777,185.74438,1080.0,0,0.7635547,,person
1761.4526,285.59912,1843.864,442.14523,0,0.75293314,,person
548.31213,513.3774,627.2804,664.8496,0,0.7517128,,person
49.311367,595.5996,138.99828,774.33984,0,0.7345397,,person
683.4864,810.68976,771.1705,1046.687,0,0.7338605,,person
906.55756,400.10184,973.62213,557.712,0,0.71932447,,person
1059.2397,450.12854,1131.9619,619.06244,0,0.67282623,,person
1171.6143,231.14049,1224.3783,357.95453,0,0.65201616,,person
1856.5371,400.02835,1919.3247,558.4412,0,0.65113455,,person
998.23175,654.74945,1061.3965,825.9117,0,0.63744634,,person
562.3956,391.5932,623.8449,526.04553,0,0.6092999,,person
1113.9619,213.62274,1160.8898,335.46835,0,0.58358616,,person
1379.8335,30.834503,1418.4459,165.7176,0,0.58051836,,person
80.50316,107.96419,135.53743,229.25528,0,0.57847184,,person
688.91296,249.54602,747.19324,405.36072,0,0.57407403,,person
797.0673,43.562214,838.06757,167.84349,0,0.5736379,,person
1711.9204,131.70053,1778.885,284.91068,0,0.5302199,,person
1683.7482,79.8907,1733.3339,193.71759,0,0.51248926,,person
706.505,13.6714325,749.56116,134.02286,0,0.49440527,,person
721.15466,162.37958,768.4269,297.3548,0,0.47972232,,person
335.5242,474.34296,395.56305,620.6096,0,0.47107792,,person
1703.9203,816.5795,1809.6754,1017.9073,0,0.47050735,,person
917.51697,81.84215,961.68933,209.36852,0,0.45618922,,person
966.00586,291.00238,1037.3778,454.01,0,0.44864875,,person
651.98834,917.8102,700.3235,988.6749,28,0.4117337,,suitcase
652.5854,918.0994,701.9684,989.8061,26,0.3677809,,handbag
858.5786,48.347675,900.3519,173.38289,0,0.3499303,,person
1880.0376,226.48155,1919.3972,346.614,0,0.33904627,,person
1698.6259,994.9719,1808.5734,1080.0,14,0.33728796,,bird
389.9994,510.08533,460.7301,651.4529,0,0.2940623,,person
1294.9083,0.81897354,1335.9364,102.12474,0,0.28955454,,person
440.55835,494.75125,503.0485,624.4822,0,0.28155074,,person
221.89816,0.0,277.23218,130.11696,0,0.2792807,,person
1703.7971,818.703,1809.6475,1021.8065,16,0.27682197,,dog
986.2031,940.8348,1072.2689,1080.0,0,0.88416207,,person
74.6675,926.25916,184.28375,1080.0,0,0.7955106,,person
1612.0305,320.231,1680.8167,481.9373,0,0.7949427,,person
1199.3383,729.7613,1286.0732,930.5596,0,0.78073245,,person
546.04266,512.4141,623.9381,673.1434,0,0.7798894,,person
50.937492,598.99207,137.66107,780.08356,0,0.77156633,,person
905.8402,401.07394,972.8171,557.4152,0,0.7476147,,person
1059.0125,448.45505,1131.8544,613.986,0,0.7104354,,person
1859.4636,403.88425,1919.2604,562.9633,0,0.7059061,,person
683.17004,806.3802,773.22675,1037.9447,0,0.6869097,,person
999.71356,649.17206,1061.1066,812.896,0,0.66835,,person
1761.3171,285.06995,1845.739,440.81726,0,0.6657776,,person
1171.4182,226.7346,1226.0742,354.81137,0,0.62480193,,person
80.81747,108.79258,134.3688,228.63364,0,0.5982981,,person
797.562,43.12509,838.073,167.21207,0,0.5946427,,person
560.3962,394.67535,621.6307,526.3245,0,0.58390945,,person
1115.6803,215.96356,1163.3342,337.33292,0,0.5753157,,person
1705.2356,824.242,1814.0903,1025.7477,0,0.5734751,,person
1379.2904,30.687675,1418.1154,165.51047,0,0.5725759,,person
334.74893,474.22937,396.11316,621.9413,0,0.52775794,,person
688.72595,246.12506,745.43335,400.13406,0,0.5240211,,person
720.8082,161.33656,767.63153,295.47083,0,0.49733925,,person
1683.4618,80.69957,1733.8561,193.00105,0,0.47372144,,person
707.8042,12.707428,747.69104,132.96759,0,0.45994955,,person
1714.3751,131.08046,1777.8702,283.77206,0,0.45749977,,person
917.4152,83.22688,962.1715,211.66397,0,0.4282452,,person
964.79425,292.98087,1036.7812,454.66895,0,0.41502324,,person
653.2171,912.3682,701.6519,983.1879,28,0.3559467,,suitcase
859.17096,48.007256,899.5818,172.44151,0,0.35343975,,person
654.387,912.8348,702.78424,984.19244,26,0.3422679,,handbag
1879.7505,228.07672,1919.384,346.54202,0,0.33058444,,person
389.47055,508.72055,460.1335,651.0059,0,0.30310768,,person
221.90167,0.68696594,278.39355,142.38936,0,0.29967064,,person
442.80222,492.451,502.61288,624.27924,0,0.2844365,,person
978.0822,948.92944,1071.7113,1080.0,0,0.85406035,,person
1610.8275,312.6992,1678.7274,467.84866,0,0.81288224,,person
54.38118,605.05444,142.336,800.9319,0,0.79648536,,person
72.46097,936.13367,184.69727,1080.0,0,0.7413105,,person
906.5144,404.4712,974.28595,557.9793,0,0.72717285,,person
1170.9673,225.10812,1224.9545,353.49014,0,0.7067942,,person
1058.713,443.31656,1131.6465,601.7529,0,0.68962973,,person
686.3002,792.65076,776.91486,1027.738,0,0.68952125,,person
1766.5499,285.53104,1845.7152,440.14484,0,0.6839388,,person
687.9302,240.37395,745.6529,396.76913,0,0.6689904,,person
1204.305,719.27954,1287.1849,913.9344,0,0.66543925,,person
1003.1082,637.99,1062.0779,799.12445,0,0.66453254,,person
1116.3296,220.55786,1165.0914,344.614,0,0.630024,,person
1379.4946,30.787886,1418.5223,165.5681,0,0.6120455,,person
558.473,396.84238,620.71954,535.81036,0,0.5708645,,person
544.31525,515.7691,621.06555,682.0289,0,0.56905234,,person
797.1674,43.108658,837.9245,167.65906,0,0.56624323,,person
917.536,83.2676,960.3704,215.6195,0,0.54760045,,person
80.72612,108.17514,134.20152,229.02196,0,0.5444218,,person
334.6431,474.6038,395.33258,622.3382,0,0.52395374,,person
720.27704,159.83734,765.6841,292.83682,0,0.51418626,,person
703.682,11.604652,746.4018,132.70203,0,0.4901908,,person
1862.0586,421.30673,1919.4237,582.7629,0,0.4891578,,person
1685.1423,81.97266,1735.0679,193.26294,0,0.48698664,,person
219.27484,0.0,288.37006,142.29796,0,0.4697455,,person
1710.8021,837.0551,1819.5276,1040.9679,0,0.44710866,,person
965.5838,297.77692,1036.9583,459.13797,0,0.43559453,,person
1712.8851,130.85065,1777.7847,286.35928,0,0.4207508,,person
859.34106,47.83798,899.73724,172.93265,0,0.37851715,,person
1880.9008,227.91046,1919.4144,348.43616,0,0.33167812,,person
1711.3949,836.33734,1822.0836,1037.2694,16,0.32679772,,dog
389.10077,509.0022,458.0125,650.7806,0,0.3059347,,person
440.6112,497.48547,502.95935,630.8365,0,0.278769,,person
1291.0906,0.76474,1329.982,101.7228,0,0.25889286,,person
974.5523,951.96277,1070.6617,1080.0,0,0.84858453,,person
1610.0394,311.1069,1676.9755,465.5624,0,0.7964737,,person
71.19667,945.28656,186.07933,1079.587,0,0.7739721,,person
55.522995,610.48083,143.28563,806.5176,0,0.77367425,,person
904.61755,408.23538,974.3895,562.43854,0,0.74362993,,person
1171.3707,225.14502,1226.0667,353.8038,0,0.73518705,,person
685.49927,788.09344,780.8308,1015.8287,0,0.7293246,,person
1059.1388,441.90894,1131.3853,596.1035,0,0.70171297,,person
1004.608,635.2028,1060.3232,795.8669,0,0.6836284,,person
687.0887,236.98769,742.2655,394.15778,0,0.677871,,person
1117.3213,221.59085,1167.6237,347.6314,0,0.67206407,,person
1715.321,842.5804,1820.3562,1047.4434,0,0.6540016,,person
1767.9966,286.2817,1846.0211,443.84967,0,0.636817,,person
1201.5591,710.40497,1288.0822,896.92883,0,0.6352535,,person
544.1409,524.71387,617.6552,690.09045,0,0.62031144,,person
558.10254,398.6598,621.31696,539.974,0,0.6005251,,person
1379.6426,30.391314,1418.2039,165.451,0,0.59165156,,person
219.1789,0.0,302.9503,141.90788,0,0.5524482,,person
918.3362,85.99658,959.16833,218.78673,0,0.5452382,,person
797.60156,42.800446,838.03015,167.92186,0,0.5369706,,person
79.78959,108.06331,134.91454,229.12807,0,0.53495073,,person
719.1929,155.85487,764.56604,289.6172,0,0.5329198,,person
333.9995,473.4346,394.24048,628.0254,0,0.53008133,,person
1865.3763,429.84924,1919.514,587.6479,0,0.43620786,,person
967.4385,297.75943,1034.5529,456.37885,0,0.42528868,,person
1686.3784,83.68959,1732.265,192.9467,0,0.39123082,,person
705.0303,13.509848,746.9835,132.03685,0,0.37797844,,person
859.16876,47.49653,899.83026,173.24988,0,0.36694348,,person
1882.1962,232.77554,1919.3746,343.36703,0,0.35177198,,person
389.42816,508.30527,457.73245,650.67706,0,0.34348217,,person
441.93314,493.2843,502.3366,624.1042,0,0.32889763,,person
660.1373,895.1957,705.61725,962.40125,28,0.27122775,,suitcase
972.08405,956.66,1071.7219,1080.0,0,0.86200005,,person
72.229805,949.74554,187.58253,1080.0,0,0.8308022,,person
1608.4907,307.34558,1676.7832,464.48523,0,0.8232936,,person
541.7868,526.7444,615.38257,694.5662,0,0.7958848,,person
1202.755,707.3278,1288.5422,885.3543,0,0.78018236,,person
903.6467,409.66602,975.345,566.0063,0,0.7787295,,person
56.926506,612.0898,144.57053,806.1142,0,0.7780355,,person
686.19946,783.7753,785.7594,994.6799,0,0.75726455,,person
1170.2589,224.34283,1224.6987,351.8759,0,0.7570682,,person
1059.1692,436.98752,1132.2861,592.2937,0,0.7340626,,person
1004.9473,632.6118,1061.183,794.27527,0,0.72161573,,person
1715.718,845.1416,1825.0444,1052.7657,0,0.7045828,,person
1118.0706,225.31073,1169.2837,348.47812,0,0.6903503,,person
1767.6893,290.56635,1845.3872,450.42484,0,0.687937,,person
686.73193,232.20259,742.2382,388.83127,0,0.6538657,,person
556.8869,400.6506,620.6444,541.83826,0,0.63329846,,person
919.3971,87.07514,959.7052,220.65967,0,0.5977332,,person
1378.7128,30.158455,1417.4004,164.53221,0,0.5965488,,person
218.56801,0.0,309.80753,142.09319,0,0.58862734,,person
719.39685,154.97646,763.2647,287.30106,0,0.58416605,,person
797.74756,42.31317,837.8995,167.85825,0,0.5500193,,person
77.7702,108.29444,135.41629,229.78839,0,0.52476645,,person
334.08417,473.41132,392.6818,627.29553,0,0.5149346,,person
964.34875,300.78363,1031.9015,466.94955,0,0.50451285,,person
1868.0109,430.1846,1919.5902,592.8639,0,0.4304367,,person
1686.6248,85.83634,1733.6034,191.59035,0,0.42954937,,person
1882.1224,228.5822,1919.3851,343.5261,0,0.4207554,,person
703.2395,12.851017,745.75586,132.81325,0,0.41695365,,person
860.0074,47.58213,898.74994,174.31366,0,0.41192853,,person
388.59094,508.3107,458.11572,650.63007,0,0.35848004,,person
441.72156,492.87177,502.65704,624.2234,0,0.34800452,,person
1288.0078,0.56697464,1327.224,103.790245,0,0.33126754,,person
663.55646,884.64716,701.5256,954.7414,28,0.31134957,,suitcase
1782.704,846.2192,1825.562,982.37604,0,0.2844707,,person
1711.8047,76.77782,1781.2566,214.93494,0,0.28389952,,person
970.4436,961.88434,1074.0714,1080.0,0,0.81589013,,person
541.50073,529.7342,616.17975,696.8487,0,0.80262625,,person
1608.2758,305.0475,1674.1256,462.7305,0,0.8008281,,person
59.65693,615.79565,147.48381,808.40265,0,0.7944207,,person
71.47073,958.60126,191.72444,1080.0,0,0.78881603,,person
687.306,780.5709,788.40643,982.81055,0,0.7882071,,person
1058.2073,433.07547,1133.0156,591.78467,0,0.77066106,,person
1201.5059,699.6332,1290.5662,880.4524,0,0.74913514,,person
1171.179,220.05345,1226.7218,349.07748,0,0.7414905,,person
1769.2306,293.7444,1845.7299,455.55597,0,0.70666665,,person
904.20154,414.07498,975.0249,573.49774,0,0.6967958,,person
686.7708,228.738,744.144,382.6951,0,0.69314957,,person
555.7506,405.21835,620.4868,545.4134,0,0.68477684,,person
1008.2148,630.6458,1059.9928,793.824,0,0.6730208,,person
1120.5201,225.30267,1170.7668,352.6464,0,0.6666321,,person
919.3859,90.01827,960.13055,223.06572,0,0.6106464,,person
718.9549,152.53989,762.7898,285.4056,0,0.58897537,,person
218.16289,0.0,312.63843,144.47612,0,0.5830006,,person
1378.64,30.682137,1417.874,164.03471,0,0.5827564,,person
333.9287,473.26236,393.40988,626.57104,0,0.5183813,,person
797.8303,41.87311,837.29504,168.36955,0,0.5069264,,person
77.49245,107.53885,135.42825,229.26823,0,0.4894191,,person
701.606,11.630304,745.69556,129.9533,0,0.46114007,,person
859.67267,45.285843,899.209,175.16988,0,0.44639316,,person
1881.8599,226.2459,1919.3965,345.45248,0,0.44004345,,person
1866.8126,433.68817,1919.525,596.3805,0,0.42557105,,person
1722.4435,850.66504,1828.9786,1051.5072,16,0.3900007,,dog
1287.6696,0.06035614,1325.3318,101.25318,0,0.3404301,,person
389.04776,507.20178,457.3234,650.1266,0,0.3376579,,person
966.01465,302.32343,1030.1053,463.101,0,0.32947004,,person
439.48227,493.44373,503.725,623.4803,0,0.32944447,,person
1722.6006,852.28235,1819.0393,1049.2683,0,0.32589257,,person
1689.4586,83.2037,1739.4915,191.12646,0,0.3008217,,person
61.363644,622.812,152.34268,814.26404,0,0.8425945,,person
968.23956,966.5114,1077.3252,1080.0,0,0.8298119,,person
1606.4928,303.61185,1672.5701,463.21994,0,0.8071882,,person
687.1447,773.97034,789.8679,970.2237,0,0.7975255,,person
69.88433,964.09155,192.06097,1080.0,0,0.7815943,,person
1056.8723,431.0494,1134.0066,594.6708,0,0.7815782,,person
1200.8331,695.0442,1291.2196,878.9916,0,0.7691748,,person
540.3166,534.2082,615.86005,698.0037,0,0.7596309,,person
1769.9806,296.66916,1846.4572,461.0954,0,0.7402578,,person
905.18427,416.6056,974.60504,575.4267,0,0.7083602,,person
686.13007,227.02592,740.1879,376.2639,0,0.6942557,,person
1009.191,631.74066,1061.6516,794.68567,0,0.6739006,,person
554.2901,406.47565,619.4859,547.5293,0,0.6681187,,person
1171.6729,216.20197,1226.1959,342.63638,0,0.66525894,,person
1121.1937,227.10365,1172.2556,353.8952,0,0.6331926,,person
920.35565,92.53148,960.55023,226.22992,0,0.6327103,,person
716.24896,149.40741,762.7125,280.79538,0,0.60567254,,person
1378.6798,30.297592,1418.3613,164.4929,0,0.59034073,,person
218.3878,0.0,313.3924,144.50995,0,0.5365492,,person
1881.1307,230.27147,1919.4093,352.0523,0,0.5269371,,person
798.13074,41.477463,837.1943,168.15852,0,0.52070385,,person
333.73032,473.11688,394.78757,627.0452,0,0.51266396,,person
1725.4332,855.8106,1831.8666,1063.6349,0,0.48488027,,person
77.05071,107.762085,135.50552,228.72725,0,0.48376405,,person
860.28516,43.916153,900.2091,175.49278,0,0.47748107,,person
703.3776,10.462229,744.8498,127.16908,0,0.42769766,,person
962.2859,304.09634,1032.8925,472.75186,0,0.40872633,,person
1870.7124,438.68097,1919.477,597.236,0,0.3933488,,person
388.60968,506.81992,457.54285,650.3367,0,0.3586171,,person
438.06848,493.00323,504.11298,623.1907,0,0.33262685,,person
60.136417,625.87085,156.07924,823.2452,0,0.83688194,,person
69.723656,974.79144,189.25339,1079.933,0,0.8184425,,person
1603.3865,301.2471,1672.3722,463.11273,0,0.80237687,,person
903.4792,421.14706,972.0639,580.77673,0,0.7656726,,person
1203.9585,688.43744,1290.96,880.24133,0,0.76416796,,person
1769.7195,301.88992,1844.5056,468.1842,0,0.7441505,,person
1056.084,425.60925,1131.6736,594.5168,0,0.742967,,person
685.14496,222.48505,740.5754,369.86124,0,0.6922027,,person
687.36993,768.54663,789.21155,963.24725,0,0.67670584,,person
962.8515,978.503,1080.749,1080.0,0,0.6512242,,person
538.8379,539.4086,612.55084,698.79663,0,0.6486388,,person
1119.3817,229.40927,1172.6332,355.08237,0,0.64524263,,person
1007.3586,623.9263,1061.4838,794.1003,0,0.63676035,,person
554.03076,411.66486,615.448,556.3612,0,0.61705685,,person
1378.4965,30.498001,1416.9028,163.37416,0,0.5924026,,person
920.4075,94.581505,961.6835,223.63808,0,0.5822818,,person
715.58594,147.26953,761.886,272.43713,0,0.5771886,,person
1173.3582,215.07774,1224.2246,332.89337,0,0.56666774,,person
799.0505,40.079124,835.91986,168.00874,0,0.50326854,,person
334.16632,473.43085,393.0352,626.48615,0,0.48277998,,person
859.27057,44.585953,898.14386,170.88016,0,0.4559154,,person
703.4857,2.5374756,744.80914,122.97363,0,0.45235476,,person
1873.9226,438.7585,1919.4664,598.30853,0,0.43000332,,person
74.877365,107.96214,134.4572,228.68605,0,0.4131001,,person
1880.8191,232.20598,1919.4448,360.48248,0,0.38543332,,person
385.40405,507.55328,457.7602,649.72833,0,0.38160807,,person
961.8926,309.52002,1028.1486,468.4542,0,0.36715445,,person
438.80612,494.07,503.88602,624.3479,0,0.28868657,,person
1730.6115,865.7256,1838.6862,1059.6218,0,0.27514768,,person
69.43861,980.9742,188.76802,1079.8947,0,0.8311787,,person
63.291298,627.337,157.1299,823.50665,0,0.80788934,,person
1599.6226,300.34763,1671.2659,463.76907,0,0.7715111,,person
904.7988,423.38873,973.5877,587.176,0,0.75956535,,person
1056.4476,424.8869,1129.7719,593.9672,0,0.7104647,,person
963.1669,982.90594,1081.9935,1080.0,0,0.70069975,,person
681.4584,763.73914,787.67487,965.8385,0,0.69896877,,person
537.25916,540.11816,614.5046,699.0482,0,0.6988727,,person
686.0765,220.88686,740.9801,368.9951,0,0.6957896,,person
1204.8806,685.46045,1293.2883,880.3015,0,0.68885607,,person
1770.75,303.78836,1846.2949,470.97757,0,0.68102795,,person
1122.3223,230.03705,1173.3877,356.7085,0,0.65443295,,person
1173.4049,214.97511,1223.7693,331.60547,0,0.6276905,,person
552.5644,410.20288,615.28345,559.93286,0,0.60323995,,person
1009.25995,619.0177,1060.2734,792.455,0,0.59596306,,person
1378.5085,30.6362,1417.3698,163.46672,0,0.58333105,,person
920.6891,93.85389,960.3446,230.23486,0,0.54512465,,person
700.8565,2.7533112,744.93915,121.215294,0,0.51561815,,person
714.84174,143.9655,762.1939,270.9818,0,0.50697964,,person
799.082,40.071968,836.09344,167.90627,0,0.4929391,,person
859.63385,44.672424,897.86847,170.10704,0,0.43826708,,person
962.8638,312.12506,1028.2881,468.16104,0,0.40643403,,person
334.61856,473.8233,393.82196,622.5956,0,0.37997794,,person
1881.4889,237.5906,1919.4584,361.64255,0,0.37613446,,person
74.81748,107.7681,134.31317,228.40494,0,0.34053093,,person
1876.4829,444.6372,1919.4603,597.4867,0,0.32282853,,person
1732.7714,872.0005,1845.0656,1068.3091,14,0.29518613,,bird
387.50363,513.3979,457.84818,648.87634,0,0.25800732,,person
1770.5548,311.96072,1822.2982,452.32178,0,0.25453243,,person
905.94086,426.6946,978.8747,593.08545,0,0.76607645,,person
1599.4211,297.55573,1670.1112,462.37115,0,0.7577025,,person
64.3719,628.96185,158.3583,822.80164,0,0.74829686,,person
1056.377,423.4865,1131.0642,593.20715,0,0.7194936,,person
1770.8639,310.1942,1845.6398,475.0601,0,0.71421355,,person
1207.5388,682.8279,1291.9321,879.9538,0,0.6948308,,person
682.038,760.5346,787.754,966.15234,0,0.6826237,,person
67.906746,986.5602,188.81924,1080.0,0,0.6792114,,person
685.1891,220.27272,741.4107,370.84286,0,0.6696144,,person
535.5159,539.3528,612.87726,698.95044,0,0.66570413,,person
1122.5989,232.268,1173.3455,354.47708,0,0.642602,,person
1172.1669,211.63788,1224.4647,329.08145,0,0.6281727,,person
963.245,987.2778,1076.8121,1080.0,0,0.6154748,,person
1378.3546,30.341446,1417.8618,163.5044,0,0.58652383,,person
553.62744,414.38242,615.3228,558.55194,0,0.5720775,,person
920.66895,94.14903,960.02783,230.26936,0,0.5709315,,person
1008.5178,614.0724,1064.0629,776.0726,0,0.56411153,,person
701.11835,1.0468941,744.76276,119.02227,0,0.53315854,,person
713.67993,142.97612,763.3746,269.03928,0,0.5004568,,person
799.1486,40.312687,837.08844,168.077,0,0.49136162,,person
859.6822,44.42372,898.34235,169.93016,0,0.45902896,,person
1736.6376,877.89716,1846.2771,1067.3241,0,0.41727662,,person
74.223785,106.623825,135.34476,228.47878,0,0.41237774,,person
961.2756,311.66495,1029.8381,471.0263,0,0.40761122,,person
334.64905,473.8168,394.91125,620.582,0,0.35606018,,person
1751.5356,81.96902,1791.1699,162.33202,0,0.31307933,,person
1878.7712,451.61115,1919.4521,597.57404,0,0.30299968,,person
1704.6914,84.25317,1750.6392,195.21281,0,0.29558665,,person
1882.2056,238.12569,1919.4558,366.9011,0,0.2829142,,person
258.30615,41.982857,316.08646,141.34251,0,0.2523673,,person
905.70337,429.4845,975.9562,592.4665,0,0.8060935,,person
1771.0314,309.62988,1846.0804,479.19095,0,0.7763032,,person
1208.2069,676.1433,1292.0663,878.1235,0,0.7635271,,person
65.30802,633.453,158.13168,822.9655,0,0.751934,,person
1597.7714,294.37006,1670.569,459.53577,0,0.7491286,,person
64.17462,991.38336,182.67297,1080.0,0,0.72912943,,person
1056.2814,421.29245,1131.4062,593.1499,0,0.72828543,,person
1737.405,885.79083,1851.3043,1079.6676,0,0.68757343,,person
685.18976,219.37308,742.871,369.18,0,0.67704755,,person
1171.4341,210.70958,1223.1991,325.71582,0,0.67362726,,person
692.2889,755.87646,781.6231,966.33716,0,0.6707307,,person
962.0559,990.7427,1072.0854,1080.0,0,0.6696419,,person
534.9261,540.85596,613.91046,697.71643,0,0.62927234,,person
1378.131,29.92241,1417.2716,163.54716,0,0.602079,,person
919.8871,94.44026,960.828,231.08931,0,0.59164214,,person
1009.5859,611.26245,1061.2574,783.3794,0,0.58982766,,person
1121.5354,234.25063,1173.3561,356.39612,0,0.57682747,,person
553.27716,415.77374,615.55786,555.2959,0,0.55920357,,person
711.82965,142.44814,761.9489,264.17358,0,0.55842465,,person
262.9967,37.65886,315.38803,141.40591,0,0.53595,,person
859.5136,44.12336,898.15546,169.87827,0,0.5240173,,person
1709.5756,145.54865,1781.3939,295.44235,0,0.50466347,,person
798.86487,40.051247,836.6181,167.59424,0,0.473515,,person
1736.9081,885.24774,1849.9603,1076.5892,16,0.45779738,,dog
702.61505,0.05809021,744.562,116.60017,0,0.4552517,,person
74.39726,106.95907,134.79153,228.74553,0,0.4413452,,person
963.2382,312.49817,1024.6392,469.49307,0,0.43743742,,person
334.303,473.51413,393.56235,622.87396,0,0.4200855,,person
1881.977,240.67072,1919.4412,368.8018,0,0.38248876,,person
1877.0706,450.72867,1919.4565,597.5598,0,0.34389102,,person
215.33038,0.0,270.5961,103.836754,0,0.29497832,,person
1704.0338,83.75592,1750.0405,196.2552,0,0.26746553,,person
386.09912,511.84085,457.17105,648.2412,0,0.25417164,,person
1596.2765,292.84528,1669.7201,458.4854,0,0.7905301,,person
1771.4198,311.5674,1845.943,480.8529,0,0.7800393,,person
906.72437,434.39877,974.94763,596.7671,0,0.77932733,,person
1208.4662,672.6967,1292.4545,876.3693,0,0.7552631,,person
692.9495,753.6918,777.791,966.7097,0,0.75292385,,person
70.30252,635.4042,160.0545,822.4867,0,0.75166076,,person
62.84276,994.41266,176.8623,1080.0,0,0.7194636,,person
1056.0498,419.97116,1130.6327,592.75385,0,0.7133472,,person
1170.9741,210.60562,1223.3163,327.1639,0,0.70262283,,person
684.5384,219.11765,743.5575,370.79782,0,0.6600272,,person
533.1307,545.1619,615.60065,700.84424,0,0.64856213,,person
1121.3296,239.85324,1172.1102,361.20953,0,0.613693,,person
553.0082,418.66333,615.6806,560.71893,0,0.6120625,,person
920.007,95.2687,961.07465,233.29437,0,0.6036296,,person
1010.84235,608.6027,1063.7693,780.07056,0,0.5929965,,person
1378.2704,30.598892,1417.3564,163.53076,0,0.58328325,,person
265.63678,34.80938,313.37457,142.4693,0,0.5652509,,person
1738.686,890.7499,1854.2468,1080.0,0,0.56007063,,person
712.9627,140.92114,766.2239,265.2139,0,0.55619377,,person
963.3248,999.1244,1067.5852,1080.0,0,0.5500218,,person
1737.3625,893.3268,1853.4331,1079.3667,16,0.532806,,dog
858.86505,44.48506,898.27594,170.68584,0,0.52682227,,person
1708.5675,151.53868,1782.0895,299.0356,0,0.51193476,,person
958.3956,312.97635,1028.0308,474.8229,0,0.50092036,,person
74.42976,108.48816,134.5768,229.71332,0,0.48215613,,person
799.0113,40.00122,836.56366,167.82487,0,0.48163527,,person
702.96875,0.3372345,744.99915,117.595375,0,0.45789355,,person
216.03049,0.55278397,269.3206,104.46538,0,0.45574468,,person
1876.0829,456.979,1919.4452,597.2722,0,0.45112392,,person
334.90155,473.90207,392.95853,625.0726,0,0.4490504,,person
1881.8518,242.64034,1919.436,369.60773,0,0.39465803,,person
1703.2126,85.03876,1750.5981,194.95744,0,0.33399725,,person
1277.1171,0.31430054,1319.138,98.79902,0,0.3148663,,person
1750.1254,81.62439,1791.7291,157.67711,0,0.29210442,,person
1771.6975,314.8214,1847.609,480.14487,0,0.82290524,,person
1596.2261,288.81345,1667.4797,451.48865,0,0.8215088,,person
906.9189,436.1953,976.76154,595.40955,0,0.7674541,,person
1207.7454,663.5184,1295.3423,868.43134,0,0.7445246,,person
531.7193,551.77203,617.1065,705.7524,0,0.73958904,,person
1168.9172,205.78445,1224.5509,329.1643,0,0.7109219,,person
693.31354,745.76056,778.61066,963.852,0,0.70453334,,person
956.0367,315.58435,1025.988,484.15768,0,0.6782352,,person
684.04944,216.3609,740.62683,369.57788,0,0.67321825,,person
1056.4578,409.36377,1125.7504,583.4755,0,0.66453284,,person
1120.9496,240.51846,1174.3314,368.79477,0,0.65522593,,person
713.19763,137.14792,769.60254,263.45306,0,0.64079994,,person
917.7336,97.720024,962.0191,231.23558,0,0.62462384,,person
551.4059,420.51428,615.2231,558.8212,0,0.62355065,,person
1378.7565,29.117369,1417.0625,163.10121,0,0.6103473,,person
1011.5759,599.9152,1067.6377,758.18756,0,0.60510737,,person
704.78485,0.8690758,744.5973,112.98661,0,0.58195555,,person
62.04694,1003.50977,167.85182,1080.0,0,0.57560706,,person
857.80133,42.670074,898.0776,171.56737,0,0.54175067,,person
73.88064,107.06475,132.89478,229.10793,0,0.5391309,,person
71.27243,635.3716,162.05571,822.737,0,0.5313164,,person
799.21783,36.592003,837.2906,167.18651,0,0.5270369,,person
214.7159,0.0,270.94263,106.95149,0,0.5218514,,person
963.11224,1004.5759,1059.21,1080.0,0,0.512375,,person
1738.1268,908.6076,1861.8201,1077.2491,14,0.4886462,,bird
1879.3793,468.3911,1919.4512,596.99744,0,0.48005214,,person
273.82114,34.153896,314.3595,137.841,0,0.4591135,,person
334.96362,473.95312,395.12036,621.25726,0,0.41709948,,person
1703.7169,86.628,1752.3065,197.52814,0,0.3479159,,person
1279.291,0.7339783,1317.9305,97.12122,0,0.30518356,,person
1709.8228,148.34245,1786.2078,303.7182,0,0.2904364,,person
439.23828,490.78152,503.9896,619.2224,0,0.2806857,,person
382.9709,500.35822,460.18298,646.89514,0,0.28037944,,person
1597.4509,287.12595,1666.8977,449.59387,0,0.8295226,,person
1772.176,318.32144,1848.802,480.414,0,0.81287724,,person
531.8676,552.366,617.95154,713.73175,0,0.7872449,,person
1207.136,659.67773,1294.3726,858.5733,0,0.76098645,,person
907.6705,436.97827,978.5341,595.3581,0,0.73214805,,person
690.8429,742.7642,777.40125,962.19525,0,0.70018524,,person
1168.2306,206.3919,1224.7787,329.65924,0,0.68358904,,person
1056.3695,409.12262,1128.2648,578.85736,0,0.66890836,,person
684.3091,214.06572,741.8192,367.38138,0,0.6664488,,person
551.38837,421.73364,615.04816,560.1762,0,0.66427344,,person
1014.1225,592.99054,1067.4944,754.13324,0,0.66028035,,person
712.8448,134.96887,771.4382,261.20172,0,0.6520462,,person
1120.6241,243.74648,1174.6083,373.03952,0,0.6500779,,person
918.349,99.19249,962.2339,230.6672,0,0.64179695,,person
1378.5177,29.002625,1417.0867,163.35953,0,0.63420093,,person
957.8368,318.70203,1026.5424,489.63254,0,0.58532256,,person
73.41998,640.5539,166.84589,822.1676,0,0.58281386,,person
704.9027,1.2634506,745.2727,111.75998,0,0.5778975,,person
1705.0519,87.85849,1754.8306,196.16185,0,0.576677,,person
59.90719,1008.273,163.397,1080.0,0,0.5753664,,person
1740.0868,912.9688,1867.4872,1080.0,0,0.57436705,,person
278.8572,34.787956,318.6192,139.22154,0,0.5637597,,person
799.14026,36.736794,837.76965,166.94197,0,0.5510384,,person
857.41626,42.257828,898.4707,169.97284,0,0.5495302,,person
213.76625,0.0,271.48694,109.01289,0,0.513863,,person
1881.1766,469.43765,1919.4537,600.3324,0,0.49340004,,person
963.08167,1009.3092,1058.1233,1080.0,0,0.48296547,,person
72.68651,106.36354,132.05481,228.80974,0,0.46783558,,person
334.8982,473.88647,395.7358,620.44775,0,0.44174856,,person
1750.864,82.05492,1795.5828,172.12473,0,0.38294274,,person
1278.5265,0.727252,1321.3499,96.61835,0,0.34013227,,person
438.32355,490.48343,504.01968,622.8084,0,0.32413775,,person
1711.8424,163.19615,1784.3214,305.50635,0,0.30727363,,person
1884.1183,241.54564,1919.4756,365.99197,0,0.30294344,,person
384.22632,505.10312,459.17834,646.9814,0,0.27055278,,person
1595.473,283.613,1662.5021,444.2984,0,0.8294116,,person
1770.953,320.811,1849.2002,480.10437,0,0.81491613,,person
1205.743,654.0996,1295.6354,839.97235,0,0.8116267,,person
529.55566,552.1782,618.67786,720.161,0,0.7869697,,person
907.3318,437.24313,979.48193,594.4909,0,0.7650839,,person
691.64014,737.70703,775.9186,959.7345,0,0.7572316,,person
547.2109,423.86792,615.63885,562.7366,0,0.68819255,,person
75.10454,643.8107,171.3929,826.15356,0,0.68700147,,person
1167.0996,204.00664,1222.5757,329.4193,0,0.66787016,,person
1119.136,248.27376,1175.5254,373.23096,0,0.6634243,,person
684.8385,213.09279,739.4762,361.29834,0,0.6633643,,person
1705.3433,88.38036,1755.9983,196.38805,0,0.6510828,,person
1014.12836,588.38086,1067.7961,749.08673,0,0.64927065,,person
1054.9103,405.9332,1127.7467,567.4448,0,0.64924383,,person
917.0261,100.51369,962.65216,232.45692,0,0.6405682,,person
284.13467,35.325523,323.3578,138.29906,0,0.61757827,,person
1378.5901,28.679031,1417.225,163.22983,0,0.61669815,,person
712.5357,132.99353,772.6246,256.44766,0,0.58721304,,person
1752.6359,82.99821,1796.8079,172.31815,0,0.5858752,,person
71.61001,104.95894,128.83046,228.66,0,0.5719846,,person
59.88508,1013.68506,158.98526,1080.0,0,0.57122904,,person
704.5256,0.2727127,745.3859,111.45023,0,0.56013256,,person
958.6974,321.47958,1027.5814,490.4396,0,0.5558629,,person
213.50226,0.20448303,270.29654,110.692245,0,0.5539136,,person
855.4451,42.505375,898.0076,169.27556,0,0.547622,,person
799.3292,36.52086,837.57153,166.83899,0,0.53781766,,person
334.6888,473.58636,396.34363,621.7941,0,0.47502956,,person
1881.783,474.51776,1919.4507,602.581,0,0.43856096,,person
960.4435,1013.8851,1056.1334,1080.0,0,0.4296718,,person
1711.2009,163.62909,1782.927,307.4664,0,0.3779736,,person
439.4663,490.41953,503.82358,622.3655,0,0.36721462,,person
381.51398,461.6771,458.95,649.8278,0,0.3476531,,person
1276.3389,1.2047453,1318.4534,95.87061,0,0.33098245,,person
1743.4047,919.95776,1873.1206,1080.0,0,0.32906097,,person
1884.5277,243.46555,1919.4701,365.02203,0,0.31944576,,person
385.85056,509.52264,458.33597,648.4118,0,0.29060483,,person
1741.5293,920.67505,1871.4375,1080.0,14,0.2810818,,bird
382.51276,462.19693,451.88263,589.29736,0,0.26432878,,person
1770.6595,321.93002,1850.6653,477.8339,0,0.8139108,,person
1595.02,281.37817,1661.4302,439.0078,0,0.80754834,,person
1206.4791,646.57367,1294.7458,826.6185,0,0.7638401,,person
530.569,559.26984,620.3524,723.72235,0,0.7601979,,person
690.4627,733.60846,774.5365,953.88763,0,0.7598425,,person
908.04895,438.92096,978.44916,591.6915,0,0.72204584,,person
77.46529,648.4193,178.10637,828.74414,0,0.7197529,,person
957.0637,321.41797,1025.7781,489.47766,0,0.71461695,,person
547.9199,426.1505,615.4884,563.75867,0,0.6959656,,person
286.13278,34.578876,327.6947,137.60738,0,0.6884309,,person
1055.2599,400.77988,1126.8694,559.68,0,0.6829906,,person
1015.7642,585.6393,1070.3658,742.5557,0,0.6792542,,person
915.4856,101.89122,963.1172,232.77109,0,0.6530657,,person
685.57477,209.69513,738.93146,358.03555,0,0.650928,,person
213.97101,0.25468826,269.29614,111.19535,0,0.63865215,,person
1119.0857,250.7737,1178.447,379.45618,0,0.6379462,,person
1705.0188,89.64102,1758.6489,198.24889,0,0.62322944,,person
1165.6593,202.11937,1223.1256,330.71222,0,0.6221341,,person
1378.567,27.106018,1416.7786,163.83057,0,0.6214113,,person
713.0991,131.84921,773.1325,253.11502,0,0.6016826,,person
704.0179,0.0,746.96857,112.36592,0,0.58620644,,person
856.73126,41.981895,897.9875,166.641,0,0.58123934,,person
799.28357,35.335304,837.78937,166.1848,0,0.57113355,,person
1752.553,84.151794,1798.1162,180.35037,0,0.54215723,,person
71.42672,105.21279,127.36503,228.8775,0,0.5377947,,person
333.32254,473.74396,395.4107,617.8793,0,0.52306885,,person
59.606003,1019.22253,155.21938,1080.0,0,0.4853986,,person
959.8105,1016.16895,1052.0516,1080.0,0,0.4570218,,person
438.32373,491.38397,504.71265,625.1477,0,0.4488038,,person
1709.7151,160.0431,1783.006,311.2188,0,0.41972908,,person
1883.8828,248.39241,1919.4536,367.11795,0,0.3965423,,person
382.37698,460.54138,456.12885,649.75653,0,0.37925398,,person
1744.1455,926.1274,1876.27,1080.0,14,0.35897586,,bird
1881.5537,479.1049,1919.4448,596.01984,0,0.345885,,person
1276.2958,1.6664314,1317.6329,95.939285,0,0.30307198,,person
386.3193,507.1857,455.08035,648.53906,0,0.27850223,,person
382.28342,461.91486,448.93253,590.9259,0,0.27060762,,person
1769.4801,321.175,1851.4795,479.93896,0,0.8345302,,person
1208.6741,640.28674,1297.6025,818.9598,0,0.827709,,person
908.31976,440.65146,976.68677,594.3761,0,0.7917049,,person
692.574,729.232,776.67834,949.29456,0,0.7806826,,person
1594.9592,277.7126,1662.0978,432.4659,0,0.76334727,,person
531.6524,563.65607,622.44196,727.7497,0,0.7328525,,person
1015.5094,581.2436,1072.4069,739.80707,0,0.7245403,,person
956.10333,327.25485,1025.2413,492.9397,0,0.7156253,,person
1055.5845,398.34494,1127.6215,555.3651,0,0.7088742,,person
547.2654,427.47885,614.75665,567.06726,0,0.7068242,,person
712.7575,129.9756,774.4202,252.30777,0,0.6659763,,person
288.65805,32.73171,338.45422,136.88718,0,0.66577315,,person
1120.6764,248.54681,1179.4325,378.6114,0,0.66307,,person
916.0937,102.01401,961.7148,237.04152,0,0.66078585,,person
685.1005,202.83952,740.1295,358.135,0,0.65964645,,person
79.30293,651.80365,186.27342,837.85236,0,0.64691615,,person
215.0647,0.5439491,269.32077,111.77236,0,0.63309276,,person
1380.1527,27.071434,1417.975,160.86485,0,0.6090237,,person
799.42676,33.50457,838.5106,165.24605,0,0.60627127,,person
1706.1599,89.3313,1761.6211,196.3582,0,0.57690847,,person
856.69305,39.508415,897.9923,170.47037,0,0.5697315,,person
704.35754,0.0,746.90027,112.03668,0,0.5531006,,person
1754.1039,84.89987,1801.8644,187.77022,0,0.5331832,,person
1165.6906,200.0012,1221.1001,328.54846,0,0.5254093,,person
959.6487,1018.0751,1047.454,1080.0,0,0.50635856,,person
72.76028,106.497025,128.24872,229.13846,0,0.50597525,,person
332.7187,473.32086,395.5873,616.87317,0,0.50342876,,person
1711.1342,167.68304,1784.046,312.69058,0,0.42179364,,person
1276.2587,0.259346,1361.6455,96.95176,0,0.4015878,,person
442.69162,490.0081,504.3143,619.6557,0,0.39489916,,person
383.8634,460.21674,456.7466,649.4445,0,0.39004818,,person
1751.3694,933.26666,1882.032,1080.0,14,0.37165254,,bird
1885.519,249.73604,1919.4441,363.18356,0,0.36790872,,person
1750.9817,932.61035,1883.1516,1080.0,0,0.32576567,,person
61.276863,1029.1997,151.27374,1080.0,0,0.3036566,,person
1883.0936,480.19382,1919.4371,594.70294,0,0.289734,,person
1276.1953,1.378315,1315.0397,95.43718,0,0.2849324,,person
387.53915,513.30817,456.6968,648.12616,0,0.27521485,,person
383.78656,461.57117,448.7753,585.30853,0,0.26987612,,person
906.9373,447.61926,974.8808,610.82135,0,0.8418388,,person
1769.509,326.76227,1854.2671,491.58026,0,0.80877626,,person
1592.2258,276.0073,1660.2664,426.06097,0,0.7923916,,person
1214.9817,634.38794,1298.4869,806.78046,0,0.7315719,,person
83.66119,657.7649,193.36469,843.79364,0,0.71256745,,person
215.04309,0.51711273,269.5056,114.60714,0,0.71110237,,person
294.37024,34.372993,353.76993,136.37943,0,0.6959729,,person
691.1866,720.2884,777.0453,931.2363,0,0.69527096,,person
1013.3727,575.9108,1073.4734,740.84216,0,0.6939178,,person
684.7081,201.01122,738.3348,345.5466,0,0.69179046,,person
953.8581,333.23465,1023.958,505.01266,0,0.66897964,,person
1054.6913,394.4242,1127.0491,551.2806,0,0.66589236,,person
715.0849,128.77693,773.9385,251.44359,0,0.657592,,person
916.1712,105.1452,962.82666,244.31534,0,0.6374417,,person
799.7157,32.986954,838.6758,164.20312,0,0.6212145,,person
545.1912,432.865,613.3892,568.5542,0,0.6139176,,person
857.0898,38.748413,898.2453,169.18315,0,0.6017152,,person
1379.3221,26.170624,1417.4597,162.77165,0,0.5972645,,person
1886.2128,252.10304,1919.2516,364.63562,0,0.56845844,,person
1124.5294,250.05913,1181.2185,380.19333,0,0.5676482,,person
529.64246,575.19836,624.826,738.2637,0,0.55313975,,person
704.57245,0.0,746.3053,110.07953,0,0.5470953,,person
1755.9939,87.84716,1803.1578,165.96553,0,0.54036766,,person
70.56399,105.40478,125.343155,229.25882,0,0.52714664,,person
1164.0925,196.20662,1214.8875,303.0902,0,0.51923203,,person
332.47617,474.01566,394.93607,617.0851,0,0.4713057,,person
1709.9756,166.27739,1784.1421,314.19913,0,0.4386716,,person
1709.369,90.56806,1764.163,195.62743,0,0.41967717,,person
440.98068,492.23502,504.94254,624.3066,0,0.39343125,,person
385.2713,509.192,459.47415,647.0735,0,0.33103076,,person
1274.0782,2.1949196,1313.5605,95.26552,0,0.31819117,,person
383.16898,460.36633,457.35306,649.4171,0,0.3131265,,person
958.2349,1030.5214,1043.0085,1080.0,0,0.26345435,,person
907.3429,448.62122,974.3961,615.1873,0,0.8613388,,person
86.19508,662.5738,196.2065,847.2653,0,0.80995536,,person
693.7788,710.87274,774.85803,924.767,0,0.7915357,,person
1590.5182,273.51898,1659.2446,424.87473,0,0.78457063,,person
1772.6316,329.95938,1853.9172,498.98157,0,0.780046,,person
1212.1583,630.2449,1296.6062,807.1747,0,0.75675803,,person
951.8381,333.71182,1022.5732,504.4477,0,0.7544992,,person
1012.70306,574.31146,1071.3959,740.8546,0,0.71736395,,person
214.95584,1.4536171,268.888,114.3335,0,0.7115757,,person
685.2414,196.4599,740.58215,340.60742,0,0.6898373,,person
915.01776,105.5934,963.2027,246.84444,0,0.6812842,,person
1053.6273,390.34543,1126.8038,550.3849,0,0.67094743,,person
296.09244,34.756165,356.53418,136.23424,0,0.6680778,,person
714.8613,126.4396,772.9617,248.90053,0,0.6468773,,person
545.3684,435.72647,612.38904,568.95197,0,0.6279769,,person
799.50574,32.147144,839.1111,162.74245,0,0.61702317,,person
1379.3075,26.228622,1417.5686,162.9139,0,0.60615706,,person
857.0418,38.615753,897.70715,168.825,0,0.5911222,,person
1886.6508,253.1332,1919.2651,368.69333,0,0.5839154,,person
529.5198,578.4749,626.1019,743.0261,0,0.5737996,,person
704.504,0.0,748.3372,107.657326,0,0.5461525,,person
332.6027,473.48273,394.11093,616.3112,0,0.51345575,,person
70.47484,105.62178,125.19692,229.8007,0,0.5041273,,person
1709.8381,162.26349,1784.0574,313.5706,0,0.49434993,,person
1126.826,251.53697,1182.3125,379.8155,0,0.48496157,,person
1756.5923,88.2431,1804.3938,165.12593,0,0.48116216,,person
1162.6619,194.5366,1213.3989,280.352,0,0.47024488,,person
1273.6506,1.4792633,1315.8986,94.848755,0,0.44757897,,person
440.2499,492.00937,504.91818,624.4099,0,0.4266474,,person
1713.5813,91.68304,1764.7904,191.52852,0,0.40223396,,person
1162.3535,193.99435,1217.4128,325.18295,0,0.39052632,,person
383.6748,459.73782,456.67255,649.9745,0,0.3497574,,person
385.50256,508.37003,459.31842,647.3214,0,0.32993996,,person
384.3094,462.89346,447.7578,580.12085,0,0.26054618,,person
1742.6387,87.255135,1791.994,177.51752,0,0.25145867,,person
907.243,453.75275,976.7487,620.2292,0,0.86681765,,person
693.7942,708.2234,773.51825,910.1682,0,0.8190677,,person
1585.5157,270.2361,1658.0123,423.57083,0,0.7939338,,person
1770.9551,333.88715,1852.686,504.57513,0,0.7866331,,person
1211.8113,626.0986,1297.0388,811.7827,0,0.7358073,,person
950.09436,333.20828,1023.6224,504.82755,0,0.72707343,,person
1012.4674,572.0279,1069.9597,741.14026,0,0.70859295,,person
214.81572,1.4185066,269.2448,115.015854,0,0.6984316,,person
88.49302,668.2912,194.35736,855.8181,0,0.68920845,,person
1054.294,387.21307,1126.8195,549.6419,0,0.67686105,,person
684.7068,195.43874,739.0505,338.48447,0,0.67007554,,person
915.4475,106.21321,962.0482,248.4228,0,0.6638862,,person
799.08344,31.230217,839.43146,160.93236,0,0.66051793,,person
297.4686,34.14378,357.474,135.77072,0,0.66036326,,person
716.7722,125.16202,773.0083,248.02794,0,0.65035045,,person
1379.5155,26.405228,1417.5153,162.7094,0,0.6248761,,person
857.55286,38.24485,896.9861,168.08084,0,0.5896505,,person
70.256516,105.653114,123.9882,233.01244,0,0.5836179,,person
544.2938,438.5647,610.21985,573.7079,0,0.5731969,,person
531.5717,579.5472,626.8283,743.064,0,0.5606821,,person
703.93524,0.0,746.77997,104.52239,0,0.555712,,person
1271.6018,0.8720999,1318.5914,94.09045,0,0.5467451,,person
332.4019,473.5459,394.2876,617.42944,0,0.5189917,,person
1886.4005,251.97528,1919.3141,372.28546,0,0.5154858,,person
1783.4854,954.62115,1900.307,1080.0,14,0.49309447,,bird
1709.9026,161.3384,1784.8513,314.04147,0,0.4660501,,person
1159.2852,192.78297,1213.718,281.59653,0,0.45946708,,person
441.1863,491.7335,504.79742,624.5534,0,0.4444937,,person
1128.3191,259.1217,1179.9756,380.47678,0,0.43862003,,person
1754.9774,88.408195,1805.505,165.4846,0,0.4005327,,person
1716.0989,92.878944,1768.0203,187.50787,0,0.35708955,,person
383.53537,459.80127,457.96216,650.6032,0,0.3461942,,person
1158.0656,191.8987,1217.2932,322.92786,0,0.3373437,,person
385.2509,510.77042,459.61258,647.6364,0,0.3308891,,person
1729.6538,89.48566,1781.7839,171.55518,0,0.25770342,,person
906.13824,457.11108,975.4931,622.14844,0,0.84193766,,person
1582.5553,266.73257,1655.7609,422.2829,0,0.80746466,,person
694.42786,703.0025,774.36914,899.00446,0,0.7988674,,person
1771.1039,335.1383,1851.9413,506.9448,0,0.79244477,,person
1209.4995,624.9159,1298.7704,810.67346,0,0.74169546,,person
1010.9881,569.4148,1071.5277,740.7651,0,0.7169211,,person
214.44649,1.3619499,268.78577,115.46014,0,0.7008131,,person
88.560425,670.3872,194.36449,869.1308,0,0.69086295,,person
683.9404,193.03336,738.3653,336.4099,0,0.6695313,,person
718.8005,123.247215,768.7768,246.4228,0,0.6684431,,person
300.54602,35.633656,358.61984,135.93626,0,0.66412187,,person
1054.8909,385.616,1126.799,551.26154,0,0.6631288,,person
949.9814,334.86972,1022.2932,504.02896,0,0.6623987,,person
798.1465,30.976038,839.6902,159.55229,0,0.6358714,,person
1379.4546,26.464485,1417.5936,162.70515,0,0.6236392,,person
916.3991,109.812744,961.2131,251.2029,0,0.61500007,,person
703.7494,0.0,746.5369,103.305336,0,0.6108956,,person
532.076,577.83563,625.4916,742.9878,0,0.59932387,,person
70.457535,105.928696,121.744835,230.85736,0,0.59896463,,person
857.9713,39.232567,897.55194,163.77608,0,0.5833855,,person
542.5369,441.16708,608.45197,581.4976,0,0.5827966,,person
332.43924,473.40997,393.66678,617.47516,0,0.5219688,,person
1271.2405,1.745965,1318.6271,94.99714,0,0.5017367,,person
1130.3906,257.25113,1182.0273,379.55832,0,0.47776428,,person
1711.574,161.39278,1784.4675,315.4161,0,0.44489673,,person
1885.21,256.20413,1919.3185,376.81128,0,0.43925968,,person
444.57742,490.02658,504.36557,621.098,0,0.43228558,,person
1787.5532,959.4992,1906.9797,1080.0,14,0.40026718,,bird
384.75943,512.67444,459.3328,647.6193,0,0.32823992,,person
1155.4025,191.48543,1213.4674,279.23373,0,0.32277092,,person
382.9893,460.51785,458.826,650.89606,0,0.3030716,,person
1759.5591,89.446335,1807.2881,162.91887,0,0.2976084,,person
1721.4695,94.60506,1767.957,180.59372,0,0.27264383,,person
90.89999,674.1043,192.45027,871.0355,0,0.8340334,,person
903.96796,461.19748,974.2671,627.1946,0,0.8119007,,person
1580.31,265.5381,1652.328,420.75687,0,0.80571836,,person
694.6321,698.7012,773.87897,896.6563,0,0.7964067,,person
1772.072,340.46436,1851.7961,511.81302,0,0.7929784,,person
214.3,1.0706635,268.44748,115.743645,0,0.69693726,,person
1007.868,567.41754,1069.7157,737.951,0,0.6905621,,person
684.4964,192.56136,734.9548,334.9178,0,0.67743415,,person
718.4815,121.13853,767.4996,245.77338,0,0.6771541,,person
1213.4977,621.6339,1298.4055,806.07294,0,0.6714132,,person
1054.7036,384.8366,1128.9551,549.8584,0,0.662782,,person
916.5339,113.7977,961.6529,252.98643,0,0.6475391,,person
70.49287,106.27528,121.19058,231.311,0,0.63946617,,person
1379.4397,28.783968,1417.6846,162.14586,0,0.63554925,,person
303.63806,36.135635,359.16562,136.05855,0,0.6266132,,person
858.1894,39.123917,897.564,163.38826,0,0.6092561,,person
531.7414,580.5769,624.86224,741.63135,0,0.5957731,,person
798.32007,30.997421,839.95715,158.77428,0,0.5926118,,person
702.33344,0.0,745.7545,101.61527,0,0.5923528,,person
542.7085,442.03152,607.5264,581.1129,0,0.5905591,,person
1130.0533,256.08026,1183.0221,382.14545,0,0.58119863,,person
332.47742,473.27985,393.3372,617.55066,0,0.5443416,,person
1155.2975,191.0203,1211.9844,274.4958,0,0.511547,,person
955.39636,336.94678,1019.89453,494.73645,0,0.48771748,,person
1883.6898,259.20767,1919.3925,381.20096,0,0.48282158,,person
442.9542,491.29907,504.84146,624.4151,0,0.4826004,,person
1269.7925,1.5487747,1314.7189,94.51236,0,0.47979555,,person
383.24054,459.595,458.7159,650.79535,0,0.36030573,,person
385.70874,508.27515,456.73132,648.39606,0,0.34960848,,person
1713.0095,161.86858,1785.765,313.18134,0,0.34028137,,person
1763.395,90.624825,1807.5615,163.89058,0,0.30620086,,person
1789.6781,966.7024,1910.9012,1080.0,14,0.30564246,,bird
1724.9502,95.70131,1770.5625,176.75226,0,0.29271358,,person
1269.3765,0.0,1344.8737,95.02343,0,0.2841654,,person
902.52924,465.77582,973.8129,635.6556,0,0.8101852,,person
97.47892,678.8442,192.7029,874.0187,0,0.7967459,,person
1580.0731,262.54514,1648.9479,420.6144,0,0.7685323,,person
1217.9191,614.35364,1302.3864,803.4372,0,0.7604777,,person
694.91895,690.3444,772.57855,892.42914,0,0.74969345,,person
1055.0186,382.1608,1128.8317,549.81445,0,0.74376816,,person
1773.1776,347.52386,1855.028,519.17944,0,0.72676224,,person
310.0532,33.10404,362.3648,134.86125,0,0.72086257,,person
949.4672,340.79654,1023.0231,504.07004,0,0.6877393,,person
70.185776,106.34818,121.13665,232.10295,0,0.6837919,,person
215.21118,1.030426,269.22052,116.264534,0,0.67217857,,person
721.43634,116.01132,764.01624,243.03694,0,0.66981226,,person
683.17847,189.033,735.6088,330.48892,0,0.65659606,,person
1011.6167,561.8342,1070.2174,729.87286,0,0.65360785,,person
798.1993,31.334106,839.9089,156.85178,0,0.63865674,,person
858.01996,37.39538,896.7332,161.23917,0,0.63542014,,person
1380.3428,28.63337,1417.9438,161.55643,0,0.62670845,,person
530.7527,588.3163,620.56665,741.2804,0,0.60482836,,person
702.44794,0.0,742.82635,98.55833,0,0.5862693,,person
918.02216,114.26498,961.31854,253.94025,0,0.5770968,,person
1131.5087,262.53134,1184.128,391.25354,0,0.5698921,,person
332.55206,473.59488,394.06598,618.932,0,0.5311769,,person
540.078,446.73248,606.0053,591.7676,0,0.49880937,,person
444.10995,491.21274,506.26016,624.21185,0,0.489457,,person
384.2148,459.712,460.46176,650.8567,0,0.45006767,,person
1154.9402,187.37413,1213.0286,270.8357,0,0.4491762,,person
1883.4166,262.7027,1919.2877,382.1823,0,0.40253043,,person
1713.8303,165.84846,1786.5049,314.72006,0,0.3857863,,person
1269.3838,3.1846275,1301.2356,93.394165,0,0.38288793,,person
1730.8374,94.04109,1772.4763,176.73643,0,0.3233045,,person
1768.9036,91.832565,1809.1029,175.49448,0,0.29206973,,person
901.9076,468.02527,974.21173,636.61176,0,0.80722904,,person
1579.2625,261.7425,1646.9642,422.60608,0,0.76763517,,person
99.616745,680.638,192.16777,873.5788,0,0.76041377,,person
1054.9745,376.7387,1126.9501,549.01447,0,0.75913626,,person
1772.1259,348.38214,1855.0748,520.69904,0,0.7490831,,person
1221.1824,609.68616,1302.5087,800.2773,0,0.7183522,,person
529.75854,586.7199,618.39276,739.61206,0,0.7140465,,person
692.95703,686.1141,772.1234,894.3435,0,0.69015837,,person
798.5094,31.349173,839.9286,155.83305,0,0.6861014,,person
215.56595,0.7339668,270.29288,115.745224,0,0.6749051,,person
70.09791,106.18657,121.02425,231.37106,0,0.66621006,,person
1012.3874,558.24603,1074.2686,725.29395,0,0.663843,,person
857.985,36.927452,896.1068,160.92238,0,0.65804046,,person
948.4071,341.4013,1021.76575,504.4412,0,0.64666545,,person
683.27057,186.94629,736.04974,331.44434,0,0.6446998,,person
314.41852,32.97289,362.35867,133.71738,0,0.6314581,,person
1380.2955,28.669355,1418.3134,161.2106,0,0.6272707,,person
720.7478,114.14275,762.8785,242.23743,0,0.61497766,,person
918.9624,115.4336,962.0821,253.31435,0,0.6147692,,person
1131.1556,265.38596,1184.2643,395.69598,0,0.61409616,,person
701.023,0.0,742.17993,97.8051,0,0.5655554,,person
1154.0145,186.80608,1213.2272,269.16397,0,0.5497396,,person
332.455,473.04575,394.26297,619.02344,0,0.5377696,,person
444.38965,491.17285,505.89496,623.989,0,0.49361676,,person
538.92267,447.3829,604.3759,593.95807,0,0.47948176,,person
384.57907,459.86508,461.18747,650.7175,0,0.46346593,,person
1713.6259,164.08392,1787.7968,314.93344,0,0.43568635,,person
1883.8136,266.13156,1919.328,383.9872,0,0.40288574,,person
1267.9413,3.9435081,1300.7838,92.4167,0,0.35609952,,person
1768.1012,92.7141,1811.64,193.4902,0,0.32271376,,person
1732.6469,94.52806,1773.2897,178.73373,0,0.2740651,,person
901.14825,468.32007,974.5146,637.0503,0,0.8435908,,person
1055.996,377.3356,1127.076,544.333,0,0.79608524,,person
101.36483,682.2089,191.7346,874.94666,0,0.783347,,person
1578.8218,261.12628,1645.4033,420.28958,0,0.7430731,,person
1771.6194,350.58847,1855.3953,520.7804,0,0.7400207,,person
530.0202,588.4064,617.13995,744.9848,0,0.7094905,,person
798.2871,31.02221,840.57294,155.34686,0,0.7006873,,person
695.6313,683.3665,772.8754,891.80975,0,0.6899235,,person
1226.1517,602.7772,1304.0536,775.6674,0,0.6845709,,person
1011.9117,553.3372,1073.8511,717.6332,0,0.67678237,,person
215.33432,0.99791336,270.81345,116.008995,0,0.66618603,,person
69.79104,106.27245,121.00205,231.33907,0,0.6654256,,person
857.81506,36.165985,895.1556,160.88164,0,0.6642649,,person
947.15515,343.88272,1022.1936,505.70703,0,0.65823084,,person
721.44543,112.80615,762.0703,241.63147,0,0.646321,,person
682.778,186.74965,735.89233,330.7229,0,0.6420596,,person
1380.1547,28.733145,1418.8379,161.25957,0,0.6111157,,person
919.32697,116.747635,962.5911,252.31526,0,0.60531473,,person
1132.9855,266.14246,1185.4706,396.86154,0,0.5966866,,person
1714.0594,161.1732,1788.7405,317.63242,0,0.5625611,,person
317.77588,32.7858,360.1769,133.09084,0,0.55483884,,person
333.06436,473.45648,393.7792,618.6811,0,0.5322254,,person
1156.5864,186.7522,1212.6315,268.58533,0,0.50931334,,person
444.81015,491.3672,506.31262,623.16156,0,0.49477866,,person
384.15674,460.16583,462.08917,650.4326,0,0.45946637,,person
537.6631,449.74374,604.2992,595.5264,0,0.45441273,,person
701.00867,0.0,740.65247,96.489265,0,0.43043733,,person
1884.5143,271.24844,1919.39,385.94708,0,0.38046637,,person
1267.0988,4.720502,1299.972,91.043335,0,0.29292455,,person
1772.4342,92.86892,1812.6537,174.35968,0,0.2575175,,person
386.5807,514.6088,464.54773,648.5435,0,0.2561036,,person
1731.4238,94.22463,1778.5533,179.02798,0,0.25367802,,person
901.5268,469.50897,974.6357,637.45844,0,0.8583051,,person
104.18147,682.60913,194.29907,869.6574,0,0.8059071,,person
1057.359,376.10635,1127.2059,540.4803,0,0.7698654,,person
1578.1208,256.75543,1644.8167,418.53754,0,0.7678282,,person
530.9202,589.1193,614.1865,751.6364,0,0.74582064,,person
1229.7814,599.9956,1304.8931,773.70795,0,0.74445826,,person
1769.3262,352.6974,1855.9131,519.11646,0,0.743624,,person
1014.722,551.1277,1073.9423,708.9797,0,0.6982434,,person
69.865974,106.08646,121.668236,231.54099,0,0.6803002,,person
948.2785,346.55188,1020.1617,509.20523,0,0.6796031,,person
695.97,678.674,774.45264,893.25696,0,0.6741483,,person
798.5083,30.769878,841.8796,155.2267,0,0.6688671,,person
682.882,184.97466,737.504,331.24313,0,0.6560278,,person
1380.1378,28.805946,1419.0679,161.2874,0,0.65549636,,person
215.65604,1.5214348,271.6638,116.984375,0,0.64104563,,person
857.76416,36.84961,894.8212,160.54459,0,0.64081806,,person
1135.3628,269.99554,1185.7076,400.43155,0,0.6087638,,person
919.13525,117.363625,963.3237,252.31285,0,0.5973125,,person
321.65524,32.65258,360.43845,133.1458,0,0.5734642,,person
1714.6593,160.64525,1788.4182,321.08627,0,0.56646055,,person
720.87616,111.141335,761.78906,241.60974,0,0.5530066,,person
535.3074,449.076,604.3358,597.7029,0,0.54929036,,person
332.9318,473.12897,394.41214,619.2261,0,0.53356946,,person
1158.0677,184.74495,1212.1245,269.41602,0,0.52065575,,person
383.82968,461.23398,462.69946,650.31415,0,0.5133587,,person
446.0809,491.16806,506.238,623.2017,0,0.4927219,,person
1885.2323,271.7161,1919.4034,386.4244,0,0.3321015,,person
704.00085,0.0,741.30054,94.567024,0,0.318741,,person
1733.565,94.964584,1780.3982,176.77936,0,0.27869195,,person
386.00592,514.4368,465.26404,648.62683,0,0.27389106,,person
1266.773,4.371915,1299.2516,90.69509,0,0.2581943,,person
1769.3331,93.23923,1813.411,180.68175,0,0.25151485,,person
105.96206,682.62494,197.19305,868.84265,0,0.84580964,,person
902.3018,469.84772,974.2031,637.45825,0,0.844219,,person
1578.3666,255.3517,1643.0577,413.06195,0,0.7781885,,person
1770.1322,353.71152,1856.8231,519.19196,0,0.7603034,,person
1231.1885,593.1744,1306.7352,770.7719,0,0.75924635,,person
1014.23145,544.9523,1073.5415,702.8679,0,0.7320115,,person
530.2726,592.6271,612.1511,758.9072,0,0.7284581,,person
1058.0938,374.03522,1128.4407,535.3418,0,0.72204417,,person
947.05023,347.69324,1020.2016,512.04156,0,0.7067009,,person
857.2147,35.212715,894.81323,160.48798,0,0.64290243,,person
799.4227,29.314573,842.27234,155.20996,0,0.64106053,,person
1380.1061,28.39943,1419.3695,160.22049,0,0.63690984,,person
682.20776,182.06108,736.0459,327.76395,0,0.63046664,,person
1136.9696,271.71436,1186.2601,405.61554,0,0.6288009,,person
697.1314,678.2124,774.5543,880.1706,0,0.6248895,,person
70.788475,105.9841,121.33484,231.74135,0,0.6195334,,person
215.93129,1.7137527,271.4451,117.86636,0,0.61731327,,person
323.77515,30.98085,363.47223,130.96584,0,0.597431,,person
535.2076,452.33835,604.73456,602.80725,0,0.58385473,,person
919.0104,117.272095,963.4096,252.60406,0,0.5745583,,person
1713.8375,165.6473,1787.74,324.47046,0,0.5582489,,person
1159.456,182.8309,1211.5078,270.06345,0,0.5235906,,person
333.71854,471.7695,394.31573,618.5041,0,0.51431054,,person
717.2186,108.249985,762.5413,241.38625,0,0.5075502,,person
383.98126,460.84033,462.5477,650.6411,0,0.5030631,,person
446.12057,491.19672,506.08588,622.524,0,0.4902447,,person
705.67206,0.0,741.7497,94.07682,0,0.31994417,,person
1266.0962,4.098464,1298.9557,92.93297,0,0.31660193,,person
1887.03,274.51447,1919.4122,387.26395,0,0.2893039,,person
1346.0332,0.0,1378.1078,38.037357,0,0.28345522,,person
1774.6381,94.14253,1813.1041,175.30188,24,0.27739415,,backpack
386.26172,515.05493,466.5098,648.7718,0,0.257761,,person
904.06256,475.82715,974.1861,638.0,0,0.8267896,,person
1230.3787,585.2676,1308.6313,755.8506,0,0.82600874,,person
1773.1776,357.50418,1858.1572,523.1051,0,0.8061856,,person
109.38819,690.55194,202.36745,882.34595,0,0.7810302,,person
529.7829,595.0803,607.9422,774.8833,0,0.7491638,,person
1579.2964,250.57347,1641.1252,402.20764,0,0.74480885,,person
1021.6855,539.33594,1073.2043,690.8757,0,0.70223355,,person
683.0098,179.40967,738.3392,320.32315,0,0.6887339,,person
856.698,34.489563,894.1436,158.52374,0,0.6835219,,person
1063.1676,367.82007,1130.7028,521.8955,0,0.6718892,,person
697.62836,671.5153,776.41113,884.2143,0,0.6669333,,person
534.73834,455.53308,603.0009,599.1717,0,0.6238965,,person
800.6378,27.320944,844.07996,155.72104,0,0.61820245,,person
71.14157,105.76815,122.81925,232.09883,0,0.6148255,,person
920.51843,119.1373,963.2556,253.47757,0,0.6140647,,person
1139.4136,277.31516,1190.495,404.1177,0,0.6121005,,person
218.85457,1.9208221,273.2042,121.09607,0,0.58857316,,person
1380.7716,25.690378,1418.9612,159.28052,0,0.5673639,,person
329.95065,30.115814,372.66248,131.34834,0,0.56098235,,person
1160.8339,181.37851,1212.6985,268.48224,0,0.5312419,,person
716.9678,104.49806,762.8571,240.06606,0,0.52709347,,person
955.08545,355.98294,1019.5133,513.70685,0,0.5213323,,person
335.51212,473.0641,395.59866,618.3893,0,0.46246773,,person
384.13174,505.83374,469.13937,647.8583,0,0.46125507,,person
447.54794,491.9067,505.37146,621.2709,0,0.44400406,,person
698.96246,671.926,776.4622,822.51855,0,0.3854942,,person
705.01184,0.0,741.22833,96.73235,0,0.3807013,,person
1731.887,97.48437,1785.2644,189.40161,0,0.3610404,,person
671.84674,781.0206,714.6389,840.07874,28,0.33021963,,suitcase
1264.0743,2.4361382,1298.9728,91.87292,0,0.31214556,,person
1717.4562,160.11118,1793.1249,328.79526,0,0.2885717,,person
1889.8628,273.9017,1919.3977,389.97372,0,0.28008696,,person
1228.6666,578.692,1308.7151,751.481,0,0.8345298,,person
904.30316,478.10596,975.40704,638.2275,0,0.8210917,,person
1775.0311,358.66946,1858.3514,522.3522,0,0.78720635,,person
528.9965,602.13745,607.28174,775.4173,0,0.7516897,,person
1578.6182,248.00487,1640.3826,399.37344,0,0.73008066,,person
856.6573,31.427902,893.5567,158.46039,0,0.7114428,,person
111.41622,693.42993,200.10161,888.50555,0,0.71045226,,person
697.72675,667.889,779.5957,881.61316,0,0.69803494,,person
683.80664,177.42668,739.8246,320.8453,0,0.6722174,,person
1062.6013,364.91367,1129.3876,514.9504,0,0.66251266,,person
534.46735,457.20172,603.18866,602.3624,0,0.66072035,,person
1022.9112,535.7436,1073.6145,688.2323,0,0.65646756,,person
920.46844,120.92063,963.52496,255.33226,0,0.6409868,,person
72.306496,106.11447,122.01418,232.21857,0,0.6087748,,person
802.3647,26.435577,843.4887,152.36261,0,0.5860879,,person
216.16306,2.5642204,273.71164,123.65912,0,0.5818226,,person
1140.1069,277.17804,1191.0262,406.68192,0,0.5722335,,person
945.28,359.38358,1018.4955,516.1445,0,0.55743694,,person
716.5858,104.20585,762.8799,238.78648,0,0.5430062,,person
1380.8358,22.742294,1418.9954,159.25621,0,0.4956607,,person
332.295,30.477173,378.71375,130.65083,0,0.4872527,,person
671.712,775.40424,716.647,834.9787,28,0.4843853,,suitcase
1161.002,179.88387,1211.9247,267.50623,0,0.4840631,,person
335.6575,473.093,394.4537,616.9071,0,0.47741714,,person
447.78378,491.2153,505.20126,620.64374,0,0.44885206,,person
1731.7314,99.14497,1784.1901,198.97559,0,0.4424121,,person
385.31387,508.9384,469.90402,647.6546,0,0.42447066,,person
384.2167,458.7138,466.49734,649.9349,0,0.41758168,,person
702.6399,0.0,740.8112,93.04015,0,0.4122484,,person
699.40875,667.4998,778.1977,822.1928,0,0.37000003,,person
1263.3068,2.686283,1298.4956,90.42186,0,0.3381871,,person
1893.182,275.6868,1919.2101,385.7409,0,0.2964968,,person
1779.0737,95.85297,1817.3578,191.91188,0,0.26679102,,person
942.23334,393.42838,993.5754,523.9291,0,0.25076246,,person
111.86572,695.41833,205.46335,899.69794,0,0.82871866,,person
1229.0541,575.1632,1309.6663,749.7593,0,0.80887294,,person
906.6916,481.96088,975.8088,641.81525,0,0.8017839,,person
1775.6195,359.7939,1858.8307,522.12366,0,0.79705036,,person
528.5742,606.2577,604.602,780.3055,0,0.78752923,,person
1576.7714,244.20667,1640.1962,395.90305,0,0.7668609,,person
698.1067,663.2643,780.7623,872.14514,0,0.7425855,,person
856.04095,31.193144,892.5976,157.02719,0,0.694574,,person
532.8615,459.37262,601.99133,606.9423,0,0.6906535,,person
1022.6,533.4279,1072.5629,688.5337,0,0.6826406,,person
682.2799,173.76393,738.79816,315.12253,0,0.66983604,,person
801.7109,25.938377,846.67993,156.05763,0,0.6641752,,person
1061.798,361.6131,1128.7512,511.0756,0,0.63985914,,person
919.8867,122.564995,964.33246,261.05203,0,0.6372176,,person
72.697685,106.366516,122.06864,232.17924,0,0.6195038,,person
1140.9391,279.41486,1191.3491,405.42096,0,0.6080812,,person
334.7362,29.166332,385.82065,131.31985,0,0.59591126,,person
216.08621,3.437811,274.10977,124.52621,0,0.5512453,,person
673.16144,769.1611,716.9813,829.6386,28,0.5040868,,suitcase
945.7654,359.5968,1017.5138,512.8065,0,0.50284165,,person
714.918,103.77493,762.00616,234.80727,0,0.4990908,,person
335.81708,473.4158,394.0991,615.1127,0,0.47549614,,person
449.26218,490.45395,505.49295,620.0385,0,0.4712545,,person
1380.5923,21.5306,1419.3693,158.91861,0,0.42112032,,person
387.78928,504.26184,469.65024,646.6299,0,0.4173216,,person
701.9527,0.0,740.5719,90.92182,0,0.41178107,,person
1160.1288,175.63188,1211.5554,263.83044,0,0.406683,,person
1730.4895,98.903366,1786.1514,196.05496,0,0.38299653,,person
1255.3429,1.2757645,1297.1488,91.01658,0,0.3687074,,person
387.1799,458.4842,457.50577,591.6947,0,0.27498055,,person
698.87775,681.6147,778.09845,813.58905,0,0.25044844,,person
113.45277,700.6771,205.65776,903.8264,0,0.8280126,,person
1229.6467,572.8905,1310.18,750.10034,0,0.8181224,,person
1776.6643,361.70328,1859.1519,526.60474,0,0.81417745,,person
1575.1849,241.56624,1639.9354,393.61115,0,0.81341887,,person
527.63763,609.13824,603.966,783.0084,0,0.77916396,,person
698.1837,658.1182,781.45996,873.1293,0,0.7557784,,person
907.4164,484.68018,974.7503,649.3629,0,0.7555765,,person
855.46844,29.686913,892.19336,157.57101,0,0.7188124,,person
802.331,25.88479,847.10065,154.96802,0,0.7018973,,person
682.35046,170.20291,736.45245,312.9828,0,0.68922395,,person
1022.44666,532.2763,1073.8989,687.0671,0,0.68895054,,person
1062.1133,357.71484,1130.1439,511.1411,0,0.669491,,person
531.85345,463.2996,601.552,611.01074,0,0.66582954,,person
919.47473,125.21416,963.5127,264.78894,0,0.6653473,,person
336.69666,27.414528,394.4798,131.04636,0,0.6601293,,person
1140.9584,280.70145,1193.7704,403.65738,0,0.65852165,,person
71.54409,106.30443,122.48673,231.70468,0,0.6219471,,person
215.61923,4.4253387,274.6993,125.00649,0,0.6068545,,person
943.179,360.4998,1016.86285,516.6816,0,0.59666824,,person
335.88385,473.12415,395.7414,615.44617,0,0.50140923,,person
713.5016,102.47425,761.70355,230.83987,0,0.4912327,,person
1380.2578,12.6721115,1420.9386,158.81355,0,0.47172812,,person
387.91306,487.5346,467.27847,646.50385,0,0.4611509,,person
1159.5386,172.71075,1212.5593,262.7939,0,0.4527565,,person
1729.4725,99.62915,1788.0355,208.64845,0,0.43837047,,person
449.6878,489.71997,505.72778,620.31445,0,0.43493533,,person
1255.2466,1.5121279,1296.65,90.45266,0,0.41898444,,person
700.7788,0.0,740.99335,90.56331,0,0.3890993,,person
386.5286,457.98596,458.69962,613.4879,0,0.3211114,,person
1359.2592,1.8862839,1421.6356,159.31645,0,0.28552687,,person
1717.7109,123.4931,1807.9951,334.0307,0,0.26950446,,person
1780.5564,96.332565,1819.1301,206.28114,0,0.257928,,person
1891.2433,276.71182,1919.3888,388.31827,0,0.25021455,,person
116.92092,706.62317,205.12296,911.74054,0,0.8260889,,person
1230.6923,570.1654,1310.5845,751.164,0,0.796577,,person
1777.2191,363.7878,1860.7412,534.7634,0,0.7930957,,person
527.1217,609.5178,603.6041,782.99945,0,0.7730098,,person
696.4186,650.84235,783.6143,870.1983,0,0.7656011,,person
1573.4396,239.78993,1637.6459,388.08694,0,0.75953716,,person
681.9566,167.82982,735.7705,308.4212,0,0.7188998,,person
339.70734,25.95967,400.8521,130.68216,0,0.7157286,,person
1022.51685,529.5872,1073.6648,686.92017,0,0.7085837,,person
802.9787,25.153078,846.9491,154.90079,0,0.7031033,,person
854.5353,28.378366,892.5304,156.05003,0,0.6985703,,person
908.1852,490.17105,974.5393,657.96814,0,0.6976788,,person
920.40717,126.839935,961.65533,267.46375,0,0.66677445,,person
215.20496,4.7750072,274.38336,124.9213,0,0.6529992,,person
1061.0548,354.74982,1130.9502,506.95807,0,0.64169043,,person
1140.4125,281.87448,1195.6624,404.30606,0,0.63319093,,person
530.2714,466.65097,601.3334,615.1729,0,0.6282766,,person
71.97805,105.54594,121.8444,230.08575,0,0.6245937,,person
334.2489,469.39636,391.80426,614.441,0,0.53811574,,person
1380.338,11.595766,1422.1439,158.94568,0,0.5296789,,person
943.4187,361.49213,1015.877,516.23566,0,0.52062273,,person
712.971,98.45833,761.9008,224.20116,0,0.51536864,,person
388.6952,472.6278,463.29602,646.3995,0,0.4951578,,person
1158.7478,170.86163,1211.8784,267.30832,0,0.44999912,,person
450.6775,489.18594,505.3438,618.3355,0,0.43821493,,person
1252.8015,2.1040993,1296.4779,89.92729,0,0.4007402,,person
1728.5497,100.66713,1788.8229,212.01054,0,0.39418313,,person
1355.693,1.0354385,1424.1561,158.21077,0,0.31789497,,person
672.13586,754.24915,711.6126,817.151,28,0.27067822,,suitcase
121.00376,715.26105,212.79845,920.0524,0,0.8708504,,person
1230.7983,566.25903,1309.9655,749.03876,0,0.8171219,,person
1573.2532,238.34294,1636.0225,387.93274,0,0.78865147,,person
1779.6282,368.86642,1861.5946,545.1045,0,0.7620567,,person
524.9544,617.3511,603.20654,783.55884,0,0.7600642,,person
681.7669,162.78831,735.2945,304.0721,0,0.75043976,,person
695.81696,644.0955,790.01666,850.05347,0,0.7408304,,person
907.08984,494.5674,974.18243,660.39496,0,0.7406147,,person
344.0813,25.244293,406.46158,130.05423,0,0.7295732,,person
1138.439,282.78625,1197.4484,410.05582,0,0.71638066,,person
1022.67664,524.7587,1073.6382,685.6784,0,0.70371515,,person
920.4102,129.82169,963.0793,270.7532,0,0.69310164,,person
1060.1504,350.80408,1127.9415,507.01245,0,0.67593735,,person
804.51953,25.753693,846.7541,152.83434,0,0.6658489,,person
214.07657,6.7706738,273.90997,126.257744,0,0.6230176,,person
852.12195,26.099705,892.7355,153.00476,0,0.620787,,person
72.16747,104.886246,122.5009,229.80748,0,0.6061496,,person
334.39227,467.90167,391.8926,613.9051,0,0.5894582,,person
1380.9447,8.278519,1424.9373,159.66083,0,0.5830761,,person
943.08124,364.8879,1014.1049,532.63043,0,0.5459593,,person
387.6905,466.1596,464.52814,646.0729,0,0.53888196,,person
1159.3383,166.50394,1212.8977,267.4752,0,0.5080468,,person
1778.402,97.10385,1820.9008,224.65155,0,0.50667864,,person
530.89825,469.87308,598.5496,624.176,0,0.4987226,,person
1250.0109,0.0,1295.3196,86.59298,0,0.4670905,,person
450.6784,488.1176,505.15466,617.7281,0,0.45047778,,person
713.4732,94.53173,763.014,221.1227,0,0.4459856,,person
1731.1012,104.79403,1788.463,215.22388,0,0.39700696,,person
1363.8468,1.2812119,1428.8009,160.17894,0,0.29943225,,person
704.74695,0.0,742.7877,79.247116,0,0.26855034,,person
122.18445,720.6502,216.3204,925.1893,0,0.8791776,,person
1231.6602,562.1195,1310.1692,747.8399,0,0.8095005,,person
523.9034,619.78564,603.4043,784.4352,0,0.78061086,,person
1779.7639,371.79318,1863.4424,548.1962,0,0.7700209,,person
1571.0629,235.56175,1634.9498,387.83463,0,0.76972896,,person
694.98596,639.3732,793.8809,834.58765,0,0.7380391,,person
920.78064,130.08925,963.20764,271.44327,0,0.7360919,,person
680.5186,161.27687,733.8589,303.1727,0,0.7224756,,person
908.72375,495.74716,975.0171,665.2506,0,0.71797615,,person
1024.0233,522.4807,1072.5455,682.1573,0,0.6841262,,person
1059.7109,349.44287,1126.637,509.2458,0,0.68202305,,person
1137.7186,283.57117,1198.8469,416.8563,0,0.67528355,,person
804.9005,24.886711,846.7031,152.39406,0,0.66649324,,person
346.8861,26.502926,408.09412,129.59903,0,0.6457062,,person
851.41736,25.241919,892.13745,152.44093,0,0.6152522,,person
72.10147,105.221924,123.07613,230.28268,0,0.6116167,,person
213.55742,7.1301956,272.93283,127.77113,0,0.6079126,,person
1781.1943,97.37274,1822.727,224.36705,0,0.60180813,,person
334.6575,467.91806,391.56558,614.0294,0,0.5944728,,person
1158.3107,166.40533,1212.5292,274.74902,0,0.57150275,,person
943.05597,366.16223,1013.09454,535.1226,0,0.5697248,,person
1380.4559,8.1835785,1424.6023,158.9263,0,0.54893535,,person
387.91745,463.3115,464.5663,646.1919,0,0.5459491,,person
709.29926,94.90402,762.13873,218.40381,0,0.5258589,,person
530.3279,472.13516,599.30444,626.2726,0,0.52207094,,person
1251.2778,0.0,1293.2969,85.79562,0,0.45004654,,person
450.26083,487.89294,504.894,617.9709,0,0.4428883,,person
1733.3723,103.91702,1788.8635,217.04247,0,0.43914223,,person
701.50195,0.0,743.8588,77.2806,0,0.3984991,,person
1361.9604,0.028083801,1429.459,158.85374,0,0.34431627,,person
122.86457,724.33685,218.35109,929.56805,0,0.88667125,,person
1233.5654,555.8919,1309.4117,745.0644,0,0.79756427,,person
523.8099,623.4183,603.7315,785.56714,0,0.7881411,,person
1571.324,234.49434,1634.2749,387.4492,0,0.7738359,,person
1781.562,376.63376,1861.8567,553.92633,0,0.7669154,,person
920.19635,130.50824,963.4528,274.3224,0,0.73818815,,person
697.2407,637.683,795.2897,824.38007,0,0.7070695,,person
351.299,24.5969,406.1739,129.12553,0,0.7049812,,person
1025.7994,516.7231,1075.3265,679.3141,0,0.6975483,,person
680.1611,160.24965,734.2116,302.66183,0,0.69579023,,person
1137.0975,286.59906,1200.7043,421.54916,0,0.684625,,person
907.72943,496.67422,977.3174,667.8291,0,0.67658335,,person
1058.9657,347.2677,1126.7733,506.5528,0,0.6712986,,person
805.4521,24.669748,845.9422,151.47697,0,0.64564776,,person
334.55063,467.89124,391.4037,614.1242,0,0.6135521,,person
72.21303,105.86703,123.998344,231.37273,0,0.6133953,,person
1158.1523,162.96883,1212.8474,272.8752,0,0.6109244,,person
939.0181,368.00732,1012.6928,539.13,0,0.6015309,,person
1781.4357,98.33684,1826.1288,225.92917,0,0.59861374,,person
851.68506,25.53804,891.9939,150.91151,0,0.595556,,person
212.08183,8.0034485,271.2322,129.28473,0,0.5699919,,person
711.798,93.87635,759.88135,218.70154,0,0.5647428,,person
529.99274,474.00726,599.1112,629.62445,0,0.5636132,,person
1380.626,12.229843,1423.6206,158.04883,0,0.5500325,,person
387.92517,466.09396,464.34818,646.05597,0,0.5327647,,person
1248.8416,0.0,1292.9093,85.55468,0,0.49716482,,person
449.81277,486.86462,505.06467,617.1998,0,0.39784417,,person
1734.4607,104.237595,1789.6758,214.83687,0,0.38649315,,person
702.568,0.0,745.04926,76.02551,0,0.37190548,,person
1367.9214,20.372612,1428.2601,157.48883,0,0.34510705,,person
1899.7958,281.03238,1919.2855,412.61554,0,0.28458527,,person
126.642746,726.34186,219.95491,930.88715,0,0.867548,,person
1783.6056,381.387,1861.755,559.0337,0,0.81206083,,person
1234.5382,552.304,1308.7886,742.1767,0,0.7947229,,person
523.36523,623.99396,604.73236,784.2625,0,0.77607363,,person
908.79346,499.3634,982.2257,677.84033,0,0.7585306,,person
1570.8622,232.54948,1633.9017,386.93292,0,0.74336106,,person
919.8371,130.75626,962.9412,275.25723,0,0.72840124,,person
693.13574,633.94977,795.271,818.6662,0,0.70200413,,person
1026.609,512.8676,1076.799,675.631,0,0.6831214,,person
1058.87,344.45886,1127.1416,507.00653,0,0.6659921,,person
678.8899,154.6912,734.85315,302.97192,0,0.66222614,,person
354.82114,23.571762,407.5177,127.781204,0,0.6551511,,person
938.0702,369.9779,1012.39453,535.5897,0,0.65040493,,person
1137.4707,290.72452,1201.6484,421.23148,0,0.64590204,,person
806.6177,23.392113,848.3802,148.25836,0,0.64085346,,person
1158.5145,162.62215,1211.9713,271.79443,0,0.63498145,,person
212.06772,9.498642,270.99966,130.11191,0,0.61392456,,person
72.29176,104.56485,123.51222,229.5049,0,0.5908731,,person
852.5519,24.502682,891.83514,148.8629,0,0.5740598,,person
1784.1808,98.586716,1828.1246,225.30789,0,0.573797,,person
335.73975,467.96695,391.58344,615.2804,0,0.56938946,,person
529.85394,475.64383,598.7269,629.8497,0,0.5639913,,person
1380.4583,14.18367,1422.5645,157.88773,0,0.5438117,,person
712.24054,92.04,761.898,215.03656,0,0.5430573,,person
388.66983,480.7642,466.0056,645.3423,0,0.47081348,,person
1248.9713,0.057929993,1291.6619,85.41412,0,0.43765962,,person
705.9954,0.0,745.1582,74.06845,0,0.421907,,person
449.45837,486.83762,505.14386,617.00946,0,0.37315845,,person
1739.4045,103.7883,1792.4312,211.74564,0,0.31981307,,person
386.6077,455.94272,457.90054,620.4031,0,0.27305344,,person
128.6467,730.39886,221.40056,928.96436,0,0.8374482,,person
1784.6107,380.0889,1863.2552,560.47864,0,0.81230086,,person
1567.8765,231.17313,1634.0999,385.45596,0,0.7569508,,person
523.1974,623.89984,605.8744,787.2726,0,0.7536487,,person
1233.2316,546.79877,1310.7167,723.4322,0,0.74390405,,person
910.1247,501.37418,984.3181,678.92474,0,0.73737967,,person
919.37897,131.43723,963.00604,275.13165,0,0.71656275,,person
356.17657,23.75818,409.39792,128.7759,0,0.7046639,,person
690.35815,629.189,792.4191,813.97174,0,0.7031131,,person
210.97385,9.770439,272.5785,131.43784,0,0.6961698,,person
1060.2977,342.58954,1127.6666,506.48898,0,0.6950368,,person
1027.1213,511.08347,1078.9515,671.4885,0,0.6723463,,person
937.59393,369.88394,1011.0423,534.7627,0,0.669555,,person
807.90094,22.776272,850.27594,148.25156,0,0.65303934,,person
1138.3408,295.75574,1201.0273,428.36942,0,0.65007216,,person
851.4763,23.708897,890.50214,148.82898,0,0.6079131,,person
1159.4104,160.78415,1211.8364,272.0479,0,0.60691404,,person
72.27642,104.72564,123.6378,229.64471,0,0.58419836,,person
678.90717,154.90332,734.4791,299.25827,0,0.57693607,,person
1783.055,99.3773,1830.9518,226.46841,0,0.57657564,,person
529.1783,477.30844,597.3884,628.79486,0,0.54830945,,person
1381.1969,8.971252,1422.5449,157.39299,0,0.5145904,,person
336.4154,467.9275,392.04074,615.69415,0,0.5132427,,person
711.54675,86.99412,763.1437,213.33716,0,0.47876117,,person
387.26486,486.299,465.8184,644.8345,0,0.4468224,,person
709.7276,0.0,746.44244,74.914314,0,0.40724277,,person
449.57373,486.0899,505.32312,616.5467,0,0.40136966,,person
1250.335,0.0,1289.97,84.16571,0,0.37774667,,person
1741.2788,104.92092,1793.0592,204.61116,0,0.28079197,,person
131.3119,732.0194,222.57277,929.1786,0,0.8472875,,person
1782.8928,388.3797,1866.2087,564.9214,0,0.7849141,,person
697.1864,621.9342,791.87463,814.5952,0,0.77408504,,person
1233.4896,538.3047,1311.7571,711.0159,0,0.7711483,,person
910.47626,502.95547,986.7362,678.26447,0,0.74644524,,person
1566.4482,226.14166,1630.0693,382.89066,0,0.73348397,,person
917.32416,137.75777,967.5853,274.16638,0,0.7196531,,person
523.44904,632.13324,613.0559,793.7855,0,0.7161915,,person
1028.913,504.6569,1079.572,651.56824,0,0.70931554,,person
936.7376,375.85995,1009.03864,538.43634,0,0.7052397,,person
209.75075,11.409668,271.24008,129.9777,0,0.68743086,,person
810.55884,21.192524,851.8583,146.38087,0,0.6833717,,person
1142.0588,299.75858,1200.9576,432.0814,0,0.67709345,,person
1059.4801,336.61075,1127.0079,502.34912,0,0.66106737,,person
1724.3624,185.20317,1794.3578,337.3984,0,0.65200347,,person
364.20282,22.53851,408.1551,125.31888,0,0.6303045,,person
72.42218,104.54249,123.00557,229.6102,0,0.62928534,,person
1159.2037,159.41968,1214.1968,273.50638,0,0.5950891,,person
852.07526,24.189817,891.05786,147.34517,0,0.58909094,,person
711.05023,82.91856,764.5084,209.51405,0,0.5864903,,person
1786.5205,101.39001,1833.9177,228.2571,0,0.5673655,,person
1381.9359,1.1591492,1427.724,157.14592,0,0.55989367,,person
527.8407,480.96634,597.0961,630.6988,0,0.5526437,,person
336.69104,467.35147,393.499,617.07733,0,0.48473865,,person
678.7278,153.21016,733.48126,296.05768,0,0.4662864,,person
386.21176,490.40524,465.06366,643.70917,0,0.44015047,,person
449.0369,484.9195,505.46872,616.7653,0,0.38921884,,person
1744.6256,103.57723,1797.0509,221.7285,0,0.37628078,,person
1250.9642,0.13014221,1289.0768,83.61216,0,0.3702588,,person
708.87195,0.0,747.4098,70.87867,0,0.3390152,,person
528.2212,480.68893,597.64984,633.54114,17,0.277576,,horse
910.9507,502.75763,990.24066,676.4678,0,0.8067033,,person
1785.1056,390.65488,1867.506,565.62274,0,0.8060506,,person
1234.3905,531.1179,1311.7822,703.49194,0,0.7877291,,person
132.17007,735.0141,223.88498,928.96893,0,0.7838864,,person
698.01184,621.60846,788.1513,816.765,0,0.76969534,,person
1564.6608,224.5697,1629.9972,380.59305,0,0.732223,,person
1030.0426,497.74173,1081.9314,644.23627,0,0.7261985,,person
936.88367,379.47958,1009.61206,545.5161,0,0.722784,,person
1059.4484,334.90067,1126.5254,496.20532,0,0.7222505,,person
522.6969,634.15063,616.2241,803.4604,0,0.7208908,,person
917.2551,139.67767,967.67505,275.67828,0,0.7103227,,person
810.8908,20.35469,851.88007,144.97499,0,0.68507695,,person
1142.3197,299.99844,1201.8737,431.7984,0,0.68317246,,person
1725.5559,183.39587,1795.9146,340.03253,0,0.6468864,,person
209.4744,11.596378,271.1228,129.57608,0,0.6429593,,person
72.52195,104.32393,123.24326,229.71199,0,0.63547003,,person
1788.1036,101.749374,1836.3893,229.66512,0,0.61170524,,person
370.4382,21.17498,407.84546,124.30781,0,0.6091805,,person
710.7636,81.54984,766.82263,206.34528,0,0.58593667,,person
528.9167,481.1857,597.4133,630.4278,0,0.5664677,,person
852.2604,22.90409,891.10364,146.4338,0,0.5652637,,person
1159.2233,158.62898,1214.319,273.96912,0,0.52248186,,person
336.55893,467.95187,395.67007,616.0893,0,0.5141415,,person
680.7138,151.79732,733.936,296.9527,0,0.49871224,,person
1381.9486,2.3417358,1430.1892,156.84787,0,0.48218766,,person
385.95734,487.41925,465.18707,643.3691,0,0.45411095,,person
1750.9677,104.084564,1798.0536,213.09,0,0.37261432,,person
709.13654,0.0,747.48615,69.559074,0,0.36753625,,person
1249.4205,0.19918442,1288.8248,84.429726,0,0.33963522,,person
449.18976,483.9409,505.7397,615.7455,0,0.313775,,person
702.74945,617.833,786.0125,816.9882,0,0.7980438,,person
523.10876,634.32935,618.0931,809.3908,0,0.7884199,,person
1235.1134,528.2075,1311.757,696.0888,0,0.7870373,,person
1784.6229,394.08096,1868.4468,566.3425,0,0.78467417,,person
1030.7461,493.21198,1083.8912,640.7849,0,0.7755834,,person
911.55286,502.45065,990.6438,674.25116,0,0.76039577,,person
1563.1051,222.1155,1629.8514,379.13226,0,0.7515708,,person
132.70766,738.15765,228.1292,927.94666,0,0.7498847,,person
1058.5107,329.98874,1125.9917,492.14658,0,0.72353154,,person
1144.4419,299.81616,1201.6761,430.9682,0,0.7023245,,person
937.03253,380.35083,1009.071,549.2982,0,0.6834012,,person
917.1929,139.59271,966.5691,275.63416,0,0.6742108,,person
811.90375,20.036911,852.0161,142.57971,0,0.65400475,,person
1789.3751,103.922195,1837.622,229.45853,0,0.6315967,,person
72.48066,103.787796,123.661224,229.95648,0,0.626035,,person
372.26843,22.753149,408.89557,123.041336,0,0.6221264,,person
710.84894,80.30214,767.1329,205.55562,0,0.6167714,,person
528.4376,484.79672,598.4998,629.4482,0,0.61007595,,person
208.16711,12.064785,271.1943,129.3554,0,0.6025485,,person
852.6995,21.914795,891.4882,144.74251,0,0.58129275,,person
1725.3717,183.45035,1795.9794,342.91922,0,0.5677828,,person
680.4037,151.08398,734.72723,298.33533,0,0.5412023,,person
1159.3123,157.07315,1215.074,271.836,0,0.5250692,,person
336.83243,467.34286,396.9575,616.1354,0,0.5170875,,person
1381.7886,4.228552,1430.5096,157.09222,0,0.5089381,,person
386.02396,486.48898,464.86057,643.04816,0,0.461187,,person
1756.2737,104.573616,1798.1049,202.91594,0,0.35767096,,person
1248.9457,1.0427856,1288.5062,83.48623,0,0.32910225,,person
709.7463,0.0,746.9176,70.30989,0,0.3237247,,person
449.7051,484.93414,505.99045,616.1012,0,0.29654017,,person
1786.6011,394.5596,1869.6145,565.7134,0,0.8314482,,person
525.0398,639.2619,619.45776,813.7751,0,0.789628,,person
1236.4072,524.71014,1313.6682,689.31244,0,0.7844133,,person
1564.1316,219.3267,1628.7488,374.14932,0,0.7573948,,person
703.17615,615.2166,781.72363,816.087,0,0.75516117,,person
912.2945,504.4274,987.8323,673.45416,0,0.7415782,,person
1030.3855,490.41302,1080.897,636.38745,0,0.73730797,,person
915.4248,139.75589,966.9529,274.812,0,0.73018825,,person
1059.8966,327.64612,1126.4664,485.65927,0,0.7091785,,person
1147.0835,298.97864,1202.1136,429.04202,0,0.68059295,,person
526.89655,484.78574,598.8882,627.82806,0,0.67501855,,person
134.37827,740.8475,230.99277,928.5804,0,0.64281666,,person
681.894,147.32881,738.2196,293.85272,0,0.63878745,,person
814.76953,19.520119,853.7415,141.17676,0,0.6272954,,person
1797.1364,103.06806,1838.1967,228.16754,0,0.62094986,,person
72.8261,104.064835,123.39951,229.42598,0,0.6106831,,person
936.44495,382.74078,1008.48267,552.5497,0,0.60109365,,person
711.86304,80.40067,769.312,201.8026,0,0.5981172,,person
336.7535,467.44202,396.53128,614.1696,0,0.5802202,,person
372.89548,21.983253,412.604,125.85846,0,0.56310636,,person
207.45099,12.882843,270.6644,129.85538,0,0.5603972,,person
854.0259,21.280952,892.8325,143.74393,0,0.5481069,,person
1159.5549,155.89471,1211.3906,265.67343,0,0.5188753,,person
387.4443,492.55618,466.29977,641.84827,0,0.47639006,,person
1383.0663,8.488775,1425.2051,156.32767,0,0.4646135,,person
1382.6758,0.01563263,1447.4215,157.84886,0,0.43377778,,person
1725.4414,155.36687,1802.3501,347.3413,0,0.4247491,,person
1755.4861,105.994675,1799.7614,220.68457,0,0.31240013,,person
711.0392,0.0,746.9205,69.04527,0,0.3014947,,person
1247.9557,0.99627686,1288.0403,85.964264,0,0.29095396,,person
1786.8938,394.34088,1871.008,565.60876,0,0.8646738,,person
911.9998,508.3693,990.364,674.9029,0,0.7881116,,person
1030.0265,488.34467,1080.835,635.94745,0,0.78400433,,person
527.502,642.8771,620.80756,818.616,0,0.76349515,,person
1564.592,217.9194,1628.1879,370.53583,0,0.7602948,,person
1237.7549,519.6523,1314.6332,687.2553,0,0.7538789,,person
704.7497,612.7614,781.36255,813.2318,0,0.7436604,,person
1059.6167,326.0398,1127.3785,480.86884,0,0.7337507,,person
915.77435,141.38005,967.374,275.98947,0,0.70386124,,person
1147.7161,300.1172,1204.1049,429.233,0,0.6809264,,person
525.87744,488.96164,598.51886,629.91675,0,0.66900104,,person
683.26965,144.609,735.63104,291.80118,0,0.6458309,,person
815.7508,18.503242,854.3472,141.4178,0,0.61334866,,person
73.14832,103.96663,123.22318,228.99435,0,0.6093865,,person
378.02948,22.42678,416.16138,125.73406,0,0.58163697,,person
855.17194,22.027634,893.4155,143.34247,0,0.5800981,,person
207.32181,12.960279,270.25287,129.7909,0,0.5700353,,person
1798.0675,103.87557,1840.4872,227.41092,0,0.56687653,,person
713.91656,81.123436,770.54376,198.75107,0,0.55318964,,person
937.3559,381.9918,1009.84735,556.1212,0,0.5520604,,person
136.65822,741.32574,234.5497,927.8289,0,0.54936844,,person
337.1424,466.91354,396.92825,614.44434,0,0.54591876,,person
1159.3085,154.95978,1210.239,268.94852,0,0.5088406,,person
1726.8553,165.38892,1800.4224,352.54782,0,0.49956015,,person
386.08722,487.50452,470.807,641.3838,0,0.4698548,,person
1383.1638,13.770653,1421.9393,156.34146,0,0.46269926,,person
1383.2755,1.4104156,1455.0074,157.49011,0,0.37729153,,person
137.1497,740.9147,235.14099,927.6511,14,0.37721533,,bird
1754.2815,107.55847,1800.4281,220.99388,0,0.36187935,,person
711.5062,0.0,747.5864,67.428085,0,0.32829863,,person
1247.3752,1.3721352,1287.6039,84.307045,0,0.298125,,person
1236.679,516.70953,1315.7131,687.928,0,0.83628905,,person
1783.2144,397.30847,1874.0398,565.54486,0,0.8256491,,person
1029.6068,482.31995,1082.5674,636.3223,0,0.7941744,,person
913.002,511.473,991.2763,684.39575,0,0.79288024,,person
527.5507,641.4586,620.5763,829.3272,0,0.7910493,,person
695.96063,603.71234,780.6469,812.665,0,0.79017174,,person
1058.5122,319.0896,1127.8466,467.33536,0,0.77583325,,person
1564.3235,216.64934,1628.6477,357.98102,0,0.72675425,,person
526.01135,491.97,600.55927,638.9229,0,0.70918643,,person
914.3692,141.68149,963.4484,283.88837,0,0.7033924,,person
1150.6514,307.6405,1203.6948,431.72543,0,0.68747413,,person
683.40247,141.19066,734.1797,281.60663,0,0.68632764,,person
816.03577,15.544624,856.58685,141.78525,0,0.6681605,,person
382.89612,21.747002,430.88992,122.616165,0,0.6679655,,person
206.69225,12.389362,269.81287,130.1291,0,0.6428445,,person
1156.6241,148.03725,1211.9707,266.11325,0,0.60146505,,person
858.1093,21.814156,894.6971,142.46504,0,0.5817571,,person
714.9904,76.73543,768.9873,196.60281,0,0.57646453,,person
73.31202,103.598625,122.57792,228.80453,0,0.5631668,,person
337.3102,464.87805,396.24545,613.1422,0,0.49335814,,person
1385.0433,0.0,1478.7388,156.27957,0,0.4648512,,person
1728.7343,203.52516,1800.7991,358.76993,0,0.4351159,,person
140.2339,749.8004,249.02002,936.52954,0,0.42114428,,person
383.4423,492.92816,468.33337,639.4186,0,0.41734543,,person
938.7834,390.5159,1006.9239,545.34033,0,0.4163214,,person
1383.2069,12.82663,1425.5292,158.70618,0,0.41465318,,person
1244.9502,0.79956436,1285.1957,83.47007,0,0.3855419,,person
1797.3073,105.209496,1843.7435,230.37778,0,0.36049023,,person
139.71936,749.391,249.854,936.46326,14,0.30055848,,bird
1783.3865,401.1927,1874.5679,570.1787,0,0.83979803,,person
911.6995,515.3945,989.94104,691.82104,0,0.80840665,,person
1030.4846,481.16135,1081.6915,636.8495,0,0.80329645,,person
1240.604,514.3167,1315.4648,689.70056,0,0.7836094,,person
528.05054,649.6883,619.7891,829.7815,0,0.78106534,,person
1057.7607,315.3479,1127.8248,465.47827,0,0.7740562,,person
1564.2426,213.18375,1629.1787,356.50122,0,0.74462444,,person
913.9787,142.19165,965.00616,287.53275,0,0.74227893,,person
1149.036,310.49146,1204.1471,435.76932,0,0.7355441,,person
696.8921,601.07983,780.7229,809.9982,0,0.72585416,,person
681.803,136.13315,733.514,276.91647,0,0.7227034,,person
526.32166,494.97043,601.7058,644.9013,0,0.698244,,person
206.2209,13.070412,269.97134,132.36009,0,0.6888498,,person
1156.5825,146.15091,1212.507,263.16473,0,0.68424696,,person
817.39856,13.583885,857.0969,140.83305,0,0.6649127,,person
385.41916,22.90194,441.25827,125.06566,0,0.6584035,,person
857.0037,18.207893,894.36017,142.09712,0,0.6418223,,person
73.91579,105.19597,122.26126,229.19742,0,0.5838521,,person
938.6583,394.84268,1007.43604,550.9822,0,0.5408198,,person
717.6816,72.76904,767.3738,195.32025,0,0.52315855,,person
144.88487,754.54987,260.1942,951.58417,0,0.51919144,,person
337.1663,464.4668,396.07983,613.54285,0,0.5129308,,person
1728.6255,211.88452,1801.2319,358.54187,0,0.49848598,,person
1384.928,0.0,1481.6602,156.23405,0,0.49016023,,person
382.03134,483.94052,468.63474,639.6008,0,0.46448126,,person
1800.2268,105.23959,1844.6841,227.25526,0,0.424089,,person
1243.4376,0.42913055,1284.2885,82.3399,0,0.413637,,person
1754.405,108.7837,1802.8218,225.62311,0,0.35832158,,person
1383.2986,9.964983,1427.1461,158.39307,0,0.3223899,,person
1785.1421,403.64963,1875.4977,581.0458,0,0.8502211,,person
912.2602,521.52026,990.3889,697.82306,0,0.80318254,,person
1031.1414,480.30496,1080.0111,636.7484,0,0.79616046,,person
1056.8435,313.48904,1127.9382,464.36072,0,0.7438187,,person
1242.6193,510.5605,1315.6311,688.6683,0,0.7432215,,person
1149.3414,311.49417,1204.929,442.96664,0,0.74266136,,person
699.8385,599.8558,780.421,806.9777,0,0.73883104,,person
528.07477,654.2926,620.5305,830.3584,0,0.73653585,,person
526.2876,498.43262,599.9566,660.6315,0,0.73292035,,person
1562.5005,209.45883,1628.1317,355.1609,0,0.71258295,,person
681.50885,133.82808,732.14886,274.1209,0,0.71093524,,person
206.62642,13.470858,270.49448,133.2221,0,0.6913184,,person
913.426,144.91576,962.91943,288.81046,0,0.6831537,,person
148.49843,760.1259,266.3336,961.73456,0,0.67387766,,person
1155.1897,144.94179,1213.6825,259.83838,0,0.6662126,,person
936.0031,395.5479,1007.00885,559.264,0,0.6574211,,person
388.6215,20.584917,448.55685,124.92387,0,0.64076406,,person
817.394,13.474388,856.1631,138.92383,0,0.6192514,,person
73.87654,103.48266,121.58774,228.27946,0,0.61772966,,person
856.8012,16.116182,895.0241,140.98935,0,0.6018316,,person
718.8749,70.44946,768.145,194.89201,0,0.5348959,,person
1727.8499,214.53598,1801.8552,358.896,0,0.5332182,,person
1800.3242,107.2484,1846.9081,226.89981,0,0.52163106,,person
336.61865,463.21033,393.18442,613.48315,0,0.51022303,,person
1753.3326,110.036934,1802.7909,225.68831,0,0.46804586,,person
1384.7213,0.0,1486.194,155.67912,0,0.46082604,,person
381.65717,488.6998,468.68518,639.0923,0,0.4431046,,person
1241.7246,0.9841347,1280.4587,81.886116,0,0.39830858,,person
1383.9005,14.498749,1425.6676,155.78601,0,0.3361488,,person
912.5189,525.49036,991.26636,703.0005,0,0.8238044,,person
1787.5994,404.70996,1876.5732,588.0835,0,0.81077737,,person
1244.3197,508.1468,1316.0275,686.3,0,0.77007294,,person
1030.7264,478.65454,1080.2784,635.64496,0,0.76277965,,person
698.2423,594.8901,777.1915,799.3457,0,0.7606167,,person
1561.4194,208.40053,1627.3821,354.4459,0,0.73949265,,person
912.8429,149.33005,963.5525,289.0374,0,0.7367418,,person
682.0355,132.07036,732.7792,271.44684,0,0.73248315,,person
1149.789,313.53543,1206.9675,444.59958,0,0.7230506,,person
526.30524,501.5084,599.1869,665.17865,0,0.7160115,,person
935.43585,398.80225,1006.795,561.3514,0,0.697243,,person
206.33116,14.284132,270.95398,135.39919,0,0.6971093,,person
1056.7878,311.88452,1127.5911,462.92825,0,0.6946424,,person
528.1648,658.2774,621.1878,829.19684,0,0.6833326,,person
1155.7548,142.21309,1213.9868,257.01102,0,0.6788048,,person
390.33966,19.690453,449.9579,122.30926,0,0.6763309,,person
74.44155,103.281654,121.42799,228.03397,0,0.64583814,,person
817.0111,13.504486,856.8823,137.98116,0,0.63505626,,person
149.18806,763.763,270.03482,962.7274,0,0.5364156,,person
1753.4183,111.86078,1803.7804,226.33434,0,0.5302613,,person
1801.6263,107.40738,1848.5204,225.75609,0,0.5195299,,person
717.8057,70.93998,767.6869,195.73366,0,0.5153956,,person
1729.2927,211.25798,1804.1675,359.12387,0,0.51305777,,person
859.4588,16.611717,895.5544,140.46535,0,0.50978863,,person
336.2506,462.85193,393.76578,613.98944,0,0.5007671,,person
381.41574,481.5227,466.99265,639.391,0,0.47727704,,person
1384.7219,0.40878296,1490.0828,155.53697,0,0.40718397,,person
1240.2817,1.0025625,1278.2434,81.08021,0,0.36602035,,person
1383.9332,15.735203,1424.5365,155.31425,0,0.34485897,,person
449.9685,484.61618,507.90033,618.91864,0,0.26010135,,person
1788.5819,410.07184,1877.8934,594.1897,0,0.8282213,,person
912.13385,526.18585,991.4339,705.1218,0,0.8175302,,person
1244.768,504.4384,1316.7119,681.6211,0,0.79526335,,person
912.3695,151.53632,963.2787,290.78384,0,0.7524224,,person
1559.2725,207.48157,1625.0677,353.36255,0,0.74252987,,person
682.7143,131.88945,733.8258,268.8354,0,0.73376137,,person
699.56525,591.3725,776.92566,794.22754,0,0.7310525,,person
1028.8455,474.8976,1078.4799,633.0404,0,0.72557217,,person
528.2308,658.34015,620.44214,828.33856,0,0.6986926,,person
1057.8279,310.5717,1127.661,465.26248,0,0.6980083,,person
389.2154,20.96826,450.6123,122.00814,0,0.6967043,,person
526.62573,503.8299,597.1955,664.76776,0,0.6896497,,person
1155.0056,141.35019,1213.7458,254.00606,0,0.6889893,,person
206.60797,15.257458,270.8097,136.43008,0,0.6886912,,person
1150.3073,316.7013,1207.7856,450.00906,0,0.6857579,,person
816.8128,13.557175,858.0046,137.8483,0,0.6537961,,person
73.926704,103.69423,121.15395,227.40294,0,0.6450782,,person
859.30536,16.056564,896.76984,138.25778,0,0.6199337,,person
150.48395,767.9229,273.2648,968.0107,0,0.5893921,,person
1728.8317,214.27808,1803.1512,358.4186,0,0.5679273,,person
1752.4425,113.41937,1805.5731,226.37434,0,0.5663742,,person
1800.0161,108.847626,1850.0479,226.02077,0,0.5155067,,person
938.0126,400.5933,1007.32184,559.0335,0,0.51399934,,person
719.2814,68.98473,765.83496,193.35197,0,0.50249916,,person
337.2989,463.21408,393.59363,613.86017,0,0.49453178,,person
381.07343,477.67667,467.87512,639.0456,0,0.48158458,,person
1384.3407,13.031982,1425.1035,155.09259,0,0.41312322,,person
1383.8461,2.2198734,1481.484,157.24379,0,0.31381625,,person
450.09384,483.131,507.2654,616.78406,0,0.27178615,,person
1239.596,0.66462994,1277.011,78.63721,0,0.26799002,,person
1790.5305,417.3894,1878.501,602.5215,0,0.8405529,,person
912.22906,535.2841,992.5794,715.10284,0,0.8249072,,person
1244.8972,492.88202,1320.4352,668.43677,0,0.7699838,,person
1556.3346,204.59093,1624.3026,353.1774,0,0.76101494,,person
912.66284,154.06187,962.0742,297.5229,0,0.7464931,,person
681.5572,129.23991,732.3589,264.68832,0,0.7178307,,person
206.54343,16.808224,269.60495,138.53392,0,0.7069419,,person
698.61957,583.3616,775.4662,776.3954,0,0.69327044,,person
528.3164,659.12695,617.253,826.0979,0,0.6868283,,person
1029.8438,466.54614,1077.9818,622.0589,0,0.68117106,,person
526.9367,509.51276,595.6164,668.25696,0,0.66501915,,person
1727.8835,207.4481,1802.599,360.19217,0,0.659781,,person
930.56525,402.2146,1006.7807,571.5143,0,0.64946,,person
73.56413,103.66491,120.62203,226.49759,0,0.6320249,,person
1158.041,137.33688,1213.561,250.7228,0,0.62829757,,person
861.6526,12.616053,898.8741,134.63466,0,0.62817466,,person
817.734,10.977699,859.4894,133.54669,0,0.6235459,,person
1056.8899,306.09494,1127.1046,465.88348,0,0.6234064,,person
1750.9402,113.56737,1810.3938,230.59612,0,0.5826413,,person
717.2772,63.986847,762.2335,191.41759,0,0.56751853,,person
396.27524,22.168201,450.93542,119.36266,0,0.56166214,,person
1155.071,320.87045,1208.4095,456.56955,0,0.55767804,,person
1805.1559,107.16985,1853.5485,227.21352,0,0.49481702,,person
337.4766,463.5824,390.942,610.3958,0,0.48074687,,person
1384.4253,22.001844,1421.8575,156.03435,0,0.46660852,,person
154.99498,772.9902,267.2994,979.54724,0,0.45766482,,person
381.5616,479.9545,465.89038,638.7538,0,0.42217365,,person
1805.6885,107.851845,1853.5559,190.99097,0,0.30492556,,person
449.99213,483.21652,506.42532,614.8988,0,0.2656845,,person
910.8869,537.37506,991.6705,719.9182,0,0.8626897,,person
1790.3254,421.5762,1879.0074,608.6686,0,0.80013806,,person
1243.7604,489.39587,1320.4259,661.03644,0,0.76197463,,person
1556.3749,204.31389,1623.7313,353.8127,0,0.7505135,,person
528.2284,658.0046,616.97614,828.43164,0,0.73890984,,person
697.823,576.63684,775.43353,762.7302,0,0.7368482,,person
912.744,154.95062,961.93823,298.44534,0,0.7194029,,person
525.8879,512.562,595.53314,670.20685,0,0.7116697,,person
1029.6123,464.46954,1077.2032,612.94464,0,0.7064108,,person
680.2103,125.75343,734.3343,265.09012,0,0.7014174,,person
206.5545,18.231262,268.60776,140.99997,0,0.6772248,,person
72.97014,103.9633,119.727196,226.46155,0,0.65844977,,person
860.8427,11.737942,899.1777,133.93166,0,0.65214056,,person
930.16864,403.36258,1006.50055,573.0092,0,0.648544,,person
1055.4678,304.87766,1127.1738,466.39774,0,0.64009875,,person
1728.4138,205.47345,1801.3777,360.47598,0,0.63657457,,person
817.2017,10.020098,859.1193,133.55893,0,0.63409656,,person
717.2872,57.54226,761.92444,189.523,0,0.60383433,,person
398.7261,20.02723,447.64896,119.71566,0,0.5813483,,person
1158.0056,135.28656,1213.7407,249.83922,0,0.5764341,,person
1154.6127,323.08487,1209.9464,457.36417,0,0.55910206,,person
1751.5807,114.51398,1809.0604,229.8197,0,0.5584046,,person
1802.581,109.56931,1854.4442,226.9118,0,0.5375714,,person
156.97772,777.09375,265.80142,981.7335,14,0.5000408,,bird
336.81702,463.2382,398.596,614.1873,0,0.46945202,,person
1383.4222,22.31753,1421.2625,155.96324,0,0.4417153,,person
381.7492,480.9625,465.76147,638.74,0,0.41726834,,person
909.3276,539.35803,991.53644,722.4278,0,0.8455868,,person
1790.3276,426.14658,1878.3234,614.3513,0,0.7966115,,person
1245.2941,483.33142,1320.9763,652.77246,0,0.78118163,,person
1029.1956,460.07605,1079.6531,606.4575,0,0.75899863,,person
1555.6864,201.02994,1622.6378,352.56042,0,0.7429363,,person
912.5321,155.16737,962.38586,298.56064,0,0.7293782,,person
699.2948,573.1476,777.3562,755.94653,0,0.72279114,,person
528.02844,658.6084,615.26587,834.1205,0,0.7204985,,person
679.69745,124.39526,733.73425,265.12604,0,0.704989,,person
208.3856,19.246387,267.99228,144.14601,0,0.7006792,,person
861.32245,8.046221,900.0745,132.33144,0,0.6904992,,person
524.7765,513.3657,593.76404,669.5772,0,0.6882574,,person
1729.5126,193.49638,1801.1354,361.34494,0,0.686971,,person
817.64764,8.597511,860.90137,133.59402,0,0.6865788,,person
1056.349,304.51465,1127.8495,465.14648,0,0.673934,,person
1155.4929,324.1282,1210.7802,458.99738,0,0.6285926,,person
72.99975,104.10452,119.572495,226.9194,0,0.6258236,,person
401.4756,19.198883,451.39435,118.308586,0,0.6132122,,person
717.6191,56.830856,761.2886,187.0556,0,0.5834264,,person
929.73486,405.35623,1006.51685,570.72296,0,0.5456845,,person
1383.304,23.623146,1421.7202,155.95766,0,0.52663153,,person
1159.2404,134.58961,1214.5,248.58669,0,0.5190358,,person
336.49625,462.68747,398.80264,614.6293,0,0.50196534,,person
1801.2891,109.21893,1857.2256,231.78049,0,0.4940871,,person
159.03017,779.39215,263.89328,983.3061,14,0.43820852,,bird
382.7356,483.18045,462.64868,638.6386,0,0.40558007,,person
1753.7966,115.00433,1810.3206,226.41028,0,0.39213982,,person
159.32217,778.9444,264.38785,984.4466,0,0.30279654,,person
0.109178066,585.50684,21.532871,691.63385,0,0.29703316,,person
449.48236,482.36237,506.43585,614.73065,0,0.28143707,,person
910.4881,544.05725,989.7127,723.6771,0,0.8601661,,person
1789.0863,428.66876,1877.5848,619.05804,0,0.8212335,,person
1245.2014,480.58743,1321.735,646.60565,0,0.8046203,,person
1556.2544,199.19302,1620.8862,350.7659,0,0.75808555,,person
527.7955,665.32324,614.3326,842.0755,0,0.74286115,,person
698.647,567.45636,778.6777,750.5873,0,0.73396015,,person
1030.3671,457.6836,1079.1202,599.7161,0,0.70656794,,person
209.02081,19.482216,267.23886,142.79993,0,0.7004671,,person
679.188,123.004944,733.00854,264.93018,0,0.7004022,,person
1729.7393,200.54567,1801.046,359.82495,0,0.70002645,,person
912.58246,155.48515,962.5651,299.37885,0,0.69463795,,person
523.6454,515.0017,592.73474,672.19507,0,0.6718123,,person
929.2423,406.3481,1006.7236,573.19904,0,0.6612372,,person
72.96737,104.75166,120.27008,227.39246,0,0.634799,,person
1057.7576,303.09235,1126.7257,462.08945,0,0.62069964,,person
818.1308,8.082962,860.7955,132.8547,0,0.6191642,,person
861.56824,7.409477,900.8321,132.22083,0,0.61648625,,person
405.2439,18.696928,454.127,118.93124,0,0.59659034,,person
1157.1555,325.9618,1213.5688,459.57806,0,0.5918,,person
716.0365,57.806698,761.369,185.13644,0,0.55213153,,person
336.3522,462.07425,399.65305,614.5685,0,0.543857,,person
1383.0088,22.65426,1422.6571,156.064,0,0.5174621,,person
161.36359,782.1874,264.33298,985.2649,0,0.510681,,person
1160.8785,134.76419,1213.9323,248.57423,0,0.5094091,,person
1798.4333,110.63196,1857.0527,239.68987,0,0.4632122,,person
382.4046,480.88925,466.9032,638.45276,0,0.44955412,,person
0.0911808,582.741,25.941458,696.9589,0,0.4410442,,person
1757.3925,116.85301,1808.5045,227.65933,0,0.39180294,,person
449.37625,482.1482,506.49857,614.35254,0,0.27031663,,person
407.44894,19.504732,439.3104,118.132164,0,0.26505134,,person
909.06464,546.5081,990.4836,723.57355,0,0.834785,,person
1790.9293,427.61984,1879.3707,613.45026,0,0.8333938,,person
1245.7764,475.76468,1321.7406,641.4925,0,0.78578067,,person
1556.5317,197.37236,1619.4299,348.35095,0,0.76295626,,person
1031.7389,453.59784,1079.4058,595.7351,0,0.74276036,,person
699.924,564.72015,778.8414,750.3979,0,0.73012066,,person
678.74255,123.11549,733.19116,263.77615,0,0.71690595,,person
523.1833,518.4769,593.4231,672.17365,0,0.71162206,,person
1730.6488,203.56178,1801.8373,360.43985,0,0.70634097,,person
527.80334,668.3183,611.86743,847.6778,0,0.7048881,,person
209.06337,21.2341,267.9572,143.79622,0,0.70377237,,person
912.57587,156.00467,963.60516,299.18564,0,0.69866467,,person
1156.6604,327.60974,1214.2493,458.79218,0,0.6603297,,person
72.89496,104.531555,120.28474,227.20354,0,0.66006255,,person
861.60333,7.2655334,901.00543,131.43211,0,0.65240204,,person
818.60474,7.77804,859.8463,133.3304,0,0.6442707,,person
1062.1593,299.70477,1131.0168,457.46332,0,0.633943,,person
929.0717,406.87985,1006.1932,572.3333,0,0.62022465,,person
409.6754,19.543167,453.49475,119.42615,0,0.6033853,,person
717.2766,55.75277,761.2844,184.44145,0,0.5372462,,person
336.3393,461.80457,400.85522,615.32294,0,0.5312405,,person
1382.8641,22.299042,1422.8251,156.18591,0,0.518927,,person
1798.94,111.69961,1859.2043,243.2434,0,0.514962,,person
382.87802,478.14944,463.55008,638.76953,0,0.47958714,,person
1161.7456,134.09372,1214.632,247.8587,0,0.4733034,,person
0.099051476,582.95074,29.79026,702.77,0,0.46792588,,person
1757.809,117.53879,1809.935,231.31352,0,0.45026857,,person
162.24477,786.659,263.32263,984.10785,14,0.38109544,,bird
163.09955,785.91833,263.31088,985.1554,0,0.31165475,,person
168.35129,791.8826,267.81354,984.79486,0,0.8685501,,person
1789.903,431.99323,1881.7439,614.8242,0,0.84764135,,person
910.08966,550.475,990.4453,722.5877,0,0.8239447,,person
527.85864,678.54443,609.93475,867.2621,0,0.7906204,,person
700.1453,560.0602,777.7145,743.9631,0,0.77349776,,person
1554.9558,191.87292,1617.1165,345.7621,0,0.7721219,,person
1031.6206,447.34848,1081.0817,592.6574,0,0.76234514,,person
1248.437,469.55933,1322.1725,634.73566,0,0.7621802,,person
522.72363,522.08,590.8004,668.83704,0,0.737096,,person
1157.0985,329.69058,1214.9415,456.49203,0,0.72661597,,person
678.7647,120.10099,731.897,260.71564,0,0.7050403,,person
1731.917,208.34601,1802.9465,362.73505,0,0.7030721,,person
72.47114,103.604324,118.92831,226.9048,0,0.6946135,,person
1063.4158,294.27716,1130.448,451.93106,0,0.68977386,,person
913.2722,160.27734,964.1827,297.88303,0,0.68656564,,person
819.3379,7.139723,859.59216,132.95871,0,0.67662305,,person
209.448,22.544249,269.89853,146.95474,0,0.6760078,,person
862.6974,5.1369095,902.6957,131.0421,0,0.65394104,,person
416.34888,18.232075,455.49902,117.567635,0,0.63463354,,person
1800.2311,114.43325,1859.9865,243.54178,0,0.6094153,,person
336.8204,461.50983,401.0136,615.37463,0,0.5854684,,person
929.4829,411.1657,1005.2959,577.6249,0,0.5598043,,person
0.0,587.8059,37.5473,711.97614,0,0.55716604,,person
1382.8447,22.694046,1422.6322,155.73747,0,0.5149592,,person
716.15936,54.54227,760.5207,185.0917,0,0.50290054,,person
1161.874,132.46185,1216.5164,248.65591,0,0.48078197,,person
382.92233,480.00696,465.74652,638.56,0,0.4782886,,person
929.18243,469.93442,1003.4306,578.3105,0,0.41600427,,person
1761.6808,112.51557,1816.4154,239.62729,0,0.34202474,,person
1227.9767,0.022556305,1270.595,77.08205,0,0.25028184,,person
171.44934,794.7852,268.55386,984.63007,0,0.8602793,,person
1790.4126,434.987,1884.0817,614.3053,0,0.85071075,,person
910.9693,550.2217,991.46576,720.80164,0,0.82786566,,person
527.5944,682.2006,609.6407,868.6835,0,0.8232423,,person
701.45276,554.9577,777.5166,748.29694,0,0.782049,,person
1246.1475,470.87228,1323.1667,631.98267,0,0.76085615,,person
1555.466,191.31866,1616.3756,343.3763,0,0.7433168,,person
521.91064,526.07794,589.4709,667.2378,0,0.7261845,,person
1032.8884,448.01788,1081.6223,593.0801,0,0.7160865,,person
927.89746,414.8715,1005.91943,580.05853,0,0.70663047,,person
1062.0574,290.1108,1127.2218,446.98846,0,0.704618,,person
1155.3892,334.03683,1215.836,461.23352,0,0.70194566,,person
678.36804,118.74403,731.1555,258.9092,0,0.691896,,person
72.84951,103.81217,119.28108,226.89809,0,0.68874156,,person
1732.1089,217.1153,1803.1025,368.7119,0,0.68438405,,person
819.85986,7.1277237,859.812,133.32314,0,0.67548794,,person
417.24866,18.14502,458.00867,115.79086,0,0.67083335,,person
863.4377,4.662575,903.1635,131.08008,0,0.6644637,,person
913.7805,163.0167,966.4532,298.25455,0,0.65606433,,person
210.47534,23.244919,269.70593,147.19379,0,0.6434575,,person
0.13277721,586.34546,40.93935,713.9211,0,0.57043624,,person
336.8946,461.54453,399.10715,615.0768,0,0.5640989,,person
1804.2643,115.00575,1860.2026,245.79066,0,0.5184348,,person
1383.0653,22.824772,1422.842,155.27371,0,0.4730743,,person
1164.0195,131.71619,1217.8569,248.04396,0,0.46022078,,person
715.70935,54.05196,760.1293,183.04024,0,0.4531233,,person
381.9346,480.59372,460.68048,638.81934,0,0.45138198,,person
1763.0504,119.11194,1818.0209,236.36925,0,0.3041372,,person
446.7356,480.9571,508.3462,619.1816,0,0.27998504,,person
1791.7816,439.53763,1886.1904,614.37933,0,0.8517881,,person
528.2564,689.5673,609.2985,875.6585,0,0.81003547,,person
912.4975,551.8757,990.9324,720.0811,0,0.7895346,,person
1246.4961,469.35263,1323.6251,634.2151,0,0.7608712,,person
172.14612,800.7012,269.43475,984.22925,0,0.75414157,,person
1554.999,190.0697,1616.376,337.46762,0,0.7340868,,person
700.6229,553.3209,778.49744,750.7429,0,0.73326325,,person
927.5512,417.39536,1006.28876,582.5,0,0.72961146,,person
1061.6907,287.8938,1127.6519,442.06787,0,0.7138916,,person
914.06384,164.7794,966.67755,298.97125,0,0.71311724,,person
520.89374,526.64777,588.66034,672.90564,0,0.70740604,,person
863.3895,4.1637955,904.1605,130.69493,0,0.694518,,person
1732.4469,220.10371,1803.0645,375.00964,0,0.68885577,,person
1034.2617,443.5919,1080.9045,593.1167,0,0.6770482,,person
819.91846,7.00597,860.11523,133.60738,0,0.67452633,,person
73.724815,105.78207,118.85134,226.9614,0,0.6717602,,person
1153.5774,335.10858,1219.254,467.81445,0,0.6627662,,person
678.9681,116.069275,731.275,256.8647,0,0.6448069,,person
209.88148,22.99585,269.84576,146.83463,0,0.62667847,,person
418.6288,18.833885,461.1047,118.14551,0,0.5787189,,person
1809.1788,118.370384,1862.9602,246.91426,0,0.5779472,,person
336.85355,461.34824,398.0637,615.2936,0,0.5374172,,person
1166.2692,128.234,1217.2954,248.58524,0,0.5283022,,person
0.07361698,590.72626,43.233536,721.3281,0,0.5080564,,person
381.9181,480.31073,464.01086,639.64856,0,0.47613248,,person
1383.5573,22.335136,1422.1088,153.78435,0,0.47516593,,person
715.2012,53.131966,761.3641,180.45265,0,0.43342566,,person
1764.2256,120.1127,1819.5872,239.89343,0,0.38601083,,person
448.3485,481.23303,508.36646,619.8682,0,0.33265987,,person
173.80968,803.2295,273.2775,996.09174,0,0.8030136,,person
914.5501,555.8377,991.3676,723.9588,0,0.7973509,,person
527.89453,694.5844,608.8806,876.88696,0,0.7919194,,person
1555.3546,187.29462,1614.6368,333.0129,0,0.76165825,,person
1246.4674,464.17377,1322.6038,635.99426,0,0.75336,,person
1795.3899,442.75323,1888.2969,613.4848,0,0.73869485,,person
913.39124,166.20346,966.67896,305.4863,0,0.7386811,,person
521.59406,529.6407,592.3211,675.01575,0,0.72223336,,person
700.5333,551.329,779.6318,748.75037,0,0.707667,,person
1061.9832,285.5942,1126.8168,435.81622,0,0.69204545,,person
863.1308,4.5541706,904.0186,130.61702,0,0.69048214,,person
1033.3561,444.0363,1080.4662,594.1219,0,0.67666095,,person
820.25653,6.8812294,860.09515,133.95084,0,0.67480147,,person
73.76419,106.56262,119.158516,227.4289,0,0.6701346,,person
420.69113,17.945578,467.11844,119.10182,0,0.66944265,,person
1732.3612,218.60042,1804.2689,378.29108,0,0.6687075,,person
208.90398,22.470016,268.95825,144.2861,0,0.64766055,,person
678.7031,113.45559,732.1646,252.75517,0,0.64716005,,person
1153.2628,337.44968,1222.9216,474.45184,0,0.64231473,,person
1809.4629,119.653366,1863.7998,247.58698,0,0.59048617,,person
715.439,51.186447,760.9541,180.71173,0,0.54604733,,person
0.03857231,593.7929,43.41375,720.90753,0,0.5337181,,person
1166.6808,126.621254,1219.7345,244.44833,0,0.5160904,,person
337.34476,461.289,394.35757,614.2368,0,0.48256528,,person
945.09216,425.86334,1006.8714,578.6396,0,0.47970363,,person
1383.8353,22.508102,1423.0326,154.13997,0,0.45511794,,person
1764.2666,118.104866,1823.142,244.50797,0,0.4169324,,person
380.86398,481.10504,459.80734,639.1932,0,0.41330433,,person
451.03244,481.9512,508.23862,619.85223,0,0.3420702,,person
929.47504,434.5772,1002.03314,579.5702,0,0.27348313,,person
1229.4501,0.0,1268.4207,77.954025,0,0.25420392,,person
917.5842,562.0877,992.80743,736.83185,0,0.8008387,,person
1798.184,443.46844,1888.6637,614.97076,0,0.75581855,,person
527.64594,695.06854,608.12555,877.1832,0,0.75047755,,person
1555.4751,184.5176,1613.6924,331.0,0,0.75001734,,person
521.1317,532.1694,592.1738,679.3036,0,0.7493138,,person
1247.2296,462.39725,1322.8694,635.391,0,0.7343897,,person
913.32587,167.13304,967.4599,310.93344,0,0.7216382,,person
701.316,550.5348,778.9858,748.85046,0,0.691755,,person
174.66992,805.85614,278.77252,1010.1418,0,0.685551,,person
1062.1227,285.82132,1128.913,428.64532,0,0.68450785,,person
73.61222,106.50572,119.22086,227.372,0,0.68272686,,person
863.40955,3.5562572,903.88354,130.4775,0,0.6632487,,person
820.34564,6.8549423,859.8737,134.1356,0,0.65938586,,person
1731.5757,227.3666,1807.0741,379.0831,0,0.65445167,,person
679.10504,110.91633,731.1178,249.284,0,0.6477117,,person
1032.9884,441.5693,1082.0468,591.5117,0,0.63029003,,person
209.23315,23.321766,269.0755,143.07896,0,0.6257766,,person
422.9691,20.700611,470.15894,118.4651,0,0.618311,,person
716.04474,50.815613,762.12177,180.80644,0,0.6041181,,person
1154.2401,344.61642,1223.5725,479.58264,0,0.6039117,,person
0.0,597.6731,45.497646,728.03577,0,0.5848237,,person
1811.0317,120.23293,1864.117,248.36679,0,0.51514775,,person
1167.2352,124.199844,1220.7969,239.71573,0,0.47909102,,person
1383.7097,22.42028,1423.2814,154.86961,0,0.47282806,,person
337.3086,461.82935,394.65427,614.3615,0,0.4698186,,person
1765.0892,118.908485,1823.7266,241.0071,0,0.40611568,,person
380.64435,483.21454,456.55933,639.3836,0,0.3873278,,person
937.2299,428.58865,1006.7382,578.2662,0,0.36017072,,person
451.8286,482.49994,508.04364,619.88727,0,0.32107762,,person
1230.0928,0.0,1266.4293,79.29769,0,0.28321904,,person
1799.9232,451.00525,1891.9388,633.96625,0,0.83182603,,person
525.4873,704.9096,607.9668,876.31006,0,0.79572636,,person
918.6136,569.1028,994.9184,749.186,0,0.7868787,,person
178.4291,815.8669,285.0417,1035.5593,0,0.7625746,,person
519.0299,537.8176,587.6347,697.1142,0,0.7551331,,person
1554.6932,182.95569,1614.0128,326.16342,0,0.752699,,person
1247.8949,456.2504,1321.5852,632.0644,0,0.74599975,,person
911.28064,172.08275,967.29095,316.91147,0,0.71858335,,person
702.3153,543.3655,781.06006,745.8336,0,0.6981663,,person
678.52277,106.70293,729.4986,245.30864,0,0.66597575,,person
1059.9199,280.71085,1126.946,429.49237,0,0.6488251,,person
72.444885,104.44826,119.21746,228.34067,0,0.64395684,,person
819.9507,6.8064194,860.1284,134.4451,0,0.63363725,,person
429.3229,20.507504,489.90756,120.83291,0,0.6314699,,person
715.6443,48.475586,762.3684,176.6165,0,0.6213298,,person
209.6998,24.932722,270.20966,148.43304,0,0.6118624,,person
337.12207,462.3924,396.78564,614.31573,0,0.58641934,,person
863.7219,2.501175,903.6988,130.96751,0,0.5806934,,person
1034.5222,438.6373,1082.6722,589.50006,0,0.5707103,,person
0.0,579.76245,51.38498,731.16595,0,0.55937165,,person
1167.4973,120.716034,1218.6339,231.36827,0,0.5559487,,person
1153.9557,351.95535,1222.625,486.45868,0,0.53887445,,person
931.6571,432.93164,1007.0486,588.95514,0,0.53622997,,person
1815.6409,120.56882,1865.2661,248.58472,0,0.47731367,,person
1383.7108,22.16125,1422.152,155.44441,0,0.45847064,,person
1733.0398,235.31616,1808.6052,386.41095,0,0.44292927,,person
1767.6313,121.057144,1826.4203,244.18845,0,0.432109,,person
384.37494,482.72763,463.42953,640.18677,0,0.41560644,,person
453.93063,483.19257,507.80292,620.72406,0,0.37351128,,person
1227.249,0.0,1264.2832,77.69117,0,0.27493373,,person
1800.3252,454.52573,1891.7212,640.27625,0,0.8479989,,person
524.4961,705.80493,607.262,876.2527,0,0.77404374,,person
518.5332,541.51904,585.5246,705.973,0,0.7656399,,person
910.2054,175.42609,966.8245,319.37994,0,0.74414575,,person
919.9512,576.4732,995.97656,749.4227,0,0.7376255,,person
1552.8281,180.97925,1613.4913,325.89194,0,0.73204994,,person
704.1577,540.62646,780.1322,736.28125,0,0.7083573,,person
1247.4111,452.9209,1321.4066,628.66846,0,0.70391214,,person
430.99136,21.859983,492.9799,121.83071,0,0.67995155,,person
72.45964,104.77771,118.969666,228.85245,0,0.66539204,,person
820.21326,6.6943016,860.0603,134.30438,0,0.66095227,,person
0.03001213,574.7843,52.978786,731.85547,0,0.6580117,,person
677.33295,106.38364,729.7379,245.09775,0,0.65740186,,person
714.45465,45.863846,761.6531,172.13353,0,0.6550934,,person
179.79283,820.88367,284.52307,1039.6454,0,0.647821,,person
1059.8646,280.1361,1128.045,428.99216,0,0.6439522,,person
209.21361,25.771093,270.65555,149.33601,0,0.6133671,,person
864.22253,2.928337,904.07837,131.36783,0,0.6031526,,person
337.34055,462.66833,397.04712,614.1722,0,0.5909553,,person
1154.6447,352.50815,1221.3837,488.88684,0,0.5763541,,person
1167.437,119.2847,1217.5317,231.77747,0,0.57530016,,person
1033.8901,435.196,1084.2101,587.5683,0,0.5591996,,person
1733.3024,232.38977,1808.4423,388.395,0,0.5571011,,person
1820.8795,121.51424,1865.3654,248.22084,0,0.52501744,,person
1383.5016,21.940544,1421.8304,155.4781,0,0.4895966,,person
1767.0612,123.07182,1824.6735,242.95189,0,0.4525285,,person
930.4532,434.34073,1006.45074,587.42145,0,0.4049169,,person
455.06177,482.9989,507.30936,620.2401,0,0.39486855,,person
384.78268,485.84253,461.5392,640.2829,0,0.37424603,,person
1226.7313,0.062999725,1263.6666,78.12289,0,0.30727088,,person
1802.2928,456.83508,1891.801,647.82874,0,0.8381528,,person
180.92912,828.5715,281.32263,1040.2716,0,0.8169519,,person
523.49915,705.4433,608.46704,878.69366,0,0.80866104,,person
909.8044,177.5706,965.5893,319.71198,0,0.7646558,,person
1551.3029,180.01704,1613.235,325.7949,0,0.75340414,,person
517.38245,542.71,586.2109,709.61835,0,0.74090356,,person
704.9993,535.8438,781.41,730.76587,0,0.70789355,,person
1247.078,447.34674,1321.0107,625.7983,0,0.6845115,,person
918.5054,579.7368,995.59644,759.5292,0,0.6747588,,person
818.52905,6.5478,860.58545,133.7157,0,0.66476375,,person
676.951,105.17738,730.2053,244.22466,0,0.64614457,,person
1155.8452,353.79337,1221.3007,490.07657,0,0.6440629,,person
1058.7208,279.18915,1128.5292,429.87186,0,0.6434821,,person
863.9627,2.7935257,904.5094,131.23184,0,0.633474,,person
434.00052,23.515263,496.76532,122.69491,0,0.625399,,person
713.05066,45.135704,762.35345,171.57207,0,0.6253079,,person
1167.9025,119.01226,1214.5021,231.14897,0,0.6239009,,person
72.67864,105.82826,117.94137,228.83386,0,0.62122566,,person
1732.7234,226.76587,1809.4343,388.92493,0,0.6094577,,person
336.85767,462.83267,396.56863,614.17883,0,0.60884005,,person
0.0,581.7803,53.413563,731.4617,0,0.6085482,,person
208.39252,27.126143,270.67136,150.81525,0,0.60658365,,person
1034.3534,432.47415,1083.9446,587.0047,0,0.58953416,,person
1383.5842,21.984678,1421.6782,155.59187,0,0.5258763,,person
1822.9856,122.62423,1866.0674,247.53465,0,0.49097562,,person
929.3921,437.6856,1006.13416,589.1746,0,0.476449,,person
1765.9791,123.601524,1825.3148,240.16742,0,0.4611722,,person
385.88553,487.76965,461.92648,640.7609,0,0.38530177,,person
455.32764,485.58673,507.34296,619.5487,0,0.36088133,,person
1227.0809,0.0,1263.017,78.45537,0,0.26215005,,person
1806.067,461.89847,1892.662,651.99524,0,0.81771845,,person
523.89075,707.5271,609.7077,878.83215,0,0.7974896,,person
182.28964,834.2121,283.6259,1049.4293,0,0.7707969,,person
1549.8885,178.9335,1612.9948,325.92612,0,0.76532733,,person
516.89954,548.39343,586.2269,721.3085,0,0.75256574,,person
909.5162,178.76321,964.3784,319.96924,0,0.75106984,,person
705.0983,529.9671,783.05273,727.748,0,0.74343526,,person
917.58746,586.1091,999.4528,762.5699,0,0.7211458,,person
1246.5636,443.57465,1320.8799,616.307,0,0.71225005,,person
436.0029,22.619774,496.97812,123.00634,0,0.6891391,,person
712.96765,43.843758,762.8668,169.96758,0,0.6627792,,person
1057.0779,277.20236,1127.1449,430.02713,0,0.654185,,person
818.13464,4.9050293,861.0443,133.35759,0,0.6476019,,person
72.960236,106.87525,117.1716,228.93376,0,0.64255786,,person
1157.0696,358.2658,1220.6826,491.15973,0,0.63830954,,person
675.3633,104.1146,730.3469,244.58661,0,0.6301562,,person
1167.2083,118.25784,1215.0787,230.65741,0,0.61746573,,person
0.0,580.6696,55.018776,732.1967,0,0.6173732,,person
207.79747,26.947706,270.07886,152.18575,0,0.6142113,,person
864.9461,2.528738,904.4273,129.81487,0,0.609138,,person
336.56427,462.10995,395.91214,614.1325,0,0.6004476,,person
1035.3375,433.1938,1083.0048,577.0114,0,0.59219563,,person
926.768,440.81735,1007.5329,596.77045,0,0.57277656,,person
1732.2257,231.6969,1810.8805,388.8814,0,0.57174253,,person
1819.7509,124.48773,1866.9972,248.52658,0,0.5430319,,person
1383.3486,21.877544,1421.8564,155.86206,0,0.49451336,,person
1765.4678,126.17278,1825.8765,242.34555,0,0.4924639,,person
386.02737,478.91354,462.26526,641.6845,0,0.42132035,,person
455.6401,487.39554,507.16745,619.3847,0,0.3616077,,person
1803.1791,465.92258,1892.1515,657.0995,0,0.823113,,person
181.93784,839.04,283.17117,1054.2657,0,0.8211652,,person
522.761,710.6739,613.86914,880.1085,0,0.8033195,,person
702.76227,526.862,784.62634,725.6144,0,0.7737903,,person
919.5064,586.3614,998.2573,771.32794,0,0.7639094,,person
1549.7697,178.46814,1611.8962,326.9797,0,0.75284386,,person
907.78656,178.84552,962.5944,321.205,0,0.74615544,,person
517.0804,550.8456,585.0255,721.43616,0,0.7349171,,person
1245.318,440.3292,1320.4286,608.7338,0,0.7272446,,person
817.8953,3.407547,860.7039,132.94176,0,0.6679504,,person
207.0342,28.766453,269.9462,154.71474,0,0.6624139,,person
72.952995,106.83562,117.098465,228.64105,0,0.6598969,,person
1159.2632,358.57022,1221.281,491.4938,0,0.6516384,,person
713.86456,44.45453,763.7523,169.78415,0,0.6509042,,person
676.3638,102.687126,729.62256,243.71408,0,0.6435224,,person
437.96695,21.148916,495.1409,122.29903,0,0.64220256,,person
1057.1099,276.1854,1126.3096,430.47885,0,0.63470405,,person
1036.567,425.662,1082.2334,573.6275,0,0.6324498,,person
865.433,2.3540497,904.2605,130.37843,0,0.6161317,,person
926.86395,442.8729,1007.3293,586.6207,0,0.5991746,,person
1166.226,118.2622,1215.712,229.77013,0,0.59156364,,person
336.5033,461.88907,395.84045,614.27563,0,0.58970666,,person
0.07383728,581.2039,55.434277,735.55743,0,0.5648394,,person
1820.8273,125.42237,1867.0083,248.45139,0,0.5629302,,person
1733.018,230.98892,1811.1835,388.08154,0,0.4681055,,person
384.9636,475.58698,464.48337,641.7724,0,0.46725613,,person
1382.5519,21.90651,1420.8876,155.85399,0,0.46045607,,person
1765.9395,127.22754,1825.7249,240.68211,0,0.39291957,,person
455.02258,486.70404,507.1985,617.9275,0,0.32295302,,person
927.5098,483.16086,1003.87305,601.2495,0,0.27084655,,person
920.1953,591.932,1002.31134,772.8457,0,0.84314954,,person
1802.0497,473.25577,1896.4135,669.6609,0,0.82173,,person
906.6513,181.9856,960.44403,324.40063,0,0.77961737,,person
520.50006,718.7712,618.0626,891.8077,0,0.7684597,,person
1548.0269,174.8995,1611.6058,326.10565,0,0.7440256,,person
0.0,587.11365,60.41622,747.03375,0,0.74320614,,person
1244.9355,431.81323,1321.1781,594.6165,0,0.71028715,,person
700.8498,521.0774,786.9985,700.21313,0,0.67098784,,person
1057.6738,272.66684,1125.0735,431.442,0,0.66589445,,person
927.9395,445.1457,1008.83606,606.73773,0,0.6534089,,person
183.43298,847.26166,286.6565,1057.1069,0,0.6532281,,person
817.8005,1.9686184,861.6125,131.94882,0,0.6458697,,person
1036.8748,417.05054,1085.9038,558.3393,0,0.64137936,,person
712.9629,42.881966,764.9477,163.88988,0,0.6392481,,person
71.82596,107.6018,117.40544,228.88994,0,0.63682586,,person
1821.9968,125.70019,1868.2888,247.46317,0,0.6183054,,person
866.0885,1.4172821,903.5801,130.15788,0,0.6057248,,person
1163.3853,359.4137,1222.5049,492.57074,0,0.6028738,,person
206.86958,30.805178,269.53046,156.0619,0,0.5971844,,person
515.9978,557.6272,585.1419,723.9163,0,0.59228796,,person
674.78656,101.8198,728.8614,242.03244,0,0.563558,,person
1165.6677,117.191765,1214.9956,228.18077,0,0.536171,,person
443.5612,18.634907,497.5536,120.84522,0,0.5272689,,person
336.04715,461.27444,391.9535,613.83093,0,0.48997858,,person
383.95853,483.79184,464.63022,641.24036,0,0.42371625,,person
1382.3668,21.882717,1420.1287,155.26619,0,0.37778562,,person
1765.0906,127.997154,1823.8231,243.71912,0,0.36380896,,person
1736.0376,239.67233,1814.3218,390.92047,0,0.35470337,,person
920.9804,592.5993,1004.27875,774.4182,0,0.84341294,,person
1802.1644,476.6598,1897.0339,672.19507,0,0.8286364,,person
183.95572,850.2314,287.09235,1057.1412,0,0.77696186,,person
905.5968,184.50258,960.29297,323.8625,0,0.77542084,,person
0.0,586.99097,61.638336,756.7482,0,0.74970454,,person
1549.0309,174.42838,1610.9535,323.54352,0,0.7335564,,person
520.1959,723.84454,617.53625,899.8003,0,0.73030365,,person
700.8884,517.9673,786.63104,699.222,0,0.72748226,,person
1243.767,426.74124,1319.8213,589.09656,0,0.68529546,,person
1058.1011,269.80832,1123.406,429.44736,0,0.66706514,,person
514.3499,559.4801,585.76013,720.9582,0,0.65928644,,person
1823.3035,127.515335,1869.4556,248.01439,0,0.65610284,,person
817.5455,1.5498505,861.5653,129.99376,0,0.64919037,,person
206.18065,35.494125,269.63126,156.73375,0,0.6399749,,person
1036.2579,414.33572,1085.513,554.604,0,0.6337442,,person
71.46181,108.18022,117.44834,229.47414,0,0.61034405,,person
865.9486,1.0094147,903.2721,129.80978,0,0.6098771,,person
712.81256,41.956856,765.02783,160.69643,0,0.5976854,,person
674.3954,100.54331,729.373,239.9956,0,0.59382963,,person
1163.907,362.1551,1222.834,492.37485,0,0.59326404,,person
1165.7334,114.5247,1216.3236,228.5538,0,0.5662959,,person
448.70465,19.919277,494.73993,118.75917,0,0.5621561,,person
928.966,450.40228,1009.795,608.5208,0,0.5085899,,person
336.46667,461.66373,392.99628,613.6354,0,0.4973451,,person
383.31537,483.8333,465.10648,641.5093,0,0.43221942,,person
1382.1831,21.8306,1420.2511,155.36443,0,0.40587774,,person
1739.6279,235.58601,1815.5585,389.06116,0,0.40326643,,person
1768.7018,131.53912,1822.3722,246.69809,0,0.35384682,,person
1223.6704,0.39175415,1258.7058,78.12847,0,0.28018016,,person
921.77325,595.73755,1004.3461,773.6715,0,0.82694656,,person
1803.5557,480.47855,1898.1765,672.3807,0,0.81636196,,person
184.92426,856.0093,287.32736,1059.1311,0,0.78325844,,person
519.398,726.17584,617.9271,908.0461,0,0.7680753,,person
905.7612,185.15456,959.7645,324.4122,0,0.7591086,,person
0.0,591.9654,64.2421,762.3489,0,0.75081944,,person
1547.7048,171.99083,1609.4008,322.1465,0,0.73057175,,person
1244.5612,422.84702,1320.1245,588.6854,0,0.72737235,,person
699.66724,515.63525,788.20166,689.97473,0,0.7243733,,person
512.22235,561.037,585.3662,721.4068,0,0.7049756,,person
1035.6079,411.99298,1086.2207,553.0957,0,0.67968124,,person
675.3939,98.200356,729.0909,239.06815,0,0.6496937,,person
1056.4292,266.59525,1123.6143,427.0918,0,0.6416764,,person
818.3353,0.937603,860.99194,128.4948,0,0.6272267,,person
204.21272,35.79943,269.98416,158.25403,0,0.613925,,person
1824.5326,128.70645,1869.9512,250.08775,0,0.61262435,,person
450.65982,19.271187,496.66544,119.01315,0,0.59923935,,person
866.0197,0.77124023,903.02625,129.69994,0,0.5846861,,person
1163.6162,365.3032,1222.2909,497.5352,0,0.5824445,,person
712.5844,40.810684,765.4118,160.03839,0,0.5460796,,person
1164.9956,114.567924,1216.3656,228.24419,0,0.53079605,,person
69.92469,112.16155,116.95159,229.35234,0,0.52278864,,person
1738.2986,239.94154,1816.3605,391.14606,0,0.49993908,,person
929.9227,453.8432,1009.01587,612.4565,0,0.4829839,,person
335.7552,461.59216,391.5965,613.17426,0,0.46468484,,person
383.40552,485.55295,466.46823,641.9717,0,0.40447113,,person
1382.1123,22.163795,1420.1581,155.23764,0,0.39600295,,person
1768.5433,131.73601,1823.2325,247.9092,0,0.36439946,,person
1222.8318,0.6892319,1256.3746,77.80124,0,0.27230626,,person
923.4611,599.22363,1005.3968,771.26605,0,0.8451343,,person
521.6029,728.1708,619.048,918.2414,0,0.80788946,,person
905.8484,186.35376,959.94104,323.39914,0,0.7702469,,person
1244.3408,422.14563,1320.0802,588.1408,0,0.7649041,,person
1547.3505,171.08519,1609.6917,320.7614,0,0.72960365,,person
1805.591,487.05774,1900.1492,671.81854,0,0.7224194,,person
511.8664,563.0146,584.9621,721.0802,0,0.70185655,,person
0.005962372,600.9846,65.538666,772.0227,0,0.6942876,,person
697.578,514.0129,785.78766,690.5037,0,0.69394934,,person
676.9139,95.19738,729.3701,236.6279,0,0.6877253,,person
1034.9767,411.30707,1084.4309,551.48456,0,0.68609196,,person
818.042,0.34197235,861.3651,124.80647,0,0.65414464,,person
1738.4011,243.7239,1815.939,390.51096,0,0.65306854,,person
1823.9843,129.10457,1870.7538,252.18367,0,0.6513914,,person
1164.498,371.0832,1221.5402,502.79425,0,0.6511688,,person
203.41283,36.05459,269.06876,160.45839,0,0.63536775,,person
70.27474,111.51091,116.95572,230.33473,0,0.6148583,,person
1056.8932,264.3662,1123.2496,424.6735,0,0.60992,,person
183.8195,857.7257,286.08902,1060.7944,0,0.59592676,,person
866.0365,0.15958786,903.07526,128.03873,0,0.59134865,,person
712.8448,40.22136,766.1074,159.0135,0,0.5828246,,person
455.29477,16.805809,493.89322,118.593475,0,0.5578636,,person
1165.3632,113.85634,1216.8348,227.07532,0,0.542339,,person
184.43956,858.7974,286.74564,1059.159,14,0.49102798,,bird
931.19037,455.10474,1008.3034,619.41534,0,0.48895422,,person
336.32455,461.26367,391.707,613.3652,0,0.46580046,,person
1381.9592,22.348114,1419.846,155.60939,0,0.44042715,,person
382.9944,483.16464,463.84488,641.50854,0,0.39618224,,person
1770.4993,131.60307,1821.9973,248.55931,0,0.3716877,,person
1222.2925,0.4080248,1256.446,76.11747,0,0.26976544,,person
923.7864,601.4211,1006.23016,769.1049,0,0.8471564,,person
522.1813,737.4027,620.0201,923.7744,0,0.82784843,,person
904.81146,187.36969,959.57794,323.56427,0,0.77833366,,person
697.33527,510.5857,782.6847,685.0658,0,0.7265095,,person
1546.4272,169.1667,1609.246,317.17523,0,0.7143682,,person
1824.2556,130.32077,1872.5654,255.652,0,0.71269095,,person
0.03490448,602.67065,69.36684,774.259,0,0.7088577,,person
1164.2183,373.2322,1221.9872,508.5878,0,0.7003265,,person
1806.2142,490.6129,1902.8712,671.6393,0,0.68634015,,person
677.9089,94.29609,729.1159,233.97488,0,0.6854307,,person
1245.1415,420.65057,1319.4197,584.26025,0,0.67672,,person
1741.1193,240.39066,1818.3748,392.77133,0,0.660231,,person
1056.4199,261.467,1122.1729,419.7159,0,0.6591191,,person
185.92163,862.1653,286.86868,1059.3953,0,0.6587293,,person
70.49643,111.88831,117.094185,230.88022,0,0.6585202,,person
512.38556,565.6509,585.0745,721.095,0,0.6573133,,person
1034.5378,409.4361,1083.9774,550.90576,0,0.6387718,,person
203.32864,36.627243,268.69482,163.86394,0,0.6360111,,person
817.7654,0.0,861.326,121.82337,0,0.63102376,,person
931.8349,454.98535,1009.8294,622.931,0,0.6297192,,person
865.54065,0.0,902.5488,126.95821,0,0.57407343,,person
714.12537,39.513054,765.8293,157.91519,0,0.5605275,,person
460.318,18.723106,494.66473,116.77634,0,0.5548082,,person
1165.3755,111.65199,1217.7631,226.7454,0,0.5488728,,person
1771.5275,131.94356,1825.504,250.079,0,0.46962515,,person
336.0524,461.35812,391.91083,613.3027,0,0.46758288,,person
1382.1194,22.276325,1419.8329,155.51411,0,0.45721552,,person
382.8061,482.7528,464.0899,641.3846,0,0.39245874,,person
1222.8124,0.6763029,1256.0607,75.05086,0,0.28490108,,person
923.62994,603.1641,1006.9986,771.79803,0,0.8411371,,person
525.50574,743.0704,622.1205,932.3919,0,0.8122392,,person
1826.595,132.46107,1873.8783,258.1031,0,0.73880374,,person
904.3806,191.07106,957.0227,328.7779,0,0.73745084,,person
697.5361,505.49902,775.70215,678.63165,0,0.73492426,,person
1165.6289,379.52036,1222.5006,516.6503,0,0.7310729,,person
678.65295,88.85154,731.2581,224.28842,0,0.72054416,,person
511.39383,570.53455,587.41846,717.9145,0,0.69382286,,person
1057.8517,258.06357,1119.756,406.4142,0,0.67487127,,person
1812.6262,494.3237,1907.9934,672.76434,0,0.67331386,,person
1248.3062,419.25073,1319.3398,589.36255,0,0.6706837,,person
188.57437,868.8573,288.5899,1060.4354,0,0.6658901,,person
1545.7527,169.88585,1606.8118,308.3154,0,0.663274,,person
70.61815,112.00072,117.27667,231.465,0,0.65076643,,person
818.0713,0.38366318,862.2312,121.477715,0,0.6497788,,person
1033.8485,407.87247,1082.7681,551.836,0,0.62112296,,person
1774.2828,132.07915,1827.9287,256.4591,0,0.5965473,,person
1741.734,251.25238,1816.247,397.22345,0,0.57576853,,person
865.9558,0.0,902.7404,124.81826,0,0.558951,,person
201.07228,38.91062,268.11844,165.40614,0,0.55684215,,person
716.45764,30.775835,767.0281,152.84744,0,0.5508004,,person
466.849,17.990564,500.81177,119.5963,0,0.54218054,,person
0.0,609.08185,75.407,781.64246,0,0.52905464,,person
1164.4907,109.56976,1220.0775,224.54956,0,0.52176774,,person
1381.8217,22.321632,1419.8036,155.7404,0,0.5056905,,person
188.29642,868.071,287.50507,1060.024,14,0.47828925,,bird
336.15472,460.1476,389.76694,606.58777,0,0.47606644,,person
382.54135,482.02158,462.84833,641.016,0,0.34834766,,person
941.84784,460.39145,1016.5358,629.1456,0,0.28050727,,person
1222.5042,0.6852522,1254.8864,75.14829,0,0.27445439,,person
947.5642,462.17233,1014.0584,589.71967,0,0.2683139,,person
524.00555,745.60913,623.00555,932.3441,0,0.8104706,,person
923.43036,606.5951,1006.9312,780.04047,0,0.8095683,,person
1165.4712,382.49167,1223.9767,522.1969,0,0.7742497,,person
1813.8853,495.85574,1910.3939,672.4506,0,0.7290321,,person
679.66785,87.713974,731.04285,220.53973,0,0.7215873,,person
1826.6356,132.76886,1875.802,260.1126,0,0.72031796,,person
511.746,573.8831,588.3994,719.07874,0,0.71731925,,person
190.76779,873.9133,292.50513,1061.6089,0,0.70887953,,person
1249.0413,415.42648,1319.9375,588.60156,0,0.7023293,,person
902.0233,191.9248,957.0344,333.80545,0,0.6930798,,person
934.1475,468.82462,1016.1469,639.69293,0,0.6830543,,person
695.56934,503.60825,772.05054,689.4315,0,0.6746126,,person
1057.3009,257.1482,1120.5287,403.4026,0,0.67095536,,person
818.4093,0.3585949,863.0636,120.381386,0,0.6662481,,person
1545.3907,164.04927,1607.8568,305.63113,0,0.6644008,,person
1032.934,405.69043,1084.3339,552.0741,0,0.6598082,,person
69.17952,109.89641,117.08879,234.07452,0,0.65557593,,person
466.87128,16.698217,507.49826,120.19331,0,0.6200951,,person
1777.4396,132.40466,1827.7266,256.32953,0,0.6115765,,person
0.0,611.5521,76.70524,780.85547,0,0.591421,,person
865.97186,0.0,903.1097,119.537025,0,0.5795369,,person
1164.4473,107.84572,1220.1846,224.08154,0,0.5572531,,person
718.941,32.867752,765.67426,151.17247,0,0.5517348,,person
1742.2838,252.33481,1817.2391,401.94855,0,0.5083759,,person
201.61232,38.73358,267.17776,164.72763,0,0.50718164,,person
336.1214,460.10724,389.33917,606.0592,0,0.47233567,,person
1382.1538,22.491417,1419.5549,155.77278,0,0.47119007,,person
382.63715,484.5588,463.3744,640.39655,0,0.3367082,,person
1221.8329,0.91249466,1254.4634,75.18851,0,0.27244917,,person
1168.283,384.79285,1224.939,525.32227,0,0.8294301,,person
526.9581,748.5681,624.6281,932.30164,0,0.8035128,,person
901.8924,192.90211,956.1403,339.70526,0,0.76217127,,person
1815.4769,497.1225,1911.2623,670.41064,0,0.7581861,,person
923.2454,608.85443,1006.9001,791.6867,0,0.74546295,,person
509.97885,576.6122,587.1795,724.27704,0,0.7327812,,person
1251.327,411.73645,1320.9137,584.0583,0,0.7213211,,person
679.57434,86.39916,730.2949,217.94652,0,0.7175491,,person
1827.0659,133.97449,1878.4431,263.4288,0,0.70489997,,person
1056.8184,255.39299,1121.4875,397.47638,0,0.68957025,,person
1546.4692,162.91763,1607.5327,301.77972,0,0.68594277,,person
68.84184,110.062386,117.17391,234.54727,0,0.68409896,,person
192.15886,877.8459,299.88153,1073.6134,0,0.6773849,,person
694.80176,503.02725,772.28796,690.9357,0,0.6686007,,person
0.0,613.78217,80.21827,781.4057,0,0.6670257,,person
819.2675,0.42375183,862.24255,119.897736,0,0.6569861,,person
1032.4161,404.34888,1083.1909,551.4104,0,0.6565115,,person
864.94336,0.0,903.2743,118.18671,0,0.58522505,,person
1779.2715,134.06561,1828.8806,257.00702,0,0.5817759,,person
471.065,17.441643,512.97516,119.67874,0,0.56899166,,person
720.3012,27.13527,765.1064,151.28197,0,0.5601235,,person
1165.3213,106.724144,1220.5991,216.3014,0,0.5496542,,person
201.57161,36.841095,266.51654,166.54573,0,0.5430314,,person
1381.94,22.540169,1419.455,155.76161,0,0.490763,,person
336.1343,460.00882,389.09225,606.59015,0,0.45660946,,person
938.33496,471.42233,1016.1425,626.5716,0,0.42149395,,person
1746.1399,255.46559,1818.4329,408.74042,0,0.36449382,,person
381.25778,482.636,462.45374,640.435,0,0.32481873,,person
922.615,612.8423,1008.3913,795.2891,0,0.8162156,,person
1169.5464,386.2122,1225.8304,526.3898,0,0.79649234,,person
1818.3486,503.2001,1913.8037,675.6554,0,0.79335475,,person
527.2572,753.39154,626.979,928.93585,0,0.7462544,,person
1251.6829,408.1475,1321.1644,579.3725,0,0.73565817,,person
901.24585,194.31317,956.0145,344.2071,0,0.7234779,,person
679.71014,84.93709,730.07056,217.27672,0,0.71167445,,person
1548.4413,160.89423,1606.8175,300.4542,0,0.6905825,,person
68.237526,109.89458,117.080414,234.79724,0,0.68634397,,person
1827.2161,135.8611,1880.1138,263.27045,0,0.68602353,,person
819.529,0.19483566,861.514,118.7198,0,0.6675851,,person
508.79645,579.6021,587.11816,731.96783,0,0.66505176,,person
1056.878,251.98357,1121.016,394.10434,0,0.64306307,,person
473.8754,17.199268,519.58435,119.59766,0,0.6148235,,person
697.0902,502.42758,771.4613,692.6432,0,0.6124837,,person
1032.1003,398.8356,1081.1444,549.3235,0,0.61064124,,person
0.0785923,615.4386,85.290504,781.8525,0,0.6017098,,person
195.45007,883.2228,310.84177,1080.0,0,0.60066926,,person
865.12213,0.0,903.1537,116.267105,0,0.5912206,,person
1782.2784,136.25693,1830.4784,253.35942,0,0.5848638,,person
1166.0043,102.317116,1221.4883,213.01553,0,0.5722266,,person
721.38654,24.719513,764.14514,148.94376,0,0.55330944,,person
938.59955,474.738,1019.5142,634.954,0,0.5438145,,person
201.26971,36.75934,266.3583,166.58319,0,0.5104415,,person
1382.1707,22.532959,1419.4744,154.93929,0,0.47842586,,person
335.7718,459.25995,389.49008,607.1451,0,0.4581272,,person
1533.4419,0.0,1595.9623,41.25872,0,0.41563886,,person
381.03763,484.2216,464.62985,640.5579,0,0.3191725,,person
1746.5297,256.69247,1819.3016,414.01688,0,0.30847552,,person
1220.9014,0.9467354,1253.759,75.06514,0,0.25666717,,person
1818.5146,502.67313,1917.9395,687.19855,0,0.82263917,,person
1171.3229,389.33133,1227.1909,526.6237,0,0.8090198,,person
922.06793,614.3116,1008.4725,800.3007,0,0.77592266,,person
1548.3354,158.1036,1606.1887,300.38058,0,0.7294901,,person
679.50586,83.977455,730.50604,216.46,0,0.7279793,,person
1252.3491,403.13956,1321.3506,574.609,0,0.7279369,,person
528.0259,756.3595,625.19714,931.45465,0,0.7268697,,person
899.5446,199.30865,958.20575,346.7221,0,0.7111531,,person
67.388405,109.774666,117.16011,235.85211,0,0.68796647,,person
819.4823,0.0,861.31824,118.33019,0,0.66814506,,person
506.93967,582.3403,585.21484,740.148,0,0.6635696,,person
1056.0062,249.57431,1122.9554,391.97223,0,0.65349394,,person
1827.59,136.00644,1880.9374,265.95392,0,0.65188676,,person
1169.791,100.889465,1221.3129,212.02368,0,0.607083,,person
939.62384,476.6456,1021.4482,642.2881,0,0.6030098,,person
864.4843,0.0,903.48083,115.832886,0,0.60232025,,person
1781.9316,136.63853,1830.7593,259.08554,0,0.58580935,,person
1033.3492,393.63574,1082.171,546.06006,0,0.584345,,person
197.4701,887.87164,312.01923,1080.0,0,0.5432311,,person
695.7277,497.84692,769.9303,690.2458,0,0.5233388,,person
721.6095,24.562695,762.97705,147.48418,0,0.5176125,,person
1382.1534,22.39635,1419.6483,155.19597,0,0.5120032,,person
201.52313,37.806244,266.91663,166.51483,0,0.49187174,,person
0.0,617.5317,86.11471,779.85394,0,0.47184715,,person
335.83148,459.10294,389.51816,606.70874,0,0.46017644,,person
476.13184,18.117119,526.68945,120.05946,0,0.45097035,,person
1533.8485,0.13972664,1599.6127,42.33638,0,0.42527816,,person
1746.7716,257.45947,1819.5406,417.10336,0,0.3454093,,person
1220.2943,0.28527832,1254.1886,75.45306,0,0.26920933,,person
381.09122,489.11472,467.35486,640.3385,0,0.2623376,,person
1818.82,511.76166,1915.6556,704.41754,0,0.83971405,,person
919.8829,630.02124,1011.6015,814.94293,0,0.80522627,,person
1171.1497,392.52167,1228.7546,525.85065,0,0.7999298,,person
527.9521,760.1034,626.2164,929.0775,0,0.75548357,,person
1250.1454,399.322,1322.3772,561.65424,0,0.74876934,,person
679.41144,80.54766,731.1356,215.94525,0,0.7058418,,person
1546.6195,155.82346,1605.5374,299.96603,0,0.70145786,,person
64.591484,110.765816,117.60048,236.6824,0,0.69872004,,person
1826.8184,139.16776,1884.2131,268.1705,0,0.68875307,,person
900.761,205.46219,958.7827,353.1667,0,0.68658906,,person
819.59564,0.0,862.6031,118.12669,0,0.6674061,,person
940.44324,479.02267,1024.2865,659.83594,0,0.6305982,,person
1173.06,96.46504,1222.9045,211.10907,0,0.6184695,,person
503.58865,588.16736,585.2042,752.1275,0,0.6136642,,person
1033.3119,388.59952,1081.2214,533.1468,0,0.60617006,,person
1057.008,244.78734,1118.6492,392.11618,0,0.59849966,,person
1782.609,139.25697,1831.5553,260.32132,0,0.59784806,,person
864.9656,0.0,902.94385,116.34991,0,0.58462054,,person
476.23782,19.017826,532.1408,117.342896,0,0.568391,,person
697.7769,492.3384,770.7111,684.2951,0,0.55883497,,person
199.94623,896.35657,310.9921,1079.7623,0,0.52389646,,person
201.3322,39.62888,265.01013,166.16858,0,0.50170887,,person
1382.3333,22.344406,1419.5663,154.53616,0,0.47844273,,person
723.5986,17.107224,761.7213,144.79428,0,0.45693654,,person
336.08102,458.6577,390.24756,607.7858,0,0.42649344,,person
0.13802719,620.3755,88.351715,779.0224,0,0.37237728,,person
1746.6932,258.95206,1820.5005,413.03394,0,0.2905745,,person
1819.3198,515.54156,1916.235,706.69763,0,0.79632336,,person
919.03564,631.9528,1012.01514,819.6755,0,0.79399097,,person
1170.3341,393.83606,1230.4934,525.00116,0,0.7727504,,person
527.6416,762.0257,624.42847,934.4521,0,0.7705885,,person
1251.2264,391.92764,1320.8713,551.9072,0,0.7271978,,person
1545.8947,154.8068,1605.4772,299.80463,0,0.72321546,,person
679.07947,78.73059,733.0435,215.57318,0,0.71717674,,person
1828.2466,139.37901,1885.3425,269.25186,0,0.70545703,,person
901.1583,205.99086,958.4511,353.73416,0,0.70145833,,person
62.535988,111.04439,117.40732,237.8334,0,0.6844199,,person
819.8139,0.0,863.1557,118.29067,0,0.64844775,,person
1782.7742,139.4415,1832.54,261.6297,0,0.6437166,,person
1031.7755,386.1352,1081.599,527.9178,0,0.6375778,,person
1173.7552,96.12577,1223.8778,207.46762,0,0.6302097,,person
944.0265,480.13394,1022.65564,661.9155,0,0.62348425,,person
504.19208,592.59283,584.3205,755.35223,0,0.61725235,,person
477.13522,19.141668,538.1542,117.74776,0,0.59589535,,person
866.9729,0.0,904.4934,113.83491,0,0.5576736,,person
697.4565,490.90268,768.616,680.0947,0,0.552442,,person
1058.3827,242.26904,1118.004,391.50815,0,0.53413635,,person
722.0211,13.780518,763.0863,143.6168,0,0.51598763,,person
1382.2991,22.418106,1419.498,154.76646,0,0.49449363,,person
201.09549,40.739937,264.37042,166.87387,0,0.48325205,,person
336.2231,458.69937,390.27,607.73267,0,0.4661527,,person
0.0,622.8393,90.56058,778.9865,0,0.41707757,,person
203.17026,904.3684,307.53333,1078.5483,0,0.36847812,,person
381.1254,485.61877,465.61743,640.87885,0,0.29669005,,person
700.4717,490.03793,771.09247,631.0523,0,0.2886864,,person
1746.5394,260.45657,1820.202,409.02063,0,0.26626638,,person
477.1765,19.58594,519.8368,116.448326,0,0.2659983,,person
1820.3778,521.1651,1916.3903,712.59033,0,0.806938,,person
1544.3248,153.51318,1604.0894,299.20462,0,0.76216173,,person
918.4312,634.2096,1010.46295,819.6094,0,0.75717646,,person
678.8228,78.19693,736.9327,216.59044,0,0.74158293,,person
527.26434,765.42993,623.4026,944.417,0,0.73770505,,person
1251.6929,387.5961,1319.9264,547.80365,0,0.7336914,,person
901.1787,206.74205,958.65643,354.798,0,0.7032363,,person
1168.1393,396.7262,1231.3237,527.22845,0,0.6910523,,person
61.7654,110.145676,117.30268,238.68443,0,0.68281215,,person
1829.5745,139.1919,1887.5259,269.62793,0,0.6742482,,person
1031.4767,384.64114,1081.3894,522.76196,0,0.66927814,,person
503.17712,596.8696,584.11,760.4227,0,0.6535009,,person
0.0,625.3768,97.49245,783.5472,0,0.64813554,,person
819.297,0.0,863.2716,117.87703,0,0.6275707,,person
940.9324,483.09503,1022.4081,659.68176,0,0.5990001,,person
697.71405,487.67728,766.3886,676.8252,0,0.59649724,,person
1173.9668,96.69777,1223.517,208.18011,0,0.5945072,,person
1783.4905,141.24083,1832.6499,261.80542,0,0.59360385,,person
479.72223,19.361206,541.74316,118.93657,0,0.5626175,,person
867.12036,0.0,904.16223,114.04216,0,0.5509552,,person
203.08202,910.0397,304.5207,1079.3159,0,0.5452337,,person
721.80035,10.9056015,761.27423,143.7054,0,0.54179496,,person
201.21045,40.123505,263.73395,169.00137,0,0.5186005,,person
336.1348,458.3929,389.82068,607.635,0,0.5005051,,person
1382.1527,22.170044,1419.429,154.47949,0,0.47202662,,person
1059.8772,242.08008,1122.3429,390.4889,0,0.46858856,,person
380.84958,484.7265,460.666,640.63275,0,0.32237822,,person
526.50885,769.71,620.39087,954.70404,0,0.78168464,,person
918.39825,636.6837,1008.11444,820.41437,0,0.77382356,,person
1820.8374,525.04913,1918.3949,719.8579,0,0.7628505,,person
1544.9553,152.41882,1603.196,298.48627,0,0.75273985,,person
901.32184,208.7417,959.5402,354.1454,0,0.75216305,,person
678.14594,77.83184,735.36145,216.70445,0,0.75093544,,person
205.40909,913.6991,305.84692,1079.1678,0,0.74006885,,person
1250.3959,385.1089,1319.7646,542.4549,0,0.7380559,,person
696.4045,482.41974,765.1258,669.5742,0,0.70409757,,person
502.35498,599.92017,583.28284,765.64984,0,0.69960713,,person
1032.4181,381.29535,1081.3933,515.7574,0,0.67543185,,person
482.5783,19.160145,540.68024,120.37679,0,0.67347115,,person
1831.2181,140.4657,1889.3223,269.74164,0,0.66377383,,person
61.717827,111.442566,116.334526,239.04529,0,0.66146165,,person
1166.5096,400.92154,1231.5009,532.398,0,0.66108096,,person
1782.487,142.78679,1834.2535,262.8752,0,0.6570228,,person
819.6665,0.0,862.604,117.388,0,0.6385706,,person
0.99199677,628.83624,98.30328,786.8068,0,0.6077564,,person
867.20984,0.0,904.7611,112.37121,0,0.5915405,,person
720.9465,9.468555,761.4637,143.20709,0,0.5743059,,person
1174.2722,94.26837,1225.3545,208.3944,0,0.56001854,,person
942.7394,484.2834,1024.7212,662.1407,0,0.5552771,,person
200.64029,43.79608,263.7475,168.89008,0,0.52487814,,person
1382.1832,22.188538,1419.4302,154.4811,0,0.49915326,,person
1060.8146,239.72786,1117.4799,389.1318,0,0.49317965,,person
335.94574,458.5167,389.39813,607.1928,0,0.4584463,,person
380.06085,483.9682,458.33176,640.5309,0,0.31069618,,person
941.59094,0.48858547,981.6559,84.20229,0,0.25590122,,person
208.28601,918.45905,308.00488,1080.0,0,0.80362844,,person
918.28674,638.23285,1006.7388,821.2533,0,0.7908695,,person
523.3523,774.0885,621.2513,965.11,0,0.78869665,,person
0.4881134,632.7849,104.35178,797.8843,0,0.7856452,,person
1823.0182,529.26086,1918.4886,726.42914,0,0.778156,,person
901.671,209.54384,959.9185,355.63525,0,0.73856694,,person
1545.478,151.7861,1601.6823,298.67184,0,0.73829293,,person
677.41235,76.556465,733.22876,214.66795,0,0.7326202,,person
501.04514,603.3668,582.11707,768.50085,0,0.7194906,,person
695.54297,478.39838,763.9266,662.3635,0,0.71676856,,person
1251.5809,381.75467,1319.0502,542.9186,0,0.70789284,,person
1165.9205,405.07516,1233.1862,541.3911,0,0.7037517,,person
1034.3289,377.3957,1080.8921,514.218,0,0.6860168,,person
59.799248,111.428474,116.78927,238.37704,0,0.6702811,,person
868.1512,0.0,905.6241,111.469,0,0.6353621,,person
1834.1008,142.31593,1889.8762,268.19772,0,0.6337227,,person
820.53064,0.0,862.56287,117.00794,0,0.6303999,,person
1782.4135,144.39055,1835.3134,264.5396,0,0.62702185,,person
942.36786,485.19534,1024.6014,660.3987,0,0.6247339,,person
200.44135,46.46775,263.66666,171.00948,0,0.58728004,,person
721.1401,8.051033,761.6747,141.53084,0,0.56419307,,person
1061.3141,237.97614,1118.3309,390.5789,0,0.5534274,,person
486.01685,18.965893,536.4842,118.521545,0,0.5421579,,person
1174.0715,93.115974,1225.2565,206.94577,0,0.49888003,,person
1381.9043,22.332985,1419.2391,154.56587,0,0.4840118,,person
335.90738,458.3682,389.17245,607.5019,0,0.4741679,,person
380.13666,482.7128,455.42523,640.82654,0,0.34078828,,person
1745.5217,263.83945,1821.3666,422.6683,0,0.33758804,,person
521.6163,785.3778,618.4712,979.58826,0,0.82458735,,person
918.84467,646.7412,1003.6657,820.4435,0,0.80564624,,person
213.02582,927.8161,311.24643,1079.8986,0,0.77862364,,person
499.68988,606.35803,578.8264,770.2372,0,0.7623323,,person
1543.255,146.09294,1601.7594,295.27863,0,0.75070685,,person
3.1004677,639.4094,108.434425,807.37775,0,0.74738413,,person
1161.9261,409.8794,1232.8396,552.709,0,0.7437979,,person
901.92535,210.67223,961.50824,355.60934,0,0.7268571,,person
1838.5753,143.42827,1890.3605,268.45175,0,0.7056083,,person
1824.6826,537.8516,1919.0881,732.6568,0,0.68468475,,person
58.01936,111.329544,116.538445,238.52106,0,0.68338543,,person
677.14935,72.11714,731.9338,213.18665,0,0.6790806,,person
697.6291,471.8813,764.30914,641.9852,0,0.6678903,,person
1249.5767,377.81625,1318.4708,541.9377,0,0.66614544,,person
1034.044,370.66187,1081.4858,511.088,0,0.65559584,,person
1781.7686,145.68562,1839.3948,268.67294,0,0.6406614,,person
821.222,0.0,864.36584,115.242714,0,0.6357657,,person
1176.7167,93.93711,1227.8478,204.3112,0,0.6204242,,person
201.16951,47.644363,263.65604,176.85765,0,0.5988994,,person
1062.1968,235.9405,1117.4342,385.90366,0,0.5642877,,person
869.2325,0.0,904.8853,112.10298,0,0.5625214,,person
943.8893,490.61948,1026.8035,663.7443,0,0.5541982,,person
335.41336,458.3867,389.00073,606.6924,0,0.5181073,,person
722.469,7.4103127,762.19794,140.74194,0,0.4840912,,person
1381.7366,22.318497,1419.7625,154.45491,0,0.4754398,,person
496.38693,17.348019,534.996,117.1369,0,0.44785687,,person
379.81268,486.92407,456.4088,641.24445,0,0.32316223,,person
1745.7444,268.8056,1821.2908,423.83524,0,0.2818319,,person
520.6229,789.5195,616.68243,985.57306,0,0.8236273,,person
215.0283,932.42377,313.47485,1080.0,0,0.81426513,,person
8.945045,645.43933,112.543144,813.6671,0,0.76579213,,person
919.27167,648.6323,1003.82794,819.9099,0,0.76338005,,person
1541.9509,144.94539,1599.564,293.37973,0,0.76248896,,person
903.1273,212.2039,960.30237,356.7163,0,0.7608618,,person
499.47006,608.034,576.67975,771.6184,0,0.7565785,,person
1162.0416,413.9351,1232.3016,558.7365,0,0.7392721,,person
1839.727,144.28212,1890.9398,267.82538,0,0.73036534,,person
678.88226,70.40627,728.1979,209.04272,0,0.71589726,,person
1248.7278,376.50577,1319.0417,541.05695,0,0.7017563,,person
1034.4791,369.29608,1081.0261,511.39215,0,0.6805084,,person
696.327,467.18924,764.7214,639.63007,0,0.6803852,,person
56.973015,111.57122,115.89704,238.98804,0,0.65687287,,person
1177.355,92.156456,1228.73,205.52103,0,0.65369606,,person
1825.9054,539.1374,1919.183,732.8063,0,0.6389786,,person
821.2432,0.0,863.92694,114.99042,0,0.63434833,,person
1781.8389,149.71326,1836.5347,267.59354,0,0.6204145,,person
1062.0862,234.08345,1121.8452,381.05496,0,0.5852764,,person
948.8225,492.67227,1030.2228,672.2707,0,0.5785553,,person
870.18054,0.0,904.4879,111.2539,0,0.57702225,,person
721.6384,13.524067,762.5656,139.41728,0,0.5342874,,person
1381.7067,22.261276,1419.578,154.30698,0,0.52621126,,person
201.19688,48.810886,263.78735,178.02397,0,0.5036779,,person
335.1474,458.41974,389.1875,606.3921,0,0.4986871,,person
501.06256,16.747702,532.344,116.97958,0,0.48683015,,person
1746.3674,267.89642,1822.5426,421.7319,0,0.3769482,,person
378.77252,483.79504,452.05252,641.31116,0,0.33376515,,person
1218.8444,0.18066788,1252.4407,75.86247,0,0.25448424,,person
215.9784,937.0064,318.62833,1080.0,0,0.86286163,,person
519.4409,792.6987,616.55597,990.598,0,0.82523525,,person
12.427734,649.02844,113.94114,817.31744,0,0.7818563,,person
902.54974,213.537,960.6601,358.24167,0,0.7746868,,person
498.1095,610.6528,576.17303,771.73083,0,0.75865394,,person
1163.4287,418.27478,1232.4642,561.62274,0,0.7536926,,person
919.20886,653.35925,1005.11316,819.83734,0,0.7472907,,person
1840.7249,144.91754,1890.977,268.0136,0,0.73933154,,person
1251.4006,373.57425,1318.4696,544.8344,0,0.7366574,,person
946.931,495.7425,1028.9293,677.28,0,0.7255799,,person
1541.8239,143.84312,1597.9808,291.22424,0,0.71685416,,person
679.37244,69.42828,728.6053,205.73149,0,0.70735955,,person
1034.1425,368.045,1078.6781,514.52295,0,0.6822279,,person
697.9834,465.92157,765.86957,633.3428,0,0.6820251,,person
55.533474,113.69087,115.738846,238.9027,0,0.65066856,,person
1826.3976,542.6913,1919.1694,733.29126,0,0.6463435,,person
1179.7596,90.49198,1230.5385,203.6267,0,0.6461706,,person
821.44135,0.0,861.5015,116.69044,0,0.6048006,,person
1781.8198,147.8182,1842.4563,267.05228,0,0.5908688,,person
1062.8928,233.68323,1121.287,377.12997,0,0.58451515,,person
870.3889,0.0,904.28064,110.99327,0,0.5577381,,person
719.52966,15.726494,762.4095,138.54146,0,0.55505496,,person
202.65518,50.422306,262.93158,179.89893,0,0.5490353,,person
1381.6677,22.44532,1419.7456,154.44383,0,0.53961277,,person
335.0359,458.484,389.5518,607.05396,0,0.50781417,,person
501.77234,16.200943,535.1148,114.68788,0,0.47524658,,person
378.73993,482.64294,453.18805,641.6367,0,0.3597574,,person
1747.9944,265.9682,1822.3689,347.173,24,0.2791374,,backpack
1218.008,0.3755293,1252.6146,76.100235,0,0.27632514,,person
377.0019,481.355,435.12863,624.44727,0,0.25221908,,person
773.64935,1022.74994,842.7131,1079.6235,0,0.2517349,,person
216.70189,938.6351,321.1988,1080.0,0,0.8872069,,person
517.4673,796.3416,614.8032,993.69745,0,0.86010885,,person
919.6996,654.35046,1005.41455,826.5626,0,0.8087836,,person
15.4697,650.18414,116.93443,819.3619,0,0.8000501,,person
903.12103,214.1867,960.32263,360.24316,0,0.7808392,,person
947.76965,499.15085,1031.5485,683.4049,0,0.75172764,,person
1827.5043,544.4568,1919.1991,731.45105,0,0.7388299,,person
498.362,611.3643,575.81085,769.5259,0,0.72715974,,person
1161.8091,418.73157,1233.0704,560.05914,0,0.7094885,,person
1539.8844,143.0485,1596.0004,285.51883,0,0.7033441,,person
1250.2822,372.16068,1318.2206,542.82153,0,0.6989822,,person
1839.1227,145.85889,1891.2667,269.47723,0,0.69890386,,person
678.8736,65.55096,729.1401,201.13669,0,0.6954765,,person
697.10254,462.78918,766.3281,631.98456,0,0.6626637,,person
1034.2899,366.69104,1077.5695,514.5542,0,0.629496,,person
54.91667,114.16731,116.17999,239.06401,0,0.62248677,,person
1064.8723,232.56766,1122.754,374.77176,0,0.60954297,,person
719.2811,15.64583,762.6985,136.11037,0,0.60696614,,person
202.56125,49.927326,262.3396,181.4582,0,0.60079557,,person
822.1714,0.0,861.90344,113.84917,0,0.592199,,person
1181.6294,89.62578,1230.5201,201.89735,0,0.57048935,,person
769.3892,1015.1283,850.25116,1080.0,0,0.5646599,,person
870.40796,0.0,904.0353,109.84218,0,0.5631694,,person
1782.4652,149.04218,1844.4666,269.02817,0,0.5411215,,person
502.92023,18.038166,540.99536,114.822586,0,0.5284981,,person
1381.4707,22.242554,1419.5464,154.06963,0,0.5155793,,person
334.5424,458.62994,389.09995,606.0563,0,0.4849532,,person
378.65735,483.20453,456.65863,641.3086,0,0.3360763,,person
1746.7578,269.93832,1823.5837,420.8161,0,0.30181172,,person
448.8751,482.5609,507.41006,612.6689,0,0.2503039,,person
217.78853,941.0516,322.0473,1080.0,0,0.8778927,,person
518.0316,799.8406,613.0262,995.306,0,0.82166564,,person
19.37756,653.084,117.732956,818.307,0,0.8157579,,person
919.2733,656.2598,1004.2097,838.02246,0,0.81380093,,person
901.18475,215.48955,959.2464,362.99207,0,0.80350333,,person
1829.636,546.7194,1919.0522,733.7046,0,0.7557749,,person
498.06454,614.996,576.6043,768.72845,0,0.75149095,,person
1247.0538,370.16647,1316.8807,539.1508,0,0.73428977,,person
1538.7942,139.27235,1595.3796,277.19882,0,0.7274312,,person
1034.4392,365.65063,1076.5919,513.9816,0,0.7031054,,person
769.0033,1010.254,849.44226,1080.0,0,0.6868794,,person
1162.7798,420.9711,1232.662,560.2693,0,0.68308204,,person
678.8107,63.916557,730.1182,196.04599,0,0.6829006,,person
54.556824,114.12444,116.44224,238.84013,0,0.66750103,,person
1839.3231,147.31532,1891.2822,271.49658,0,0.66306305,,person
949.19073,499.68915,1033.592,686.65704,0,0.662725,,person
695.77356,459.32358,765.5472,633.4363,0,0.6619095,,person
1065.6478,229.83646,1124.7012,370.7394,0,0.63661414,,person
203.74242,52.285233,262.574,182.97983,0,0.6285584,,person
1181.8236,86.14025,1232.9327,200.90645,0,0.60968685,,person
719.78357,11.555946,762.3787,133.8313,0,0.5680817,,person
821.8429,0.0,862.2125,111.18307,0,0.5439139,,person
505.4506,17.779404,545.3025,118.403915,0,0.5430745,,person
1381.6769,22.173569,1419.5468,154.21779,0,0.52781326,,person
334.92792,460.94284,388.8188,611.6107,0,0.51114446,,person
870.21625,0.0,905.055,109.17499,0,0.5095512,,person
1783.1115,148.11136,1846.4894,266.9295,0,0.5076987,,person
1747.4355,269.79675,1823.6558,424.32663,0,0.35200486,,person
379.12097,484.36212,455.4797,641.3863,0,0.341322,,person
449.73752,483.60205,507.20737,612.36755,0,0.25093547,,person
516.0749,808.3226,611.7573,994.8298,0,0.80900365,,person
922.9942,665.98785,1005.917,857.89856,0,0.80772007,,person
899.4849,218.55652,960.5616,371.7813,0,0.8051658,,person
22.623459,656.6049,120.29466,816.68304,0,0.79632103,,person
498.00412,621.9643,574.7271,774.9622,0,0.7798752,,person
1536.9768,134.52382,1595.234,274.59164,0,0.76415884,,person
1833.1849,551.5045,1918.3304,732.6207,0,0.7607655,,person
217.80423,951.4367,324.3383,1080.0,0,0.7548654,,person
949.03076,509.51166,1036.5596,694.39874,0,0.7278248,,person
678.802,60.638603,729.9285,196.06197,0,0.71909297,,person
1247.6056,366.6334,1314.5764,532.1905,0,0.71755475,,person
697.5134,454.2705,767.57886,625.9784,0,0.70301515,,person
1033.6952,364.58157,1076.0944,509.44785,0,0.6864379,,person
1168.5455,425.6119,1232.5977,560.61957,0,0.66475046,,person
1839.1447,149.82878,1892.9594,277.3244,0,0.63353264,,person
764.67883,998.60486,850.47473,1080.0,0,0.6327976,,person
718.6582,7.283718,762.5971,130.294,0,0.6242973,,person
204.62613,53.76226,262.7082,182.10979,0,0.6189951,,person
1065.1371,222.93279,1125.7926,366.68805,0,0.6181589,,person
52.700558,114.04917,116.415,238.52692,0,0.6081723,,person
1182.6421,81.62043,1232.6321,195.49069,0,0.58294016,,person
509.7258,18.544207,553.1602,116.6567,0,0.5825988,,person
1381.5653,22.101362,1419.1558,154.14493,0,0.5604334,,person
821.5082,0.09738922,861.50244,109.45846,0,0.53628695,,person
334.64716,460.91702,388.68213,611.2792,0,0.5352605,,person
871.2517,0.0,907.6527,110.70165,0,0.4286498,,person
1784.9231,149.07074,1849.3689,270.47354,0,0.418587,,person
935.9509,0.75038624,986.9731,95.55421,0,0.35074148,,person
449.1081,482.2361,506.97473,613.27216,0,0.32700333,,person
379.4056,485.49637,461.15707,641.4908,0,0.3177494,,person
1594.5842,1.1550407,1642.0928,44.18391,0,0.25649944,,person
900.0945,222.35078,960.75256,374.00986,0,0.81549555,,person
922.3085,671.231,1006.76,862.1496,0,0.8115295,,person
515.00726,811.9794,611.84625,994.94586,0,0.802331,,person
218.33813,958.3528,325.90567,1080.0,0,0.80226505,,person
1536.3579,131.7214,1594.038,273.82776,0,0.7987687,,person
21.405052,658.79407,123.493675,815.90955,0,0.79246527,,person
498.32693,623.13416,574.1225,781.9321,0,0.7795413,,person
1837.2631,552.85895,1919.618,731.7305,0,0.7492548,,person
950.68524,513.8081,1038.475,698.5272,0,0.7470344,,person
678.92285,58.34275,730.9907,194.7393,0,0.7092169,,person
697.1973,452.13843,768.1707,631.4732,0,0.70648694,,person
758.27545,992.47107,849.7024,1080.0,0,0.7036793,,person
1245.1267,364.2343,1314.026,524.1074,0,0.68459654,,person
1033.6066,361.7655,1076.1416,507.56158,0,0.6826714,,person
512.10614,19.340092,561.3207,117.17318,0,0.6772499,,person
1839.026,151.1398,1893.3783,280.98474,0,0.65219605,,person
1064.6272,220.88887,1125.043,364.48682,0,0.64395046,,person
1182.6981,81.6031,1232.8031,193.22649,0,0.64115196,,person
717.6136,6.855686,762.6925,128.68588,0,0.6383007,,person
204.41185,53.473457,263.22568,182.59167,0,0.63757,,person
51.44861,113.625114,114.69983,238.29938,0,0.62991726,,person
1171.2129,426.79404,1232.5156,552.59314,0,0.6182928,,person
1381.4214,22.025116,1418.8555,153.94542,0,0.57509446,,person
822.0187,0.0,862.65454,108.759636,0,0.54707474,,person
334.6299,460.93143,389.07175,611.6966,0,0.5293267,,person
870.865,0.0,907.4026,109.89217,0,0.4469069,,person
1786.0514,151.35927,1847.5763,275.0008,0,0.4458002,,person
1748.3047,273.9213,1823.3018,439.0761,0,0.40654567,,person
934.6904,0.92534924,987.1564,96.415764,0,0.37864625,,person
379.864,488.12018,467.69028,641.7413,0,0.3230434,,person
1750.0529,406.02036,1796.035,440.1113,30,0.31062552,,skis
1003.6443,2.2660818,1039.0433,91.40669,0,0.28262243,,person
449.316,482.0408,506.82687,613.46124,0,0.280961,,person
901.63556,228.03433,961.85876,376.4008,0,0.8309963,,person
1534.7004,130.6608,1592.9467,270.90366,0,0.8081393,,person
923.6551,676.75934,1006.38525,868.05676,0,0.8080801,,person
219.19647,963.38617,327.43884,1080.0,0,0.79272085,,person
21.632973,659.89966,124.52962,821.93243,0,0.7817951,,person
514.0815,813.92065,611.0787,997.03564,0,0.7723389,,person
953.5461,514.78253,1038.2521,708.30597,0,0.7675008,,person
758.35754,989.1879,848.9083,1080.0,0,0.7615161,,person
496.7991,628.70105,574.7218,791.3718,0,0.7435413,,person
1244.4731,356.23782,1312.0903,517.5325,0,0.7129834,,person
1034.1775,358.65024,1075.4348,504.29315,0,0.7129231,,person
695.5998,448.4674,766.3155,635.66455,0,0.7006642,,person
1063.3806,217.74733,1126.1364,365.31088,0,0.6878211,,person
678.00134,59.629715,730.7053,194.8353,0,0.6821692,,person
1838.2139,557.18024,1919.624,737.12256,0,0.6813365,,person
514.10156,20.228891,567.3514,118.354614,0,0.66661984,,person
1842.1882,152.26689,1893.0491,284.48688,0,0.6450776,,person
716.97327,5.450981,763.6373,126.20162,0,0.639876,,person
204.63132,53.50026,263.31033,182.67372,0,0.623322,,person
1381.4657,21.953281,1418.8763,153.80667,0,0.5871813,,person
52.10486,114.56346,112.23871,238.06448,0,0.56483877,,person
1182.5281,81.51908,1233.6068,192.1693,0,0.5583708,,person
821.95776,0.035648346,861.6651,106.30944,0,0.5531655,,person
334.46155,460.5634,387.93558,610.26227,0,0.5259031,,person
1173.0427,433.07886,1231.2593,557.3928,0,0.5230087,,person
870.17065,0.0,907.4304,106.089554,0,0.45285743,,person
1786.0009,153.14516,1847.9667,273.89163,0,0.3866604,,person
934.97815,0.78525925,986.38556,98.38063,0,0.36840922,,person
1748.8789,280.45963,1823.7332,440.99405,0,0.35631746,,person
1596.2941,1.7592487,1660.5304,43.981743,0,0.33052713,,person
379.65723,489.76227,467.38104,641.4253,0,0.30260223,,person
1003.35516,2.4632149,1039.2147,94.21488,0,0.27308485,,person
1751.9714,416.9555,1798.5286,444.8606,30,0.2718861,,skis
900.69653,229.66855,959.8242,380.19702,0,0.8337601,,person
1533.2634,130.6648,1593.1107,270.5624,0,0.7998735,,person
755.34863,984.98346,849.5612,1080.0,0,0.78707385,,person
925.4791,681.51013,1010.7852,873.1304,0,0.7839819,,person
496.03418,633.39813,573.6511,797.4771,0,0.77570266,,person
23.06314,664.1426,125.56515,826.84863,0,0.76941884,,person
953.6236,517.32935,1037.2327,709.45276,0,0.7249984,,person
515.3756,813.59875,612.24133,996.6901,0,0.7212729,,person
1243.3555,351.57037,1311.7655,511.03912,0,0.7203434,,person
1841.0607,559.47845,1919.5704,749.91656,0,0.719203,,person
697.0897,447.06345,769.5193,635.3266,0,0.69322187,,person
220.00708,969.9731,328.2007,1080.0,0,0.6669795,,person
1841.2476,154.62209,1892.7969,287.11816,0,0.6650624,,person
1035.7802,356.49042,1076.6288,497.38,0,0.6524848,,person
677.6346,57.623703,730.61945,193.77141,0,0.6486775,,person
717.2479,5.562561,763.8662,124.86589,0,0.63894033,,person
204.25009,53.89132,263.75003,180.51819,0,0.636933,,person
1063.3613,216.72858,1126.2189,364.3125,0,0.63091636,,person
52.193367,114.73991,110.94264,238.72716,0,0.59678674,,person
1381.3632,22.043644,1418.557,153.92546,0,0.5865649,,person
1181.8634,81.7554,1231.8373,193.06769,0,0.5832394,,person
516.16003,18.49625,572.3641,118.14114,0,0.56868714,,person
1173.8448,432.91776,1232.5928,563.02185,0,0.5493279,,person
334.38293,460.55273,387.87335,609.7987,0,0.53298545,,person
822.50446,0.0,862.52106,105.73508,0,0.4865204,,person
870.2683,0.0,907.5429,104.84933,0,0.48380056,,person
1787.9304,154.4013,1848.2981,273.4641,0,0.43596306,,person
1748.5089,284.43576,1823.8077,443.88318,0,0.37371856,,person
934.7485,0.43691254,986.7508,99.434395,0,0.32640934,,person
379.1673,492.46857,466.7548,641.15533,0,0.31908375,,person
1182.0657,81.768036,1232.1288,160.17888,0,0.30978,,person
1749.6383,282.6275,1824.6266,361.0295,24,0.25368345,,backpack
756.6255,982.34296,849.8531,1080.0,0,0.82740176,,person
900.6667,230.55867,958.7917,383.6504,0,0.8211853,,person
1532.419,129.8558,1592.3483,272.82037,0,0.79406416,,person
495.91116,635.3357,572.4721,800.3597,0,0.7474666,,person
23.890366,667.72797,127.93231,834.8716,0,0.7376609,,person
954.37756,520.9714,1036.4165,711.8493,0,0.7241866,,person
514.5324,819.9696,616.1772,995.2984,0,0.720341,,person
926.22986,685.07117,1013.4547,872.66,0,0.711269,,person
1843.9182,562.01447,1919.5627,762.3954,0,0.7108071,,person
1242.9196,347.82983,1311.5958,504.17947,0,0.7052918,,person
1840.5924,154.66351,1892.7661,288.10703,0,0.7025955,,person
696.61365,444.7997,770.82886,635.7785,0,0.6908569,,person
715.4821,2.0179539,764.52856,122.25897,0,0.6274852,,person
677.27484,57.44108,730.41724,192.75618,0,0.616582,,person
1182.2281,81.97989,1230.9177,193.39885,0,0.61496896,,person
204.46921,54.749702,264.29306,181.14182,0,0.6089189,,person
1063.9279,215.90305,1126.1755,365.0797,0,0.6079786,,person
220.17645,975.6273,326.54126,1080.0,0,0.5903323,,person
1381.1887,22.079847,1418.7184,153.89847,0,0.57797986,,person
51.58255,115.11581,110.68137,238.65193,0,0.5737807,,person
1034.8708,352.83224,1075.8026,491.42844,0,0.56993794,,person
1748.6528,285.07462,1825.021,446.74585,0,0.53775644,,person
517.43097,21.079948,572.4572,116.82193,0,0.5319509,,person
1173.3296,437.23636,1233.3802,572.01733,0,0.5269539,,person
334.31418,461.1688,388.8527,611.6932,0,0.5166516,,person
822.29266,0.24832535,862.1384,105.55751,0,0.47825614,,person
871.37897,0.0,907.2673,103.10033,0,0.45262188,,person
1788.9467,154.86191,1849.3744,274.3557,0,0.4406633,,person
934.3145,0.0,987.16425,100.17188,0,0.40780216,,person
1003.5756,1.948657,1039.5532,96.24298,0,0.3132977,,person
1788.3113,179.68295,1833.7405,272.54388,0,0.27401823,,person
378.35886,496.0382,471.5645,641.19104,0,0.26132727,,person
1750.6492,284.02414,1825.8455,361.97745,24,0.25693333,,backpack
449.03094,482.5156,506.21048,613.905,0,0.2564923,,person
494.77994,642.88477,573.2708,810.3463,0,0.82814544,,person
928.04315,694.7411,1016.2187,882.6004,0,0.8075565,,person
757.4528,971.7232,849.82733,1080.0,0,0.78523904,,person
1530.0754,127.722404,1590.1018,269.52536,0,0.77221936,,person
900.8392,233.37245,958.94,384.6014,0,0.7580961,,person
954.72034,522.74243,1038.5588,714.79755,0,0.7305163,,person
514.73,825.9461,618.20123,1008.4473,0,0.72993803,,person
1239.6113,342.90002,1310.1168,496.9207,0,0.7280501,,person
25.321552,675.5449,132.0834,849.9756,0,0.725269,,person
1840.6589,573.16846,1919.4924,775.28357,0,0.72487044,,person
697.27625,436.16565,770.554,631.3599,0,0.7114579,,person
1843.8212,155.82047,1894.0565,288.84476,0,0.7032103,,person
224.19884,990.362,324.26987,1080.0,0,0.6513723,,person
1174.2266,441.99747,1235.6396,579.4908,0,0.63061255,,person
677.3881,51.944206,730.36694,191.76715,0,0.6269737,,person
1032.9691,345.54254,1076.5673,480.1637,0,0.6218866,,person
1065.0653,215.62134,1124.6863,363.82034,0,0.61678493,,person
716.2879,1.6936455,764.66437,120.50703,0,0.58200294,,person
1380.8287,22.087475,1418.4569,154.00972,0,0.5760794,,person
204.72166,57.588684,266.02106,181.39157,0,0.56669134,,person
522.324,20.179482,575.3189,117.24264,0,0.5657729,,person
50.34129,114.75151,105.18704,238.06197,0,0.55430585,,person
333.0714,461.4179,388.95172,611.3498,0,0.5319084,,person
1180.901,81.098854,1233.9426,193.39078,0,0.53060466,,person
1793.4613,157.69876,1851.1674,275.9924,0,0.44794887,,person
821.8306,0.0,863.2703,105.50544,0,0.42311898,,person
1750.1627,285.84824,1827.9613,447.8941,0,0.41449484,,person
380.40182,484.4916,467.9808,641.7317,0,0.3967028,,person
872.37726,0.0,907.4445,103.82341,0,0.38584122,,person
933.54895,0.0,986.7125,101.507744,0,0.3722559,,person
1835.6426,584.5934,1911.033,733.747,0,0.31792694,,person
1004.6499,1.4743195,1038.8657,97.87159,0,0.2852352,,person
954.7139,590.7382,1015.7646,657.982,26,0.27881038,,handbag
449.95462,482.93115,506.1213,613.97424,0,0.27711788,,person
1598.4005,0.05999279,1676.3383,43.669487,0,0.26979694,,person
927.3098,696.7336,1017.5942,883.425,0,0.829625,,person
515.1046,830.89935,618.15796,1020.1773,0,0.7967088,,person
1528.9728,126.43545,1589.9447,270.32245,0,0.7871255,,person
494.8863,643.59357,571.5892,816.02344,0,0.7836898,,person
756.8942,967.4295,851.1332,1080.0,0,0.7816545,,person
26.774803,679.12317,134.44507,859.5359,0,0.7559041,,person
1238.6342,339.68356,1310.9637,497.3911,0,0.7342584,,person
955.2012,523.63586,1039.5483,714.1483,0,0.73282826,,person
696.06433,433.51804,771.2535,627.01855,0,0.7287409,,person
900.5721,234.58237,958.9406,383.75958,0,0.7151327,,person
1843.7651,574.6916,1919.4844,778.9666,0,0.7065265,,person
1844.3643,155.67386,1895.2273,288.7412,0,0.7046186,,person
1173.8726,445.9976,1236.8894,586.1047,0,0.6600438,,person
225.86453,994.79175,324.34854,1080.0,0,0.6352445,,person
677.77094,53.80834,730.7069,191.61205,0,0.6165241,,person
1033.0166,343.97226,1076.4375,478.58417,0,0.6093855,,person
1065.5476,214.46855,1125.6431,364.18478,0,0.5988284,,person
716.1586,1.0178261,764.7279,120.49183,0,0.58618003,,person
1380.4388,22.077993,1418.39,154.48206,0,0.58112043,,person
50.288063,114.75657,104.22201,239.16826,0,0.5509141,,person
333.16757,461.4515,388.859,611.2661,0,0.5334919,,person
521.69226,19.985464,577.97614,116.22876,0,0.5241777,,person
1180.1102,80.26975,1234.7042,193.53938,0,0.4815984,,person
204.34286,58.396824,267.03015,183.70766,0,0.43060255,,person
1794.6808,156.44174,1854.2926,281.2737,0,0.42754626,,person
379.26556,477.5713,463.85663,641.82935,0,0.4267269,,person
822.2282,0.0017051697,864.01855,104.73109,0,0.4028626,,person
1748.461,285.04367,1829.7753,448.6974,0,0.38303104,,person
871.7027,0.7007675,909.8132,100.15988,0,0.38180396,,person
932.8925,0.0,986.6739,101.21237,0,0.3655314,,person
1180.8608,81.30283,1234.967,158.35922,0,0.32797843,,person
1003.48816,1.0630188,1038.666,97.365234,0,0.31358957,,person
1867.5989,569.10284,1919.4434,778.3428,0,0.30534503,,person
449.62482,481.40634,505.93524,613.9139,0,0.3009695,,person
954.8736,591.9956,1012.2856,668.76276,26,0.29697168,,handbag
954.39166,586.96234,1032.7296,712.2012,0,0.2576923,,person
927.061,697.07825,1019.5871,883.1263,0,0.8302658,,person
755.7102,962.3214,851.6604,1080.0,0,0.8280251,,person
1528.1774,124.09527,1589.1548,269.5184,0,0.81095105,,person
514.95953,836.1784,620.0046,1031.9965,0,0.7857315,,person
1239.5361,338.663,1309.4692,496.3764,0,0.77727294,,person
494.47046,646.5989,571.9122,819.98474,0,0.75623804,,person
697.8168,431.85446,771.3087,611.0991,0,0.736723,,person
899.96436,235.19174,959.2658,384.09497,0,0.7353188,,person
28.783688,684.7956,136.49171,860.7206,0,0.7323804,,person
1845.106,156.29288,1895.6815,287.75867,0,0.69716483,,person
1838.5682,577.60645,1919.4796,784.13293,0,0.6861996,,person
1032.044,342.45016,1076.6766,476.8916,0,0.64779305,,person
955.6919,526.61664,1040.8531,713.6296,0,0.64364755,,person
679.26044,52.95582,729.45074,189.05879,0,0.6426174,,person
1065.3611,212.55835,1123.3396,362.2661,0,0.63180447,,person
1380.355,22.088951,1418.0454,153.93947,0,0.6147267,,person
1175.606,452.41425,1236.5226,588.20526,0,0.6141558,,person
718.3353,1.1603622,764.48505,119.20752,0,0.6075785,,person
230.72813,1000.7849,324.82858,1080.0,0,0.5681033,,person
204.46417,59.204155,267.72812,184.10838,0,0.54994273,,person
333.4207,461.83548,389.22473,611.84625,0,0.5420877,,person
49.65961,114.13372,103.02256,239.85036,0,0.53319204,,person
1180.0312,79.63094,1237.003,192.87755,0,0.4933766,,person
1795.0295,156.10176,1856.0842,282.2047,0,0.4886055,,person
526.12396,19.077244,578.0717,116.12369,0,0.4866306,,person
379.2889,475.29758,463.4344,642.33673,0,0.44019243,,person
822.55536,0.35806274,862.94476,103.05972,0,0.42059082,,person
931.6829,0.0,985.35406,103.473885,0,0.4193477,,person
1003.3116,0.8280945,1038.0677,96.930244,0,0.4036175,,person
1748.8011,288.79263,1829.9081,451.39673,0,0.37861624,,person
871.3232,1.108017,910.25085,101.39603,0,0.3699566,,person
449.9539,481.10992,505.9327,613.52014,0,0.34587783,,person
955.3664,595.4606,1009.55994,662.41034,26,0.30519772,,handbag
927.88806,696.7413,1022.7627,882.4254,0,0.85381556,,person
756.63354,958.6703,849.54034,1080.0,0,0.78782374,,person
1238.6423,337.64935,1308.7435,498.047,0,0.76597977,,person
516.0097,840.271,619.7732,1039.3678,0,0.7566595,,person
1526.3368,124.31085,1586.1724,270.30377,0,0.7537161,,person
697.51434,430.18735,773.4011,606.2241,0,0.734919,,person
1844.7429,156.92404,1896.011,287.70734,0,0.72349864,,person
495.4432,651.88165,572.2411,821.30475,0,0.71878624,,person
899.3538,235.64291,957.3532,384.13046,0,0.69954485,,person
528.7085,18.140488,578.18964,116.84065,0,0.6895484,,person
678.72296,49.90171,729.4117,186.3231,0,0.6749729,,person
955.42255,529.9576,1041.2524,711.36237,0,0.6511404,,person
1177.0074,454.57443,1235.7076,598.9699,0,0.6377695,,person
30.75206,689.30347,138.22311,867.7562,0,0.6360927,,person
1065.7095,211.3276,1122.4308,359.15552,0,0.62787604,,person
1380.5886,21.86178,1418.1765,154.5476,0,0.6095571,,person
1031.7993,341.69302,1075.3843,475.29684,0,0.6051786,,person
1179.7625,77.80378,1235.3705,191.2394,0,0.57125324,,person
720.30084,1.3315659,765.1295,117.66321,0,0.55263555,,person
204.67159,58.543144,268.33038,187.30856,0,0.52563035,,person
230.10022,1006.8254,325.59668,1080.0,0,0.5157051,,person
1795.0914,156.82225,1856.6683,284.50073,0,0.47778496,,person
49.96987,114.59857,99.02669,238.90356,0,0.45832154,,person
334.3557,462.22787,389.6487,611.6734,0,0.44587493,,person
932.66785,0.0,985.03253,103.010605,0,0.4421626,,person
1750.0529,291.5029,1831.173,454.40268,0,0.413676,,person
378.07364,475.33667,463.5696,641.68036,0,0.41237977,,person
1835.9875,584.2837,1919.4082,784.6548,0,0.3834234,,person
822.7769,1.2162437,862.80963,105.375046,0,0.37678462,,person
1834.4623,582.20233,1919.0782,789.74274,16,0.35187742,,dog
1004.2455,0.7602196,1037.9989,97.27755,0,0.3464499,,person
450.15088,482.32626,505.9855,613.4456,0,0.31938037,,person
871.7527,1.2107162,910.1019,99.263306,0,0.3023791,,person
1797.5958,175.14839,1842.9708,283.07706,0,0.3011284,,person
1180.0474,75.793304,1234.5806,154.26466,0,0.25356597,,person
928.67175,700.9063,1022.8839,881.18463,0,0.83857596,,person
757.59985,953.1957,851.2041,1080.0,0,0.7914126,,person
515.86383,846.458,621.57794,1045.3248,0,0.7688866,,person
1239.2532,335.70273,1307.7958,497.89197,0,0.75448483,,person
1527.0549,121.74974,1586.328,268.12088,0,0.75167763,,person
494.11057,656.9641,573.4384,821.1885,0,0.74402684,,person
697.123,426.9952,773.4144,599.11615,0,0.7345998,,person
1846.9971,160.55067,1895.7148,287.06088,0,0.7184968,,person
898.2977,236.7566,958.7476,384.1595,0,0.69971806,,person
1178.9489,454.03006,1238.2747,600.0484,0,0.6985161,,person
681.3574,47.42473,729.18274,182.29094,0,0.68583596,,person
531.92145,16.73647,578.55273,118.3652,0,0.67792153,,person
31.462074,695.3264,141.23842,870.9066,0,0.6398842,,person
1064.9738,209.38234,1122.4099,357.425,0,0.6306639,,person
721.83856,1.5686646,766.17615,116.10981,0,0.6081843,,person
1380.5332,21.885847,1418.0575,154.65895,0,0.60770816,,person
957.2818,534.78827,1042.9966,711.9064,0,0.59623677,,person
1031.9114,339.98563,1073.588,474.18805,0,0.5855098,,person
1839.1439,588.83374,1919.2643,792.35,0,0.5645367,,person
1179.2853,74.97377,1237.5194,188.47922,0,0.5566298,,person
231.7615,1008.77014,325.6919,1080.0,0,0.515845,,person
932.5126,0.0,985.16986,103.673744,0,0.49933782,,person
49.398468,116.33185,98.6215,238.35196,0,0.496467,,person
204.41478,59.06048,268.2977,190.25739,0,0.49195853,,person
1795.0515,160.12619,1855.4825,286.6375,0,0.48710525,,person
1749.3651,294.09964,1833.9694,455.12296,0,0.43938664,,person
334.3594,462.47043,390.55823,611.86066,0,0.43601796,,person
378.93912,476.03653,463.13452,641.4459,0,0.40587506,,person
1003.9433,0.6505852,1038.2587,98.52699,0,0.3649116,,person
822.8821,1.8188896,862.1822,104.52491,0,0.33220288,,person
450.67355,481.82254,505.82913,613.3455,0,0.3242445,,person
871.793,1.167572,909.8063,98.017006,0,0.26551473,,person
928.3969,704.612,1025.375,883.4804,0,0.83416986,,person
759.9238,940.6569,851.45605,1080.0,0,0.831988,,person
516.48584,851.61694,623.6269,1055.5411,0,0.80848366,,person
897.09595,238.33305,958.04736,385.9704,0,0.7879015,,person
1238.0923,329.86533,1307.7874,493.32147,0,0.7561783,,person
696.29333,419.9793,771.6951,587.6706,0,0.7452599,,person
1529.3066,121.18172,1583.5463,265.72662,0,0.730484,,person
1847.2258,161.0364,1897.103,287.3389,0,0.71983945,,person
1181.3928,457.78574,1241.715,599.4787,0,0.7069323,,person
681.2117,43.418106,729.94116,172.55067,0,0.6931257,,person
491.87823,659.1323,571.57275,822.029,0,0.6924628,,person
1063.6326,204.69196,1125.0941,351.14813,0,0.66011125,,person
961.91406,541.3817,1045.9456,725.6147,0,0.6488682,,person
719.8521,0.0,767.426,112.22248,0,0.644795,,person
1028.8555,334.64557,1073.2769,475.43408,0,0.62005335,,person
542.2658,14.541807,576.2097,115.67068,0,0.6149962,,person
1855.1171,591.42505,1919.4233,795.15753,0,0.59839165,,person
1380.4224,21.796434,1417.7772,154.38988,0,0.5911481,,person
1177.8264,74.11672,1240.1855,183.17537,0,0.57852787,,person
1792.9435,163.64845,1855.4183,292.25128,0,0.5288907,,person
41.438255,699.2937,143.79942,869.6111,0,0.51483774,,person
933.9276,0.0,984.6332,105.73045,0,0.51053923,,person
46.915146,117.650215,98.662834,241.10092,0,0.49567643,,person
234.12868,1018.87463,323.02628,1080.0,0,0.49346948,,person
202.87253,62.693916,268.51614,194.38057,0,0.4391271,,person
204.23576,71.74381,267.74283,194.38112,3,0.43548125,,motorcycle
1754.2046,297.34735,1836.3633,453.73187,0,0.42824858,,person
334.1986,462.7469,391.11218,611.48987,0,0.4192952,,person
958.36066,610.475,1004.4688,666.9676,26,0.37975174,,handbag
377.49792,476.55087,464.62793,641.01746,0,0.3737382,,person
1003.2248,1.1186028,1037.1589,99.88534,0,0.3293207,,person
870.63135,1.0587387,910.22644,97.647285,0,0.31397402,,person
822.6132,1.9844742,862.0373,104.643036,0,0.3043701,,person
1892.5156,0.0,1919.1223,58.511524,0,0.29732552,,person
760.08185,936.1124,851.89166,1080.0,0,0.85665536,,person
929.2421,710.26874,1025.1888,894.4617,0,0.8456195,,person
517.2485,857.32526,623.7062,1056.3286,0,0.8151521,,person
898.02905,240.48834,958.0025,386.35052,0,0.76591456,,person
1240.1713,327.04828,1307.319,491.61084,0,0.7510793,,person
1527.8141,118.02381,1581.9851,259.90137,0,0.70754635,,person
1182.9468,460.25647,1242.6879,599.0243,0,0.7071115,,person
961.7208,545.5633,1046.6096,734.3624,0,0.7062503,,person
683.1158,42.15072,730.0225,171.31302,0,0.7027351,,person
1063.6238,202.32372,1125.4501,347.22522,0,0.67092794,,person
721.9109,0.0,767.1524,110.90831,0,0.6568964,,person
1847.2966,161.47343,1897.7067,286.97748,0,0.65452677,,person
695.0148,419.27444,772.9805,581.03174,0,0.63443226,,person
1179.3312,72.72487,1239.1744,181.36578,0,0.6336716,,person
491.77423,661.979,571.64685,822.9591,0,0.6237394,,person
1029.0304,334.7611,1072.4803,474.73553,0,0.58982795,,person
1380.2772,21.968971,1417.7408,154.38474,0,0.5676181,,person
546.8144,16.163097,576.8895,116.92459,0,0.56705564,,person
933.92523,0.0,984.566,107.34496,0,0.5434472,,person
202.37326,63.024765,269.21558,195.86652,0,0.5238258,,person
46.579834,117.98749,98.34238,243.20215,0,0.51627284,,person
1791.225,162.77902,1857.9061,293.301,0,0.46567696,,person
40.006737,700.38275,144.90459,867.93604,0,0.4322059,,person
1755.9851,295.51523,1837.8179,454.28012,0,0.42801812,,person
958.5707,616.5678,1003.27826,671.94543,26,0.36343655,,handbag
376.6746,475.47107,465.43936,640.8216,0,0.35213667,,person
1001.6973,0.5015602,1037.1113,101.11972,0,0.35101685,,person
234.70912,1019.5366,321.62195,1080.0,0,0.34993222,,person
333.15,463.47592,391.58508,611.30804,0,0.34085616,,person
1848.1069,592.03186,1919.406,795.3697,0,0.3355023,,person
870.7227,0.8172455,910.7721,98.42727,0,0.32423103,,person
821.344,1.6459694,862.4171,104.50354,0,0.29543868,,person
1891.9783,0.0,1919.1123,58.586872,0,0.2825737,,person
929.1215,716.0351,1025.2965,904.5766,0,0.8341917,,person
760.3134,932.7213,852.5235,1080.0,0,0.82814044,,person
519.1071,863.3594,624.5649,1058.3115,0,0.7844919,,person
897.77203,243.12428,957.9672,394.30692,0,0.7772238,,person
1241.8984,324.206,1308.1698,488.4406,0,0.7363823,,person
695.89453,417.18008,768.45245,583.18964,0,0.7168197,,person
682.08435,40.139366,730.9774,167.91174,0,0.7099842,,person
722.2183,0.0,766.8183,108.302765,0,0.7002996,,person
1525.8926,116.29898,1581.9873,254.21974,0,0.6988455,,person
964.52216,551.34564,1046.4819,744.29956,0,0.6849665,,person
1756.9802,294.20187,1837.1826,454.6616,0,0.68477124,,person
1183.6536,461.30896,1243.3188,598.70404,0,0.67982644,,person
1847.3212,162.77486,1898.5629,288.4773,0,0.67941535,,person
44.959682,701.2352,148.70813,868.45905,0,0.6510216,,person
1062.8661,198.77252,1126.0651,343.30392,0,0.64934975,,person
934.6579,0.0,985.2232,109.69627,0,0.63981456,,person
1027.3657,331.16293,1072.154,473.65524,0,0.6166782,,person
1181.1306,69.370445,1239.6354,175.92555,0,0.61258674,,person
548.2872,17.420242,582.03107,118.84099,0,0.59183747,,person
1380.2048,21.921135,1417.5734,154.52344,0,0.57804036,,person
46.870766,117.777084,98.29701,245.22153,0,0.5608701,,person
203.22505,66.09123,269.19565,196.41014,0,0.55953795,,person
492.60434,666.80255,572.7853,818.7894,0,0.5473696,,person
1791.5647,164.9584,1855.5549,294.33966,0,0.45939767,,person
869.8409,1.0139809,911.1612,99.04226,0,0.40596828,,person
1847.2815,610.6163,1919.4686,794.95483,0,0.37677887,,person
821.499,1.7101364,861.8518,104.44583,0,0.36788926,,person
1000.7449,0.0,1037.8058,103.83314,0,0.36316445,,person
960.53284,624.5523,1003.9365,677.8252,26,0.3538043,,handbag
334.0642,463.59277,391.09488,611.20184,0,0.3496485,,person
375.4366,478.99063,465.30844,640.7522,0,0.34114656,,person
235.90279,1025.049,319.8926,1080.0,0,0.3208569,,person
203.50218,72.43549,267.2278,196.0391,3,0.28232875,,motorcycle
927.02344,718.01544,1024.8684,916.56775,0,0.85300297,,person
760.30646,923.24506,851.99286,1080.0,0,0.80526656,,person
1846.812,163.78313,1899.312,291.71466,0,0.7610634,,person
520.3112,864.83514,626.43823,1058.394,0,0.7605545,,person
1243.4492,321.85675,1308.8452,483.47406,0,0.7512518,,person
899.0021,246.88252,958.879,397.93564,0,0.74843335,,person
682.1975,39.54261,730.81915,166.711,0,0.7150515,,person
1525.5428,112.29129,1581.9181,248.55922,0,0.69413483,,person
722.9253,0.0,767.0557,107.43281,0,0.69336367,,person
1182.0767,464.50168,1244.0198,598.139,0,0.68943816,,person
1061.6907,192.2044,1126.1909,337.03058,0,0.67571425,,person
695.99554,414.27072,765.16644,579.69476,0,0.67525953,,person
962.55396,554.016,1047.1307,746.55817,0,0.66353315,,person
47.937885,704.04297,151.53181,868.05273,0,0.63932914,,person
1757.8033,296.97858,1837.8915,457.13013,0,0.62863606,,person
935.6102,0.0,984.2837,111.27867,0,0.6285966,,person
1183.1451,69.75462,1241.7891,176.50778,0,0.5948772,,person
550.625,15.373215,583.134,114.69596,0,0.5754883,,person
1380.0322,22.006542,1417.5989,154.89404,0,0.5689036,,person
1028.8368,327.55383,1071.3737,471.36734,0,0.56796986,,person
1792.1709,167.48575,1855.9696,295.29404,0,0.54444677,,person
47.117237,117.60721,97.28431,245.34636,0,0.53699386,,person
492.0065,669.98804,573.28656,817.76605,0,0.4940007,,person
202.97708,65.11718,269.2318,197.55823,0,0.48045412,,person
1849.4253,609.19196,1919.4657,793.8377,0,0.47278702,,person
374.91388,480.59088,463.97153,640.84973,0,0.3630489,,person
821.6248,2.0300217,862.24493,101.65435,0,0.36124286,,person
333.01373,464.78397,390.24124,611.4307,0,0.35307494,,person
869.42285,1.0146332,909.5464,98.67467,0,0.3425336,,person
491.25165,669.8135,572.65283,818.5816,17,0.34238794,,horse
961.1423,627.95844,1000.811,679.5649,26,0.33803728,,handbag
1001.97894,0.9712601,1036.7686,108.07448,0,0.2962789,,person
237.77376,1030.8868,317.09933,1080.0,0,0.26891527,,person
1891.6725,0.0,1919.0848,58.28632,0,0.2635129,,person
924.69934,722.2509,1024.0469,918.6515,0,0.86632425,,person
758.8123,918.7669,851.7962,1078.3618,0,0.80426115,,person
1242.199,317.1591,1307.6995,473.08292,0,0.77107054,,person
1179.3092,465.42352,1245.678,599.9619,0,0.7688509,,person
899.73126,250.45111,958.4528,398.84656,0,0.7271034,,person
963.67554,557.3506,1049.0863,752.4866,0,0.71215755,,person
936.41473,0.0,984.9534,113.24643,0,0.7044873,,person
1061.8938,190.90475,1124.8364,334.44827,0,0.7020995,,person
1847.1498,164.6586,1899.604,293.51755,0,0.7016755,,person
521.819,867.9701,626.641,1058.2756,0,0.686233,,person
693.76337,411.87753,764.339,586.8005,0,0.6854491,,person
682.38885,38.096928,730.37244,165.84874,0,0.67515934,,person
1525.4675,108.00462,1581.5546,246.44888,0,0.65939677,,person
724.36383,0.0,766.7436,106.106094,0,0.65297717,,person
551.0094,18.304253,588.6815,118.94179,0,0.62790275,,person
1794.4808,168.67781,1855.9266,295.57883,0,0.61125284,,person
1187.5884,68.35609,1241.77,170.32745,0,0.5707492,,person
492.47635,671.65784,572.73676,822.8819,0,0.5641546,,person
50.43133,708.7218,154.38547,869.8742,0,0.5622154,,person
1380.1014,21.942873,1417.5243,154.82787,0,0.55064076,,person
47.078693,117.59704,97.437744,245.53456,0,0.5474647,,person
203.01137,70.55122,268.3151,199.90388,0,0.5118131,,person
1028.0273,325.79376,1071.1106,464.7538,0,0.50284004,,person
1000.98376,1.5285759,1038.5164,111.64735,0,0.41274816,,person
1758.0121,300.526,1838.7411,461.40027,0,0.40096766,,person
332.9645,465.1648,390.4901,610.7557,0,0.36279127,,person
491.22162,671.5255,572.2394,822.722,17,0.34946713,,horse
202.2203,71.31301,267.6448,201.12398,3,0.3491403,,motorcycle
1850.6353,624.11774,1919.2229,794.3758,0,0.33270743,,person
374.81128,481.5389,463.29263,640.5597,0,0.32911944,,person
821.62354,2.0296783,860.8872,99.67003,0,0.2858502,,person
868.23615,0.99544144,907.7474,97.527306,0,0.28542337,,person
243.93741,1035.9116,317.94644,1080.0,0,0.28461623,,person
1891.5758,0.18538284,1919.0782,57.445415,0,0.26448205,,person
961.9521,631.5324,1001.72186,681.96106,26,0.2631013,,handbag
205.20236,106.61007,264.37988,200.97777,3,0.25753358,,motorcycle
924.5979,735.9483,1024.3685,932.24396,0,0.85906565,,person
757.9789,910.7628,852.2079,1078.7079,0,0.8345568,,person
61.797832,712.1169,166.45789,873.8262,0,0.77387184,,person
1240.8031,311.21228,1305.3416,461.33954,0,0.75903326,,person
516.9895,873.6577,622.47644,1053.4564,0,0.74274415,,person
1847.3445,166.34203,1902.3018,299.0249,0,0.7392303,,person
937.85706,0.0,988.4498,117.674515,0,0.71134526,,person
965.3994,561.38074,1052.6646,761.58386,0,0.7063107,,person
901.5725,255.61624,958.2001,401.48492,0,0.68270785,,person
683.10596,37.06579,731.58624,167.17181,0,0.6809682,,person
1061.3071,189.03731,1120.9541,332.54922,0,0.6680963,,person
1523.4126,107.33963,1579.4143,246.43744,0,0.66597545,,person
695.29,407.99725,762.569,587.41223,0,0.66275513,,person
1178.3214,474.31183,1245.4902,615.94006,0,0.64918774,,person
553.4338,19.39302,600.5819,120.20929,0,0.6462838,,person
1797.742,170.64839,1856.6133,295.03064,0,0.64022833,,person
724.5063,0.0,766.7672,103.83286,0,0.59974176,,person
1759.4583,307.81778,1837.5604,471.8856,0,0.57712626,,person
1380.0004,22.02523,1417.6696,154.7788,0,0.5309783,,person
489.93695,682.3008,571.7756,843.03937,0,0.517187,,person
964.16656,624.38635,1018.22296,696.0236,24,0.51669157,,backpack
1192.6333,66.34895,1240.987,168.97972,0,0.5036696,,person
1028.166,320.04794,1071.4523,456.3544,0,0.49304572,,person
45.873825,119.59989,97.16762,246.46547,0,0.48053,,person
1856.9448,636.64764,1919.1948,799.0419,0,0.46333602,,person
202.7687,72.2195,267.79178,204.8746,0,0.44352123,,person
489.66724,680.9012,571.7232,838.99976,17,0.36697385,,horse
332.68854,464.81204,391.0555,610.6559,0,0.3223034,,person
374.01434,481.62442,462.1194,641.42505,0,0.29734632,,person
869.36957,0.0,905.2806,94.36679,0,0.2909609,,person
1003.3362,4.646118,1037.0979,112.63353,0,0.2673132,,person
926.47034,739.6038,1022.55804,939.99335,0,0.86382616,,person
757.6282,907.4489,854.26263,1080.0,0,0.83623326,,person
516.6171,876.2882,622.442,1053.4135,0,0.77751875,,person
1847.206,166.89743,1903.0265,299.82635,0,0.76234293,,person
1241.6873,307.35635,1305.1912,457.55017,0,0.7320984,,person
938.6957,0.0,989.86707,118.9793,0,0.70355844,,person
1520.1278,107.76306,1578.3975,246.30533,0,0.6849642,,person
1175.1233,478.12418,1248.1311,625.69305,0,0.67302257,,person
64.50382,717.78,170.28279,878.9308,0,0.66894364,,person
683.5261,36.23584,731.06354,167.8333,0,0.66668355,,person
553.59705,19.335691,604.09875,120.43984,0,0.66252327,,person
1798.262,171.12122,1857.0787,294.518,0,0.6614468,,person
490.12207,685.4673,572.5219,853.27576,0,0.6221979,,person
902.9092,257.5349,958.058,399.82224,0,0.61611104,,person
1060.9443,188.9675,1118.9745,330.86234,0,0.6117958,,person
967.12646,566.3857,1053.4187,759.4604,0,0.61136466,,person
695.7798,407.12146,761.41815,587.6091,0,0.60918486,,person
1379.9081,22.191364,1417.7296,155.2933,0,0.5363364,,person
1026.3235,316.939,1072.2163,454.2205,0,0.5293748,,person
724.56665,0.0,763.6919,102.022865,0,0.52572936,,person
1760.0944,311.13974,1838.198,475.2235,0,0.5220408,,person
45.67922,119.43085,97.4591,247.67903,0,0.47513983,,person
1195.0109,65.59005,1243.1566,168.78845,0,0.46399012,,person
1861.1038,638.67993,1919.2302,809.3029,0,0.44503534,,person
202.32184,73.64916,267.69617,204.81213,0,0.4176003,,person
332.3729,465.83102,391.12997,611.0536,0,0.33167553,,person
868.8238,0.5295296,903.8376,93.23522,0,0.31775492,,person
375.0392,481.82812,461.59784,642.2503,0,0.30054575,,person
927.2221,743.3613,1022.211,944.2339,0,0.8261235,,person
757.17975,903.2474,856.07007,1080.0,0,0.8079997,,person
1847.3047,166.83083,1905.3052,302.93576,0,0.76890236,,person
516.0191,882.37134,619.75507,1062.2831,0,0.73997426,,person
68.71425,721.01953,177.82954,887.51697,0,0.72010434,,person
1241.5919,304.38367,1304.7144,456.90933,0,0.71272105,,person
1515.2216,108.31591,1577.8531,246.01689,0,0.6934993,,person
1174.5476,479.2265,1247.6119,628.9121,0,0.65875703,,person
554.2889,19.468803,606.49243,119.77517,0,0.6550601,,person
937.72833,0.0,990.6535,119.09482,0,0.65310556,,person
683.17267,35.52703,731.65137,167.46867,0,0.6485064,,person
904.9067,259.45377,956.45526,403.20392,0,0.6321745,,person
1799.4591,171.84027,1857.6097,294.33603,0,0.62414265,,person
488.8462,688.6268,572.06506,859.08295,0,0.5905651,,person
694.4365,404.6721,762.4448,587.59827,0,0.5691265,,person
1060.0005,189.50848,1121.3313,333.15527,0,0.5403762,,person
968.8105,568.81134,1054.8572,758.68896,0,0.5359126,,person
1852.0203,646.39197,1919.157,823.0629,0,0.5166077,,person
1027.1406,315.1142,1070.9845,448.2153,0,0.5066419,,person
1380.1008,22.170639,1417.4456,155.20341,0,0.5007313,,person
724.1509,0.0,764.9891,99.56374,0,0.4951662,,person
1760.7632,314.12305,1841.1359,476.31018,0,0.46827364,,person
1195.8575,64.119965,1246.5968,169.67848,0,0.45225224,,person
44.46155,119.7618,96.71775,247.42137,0,0.43615577,,person
331.89386,467.10956,390.50116,610.8229,0,0.33445373,,person
203.0278,74.81037,267.7414,205.14603,0,0.3330235,,person
202.5841,74.75267,265.97827,204.5592,3,0.29201296,,motorcycle
374.60614,481.20255,461.81268,642.61676,0,0.26501915,,person
757.4308,898.8547,859.0115,1080.0,0,0.8256334,,person
925.8025,745.6736,1021.3612,945.3512,0,0.8113188,,person
1847.861,167.89732,1905.2129,304.83957,0,0.760482,,person
515.5403,887.2522,616.0283,1076.2317,0,0.73195356,,person
1172.6808,484.1413,1247.9965,632.78125,0,0.72142285,,person
1513.5781,107.8546,1576.7272,245.26968,0,0.6714484,,person
1241.3256,302.1121,1305.1221,455.72406,0,0.66152513,,person
1802.6248,171.71622,1858.3093,293.40283,0,0.64388496,,person
906.82,262.26517,957.0248,406.22827,0,0.62854874,,person
682.6291,34.50952,733.8574,167.21458,0,0.62258095,,person
936.5936,0.0,991.2191,119.12808,0,0.61398417,,person
555.4952,19.912788,606.651,119.46103,0,0.59423006,,person
695.45636,401.7746,762.92676,587.192,0,0.5917865,,person
1024.9668,313.68823,1070.9065,446.24762,0,0.57654506,,person
488.5783,691.1182,571.5601,862.87115,0,0.564705,,person
1060.8834,188.06296,1119.8646,333.85812,0,0.52091646,,person
725.03723,0.0,762.9036,100.97214,0,0.49537238,,person
1380.0668,22.243813,1417.5258,155.41512,0,0.4750896,,person
1196.28,64.40453,1247.0094,170.17009,0,0.45134005,,person
975.56085,574.1195,1055.3944,757.56903,0,0.41074872,,person
1863.8273,651.9818,1919.2405,833.1956,0,0.3928473,,person
1760.5342,314.46603,1838.647,482.8015,0,0.39282668,,person
45.01902,120.259186,96.91564,247.03944,0,0.3747307,,person
202.27766,75.321785,268.04483,205.25134,0,0.3434905,,person
72.18804,724.15,179.2407,893.92035,16,0.29156625,,dog
331.6573,467.59125,392.106,612.25903,0,0.2740423,,person
374.6465,481.51102,461.30923,642.6278,0,0.27237532,,person
202.02599,75.44037,265.4841,204.63112,3,0.2688071,,motorcycle
925.2105,750.55115,1021.2944,946.21106,0,0.85092247,,person
757.6586,897.5096,857.1023,1080.0,0,0.81491905,,person
1848.3916,168.42174,1906.8011,306.32117,0,0.7683948,,person
516.9949,892.02136,614.7611,1078.8889,0,0.76001817,,person
1512.6189,105.999306,1576.6707,245.38962,0,0.7067775,,person
1171.8893,487.90448,1251.147,637.1715,0,0.70568776,,person
1805.795,173.07748,1855.8213,293.0753,0,0.6933081,,person
907.21326,263.43634,957.47406,405.82828,0,0.66516525,,person
936.60297,0.0,991.08856,119.07619,0,0.64779365,,person
1241.1127,300.5303,1305.19,457.4539,0,0.63005763,,person
557.1907,20.799866,608.703,119.08644,0,0.62128353,,person
682.84204,32.997597,734.4135,165.47978,0,0.59653455,,person
694.88214,399.29416,762.8974,583.2493,0,0.5804718,,person
1026.4641,311.4961,1070.8606,443.91852,0,0.56751657,,person
1060.4437,185.94571,1116.7223,332.37534,0,0.5557898,,person
488.00912,695.6174,571.7128,865.91754,0,0.5554725,,person
1379.9048,22.15182,1417.5289,155.46529,0,0.50225776,,person
725.7378,0.0,762.826,101.20228,0,0.47725815,,person
1864.574,659.4139,1919.1211,837.05585,0,0.47428197,,person
44.460365,121.64592,96.39672,247.64777,0,0.4470632,,person
202.14528,76.02143,267.0112,204.93944,0,0.44035196,,person
972.98004,575.3085,1057.2542,758.2976,0,0.43478978,,person
1196.1544,63.24186,1248.4669,169.99174,0,0.43264467,,person
74.16815,727.5233,181.88635,894.1619,0,0.38422263,,person
331.56024,467.48703,391.27087,611.01843,0,0.35118634,,person
417.95877,459.8496,506.4119,609.6165,0,0.30673116,,person
374.45822,481.18927,458.30176,642.69806,0,0.2936607,,person
1762.3854,316.88306,1839.6317,482.6457,0,0.26862282,,person
1761.5724,316.8447,1837.9135,400.9108,24,0.26188555,,backpack
74.04306,727.559,183.63036,898.3391,16,0.255992,,dog
926.2022,754.9466,1018.7591,945.2049,0,0.83634794,,person
756.1342,888.61633,849.0291,1080.0,0,0.7991407,,person
516.08246,899.7842,610.86584,1078.0549,0,0.7732762,,person
1846.8395,172.48773,1907.5258,310.81027,0,0.7474743,,person
1176.0974,493.294,1248.4292,639.0151,0,0.6904378,,person
1809.1978,174.29787,1857.0894,292.4852,0,0.6764458,,person
905.66406,264.40634,959.181,413.70477,0,0.66983706,,person
1514.2719,102.60498,1572.1904,240.88857,0,0.646769,,person
935.6849,0.0,990.5563,119.43274,0,0.6463489,,person
1242.5468,295.5883,1301.875,458.47607,0,0.62819916,,person
683.205,28.627419,730.1811,162.21803,0,0.58863926,,person
694.5085,395.38055,761.67175,579.79175,0,0.5551171,,person
1028.7191,309.9324,1069.2897,443.89996,0,0.5498593,,person
485.54526,706.4757,568.93695,874.371,0,0.5350601,,person
1063.1116,184.66191,1116.4332,330.75745,0,0.5030569,,person
80.30362,738.208,188.80528,911.131,0,0.50263554,,person
45.02884,122.44822,95.848305,248.82495,0,0.49490288,,person
1380.048,22.233204,1417.6428,155.77504,0,0.48712766,,person
564.7655,18.292711,616.59717,122.525505,0,0.48168784,,person
1197.3618,61.66015,1251.8262,170.55684,0,0.45147365,,person
727.06445,0.0,763.16534,102.31115,0,0.44767523,,person
331.37466,467.03146,388.64978,611.0353,0,0.4102744,,person
200.87672,76.01317,266.67923,205.84778,0,0.37817472,,person
1867.8761,668.8141,1919.3829,850.0212,0,0.37345794,,person
1760.7444,320.13116,1838.737,404.45416,24,0.36834753,,backpack
973.0408,578.42523,1060.5312,760.18286,0,0.3675172,,person
375.46585,480.9127,453.2192,643.2721,0,0.35258514,,person
421.1664,461.6131,507.05212,609.2139,0,0.32889235,,person
200.57712,75.89836,264.66202,205.45418,3,0.28276137,,motorcycle
1002.24646,8.87459,1037.9784,115.21818,0,0.2614918,,person
926.5479,759.1862,1018.64594,944.08905,0,0.82081044,,person
758.28064,883.17206,848.077,1080.0,0,0.7911094,,person
516.8048,907.30536,609.0173,1077.6361,0,0.7711985,,person
1847.0757,177.43034,1907.8096,311.54382,0,0.752437,,person
1178.7089,497.93088,1248.9679,642.1782,0,0.6958166,,person
1809.5125,176.97185,1858.5067,294.38638,0,0.6868,,person
903.13184,265.95093,959.6968,415.93848,0,0.6821936,,person
1242.0502,297.77396,1303.028,456.92944,0,0.6472105,,person
1513.3845,99.729904,1571.7191,236.04918,0,0.6454645,,person
86.792145,741.31934,189.14714,911.4049,0,0.6451315,,person
934.5659,0.0,990.4673,120.941284,0,0.6446231,,person
691.17065,394.12134,759.83154,576.4571,0,0.58920723,,person
1028.937,307.93777,1069.2147,444.00055,0,0.5690634,,person
682.8552,26.893112,728.9315,156.17592,0,0.56252867,,person
971.87354,580.3721,1061.7607,759.9081,0,0.55551136,,person
1379.9921,22.214195,1417.8992,155.26434,0,0.48998615,,person
1065.3298,185.0501,1123.9221,329.29984,0,0.485813,,person
45.319695,122.156395,95.70661,248.72282,0,0.47392464,,person
485.47617,708.38495,568.0818,874.35376,0,0.4678485,,person
1198.8666,58.170685,1250.9634,170.07065,0,0.44114274,,person
567.14355,20.059107,608.47266,115.791,0,0.42309391,,person
727.1955,0.0,763.22766,100.41894,0,0.41489023,,person
1868.7019,672.6103,1919.3181,856.4665,0,0.40796566,,person
200.92378,75.54611,265.23068,206.00697,0,0.3767194,,person
331.38925,467.2412,389.18,611.62836,0,0.36957347,,person
375.76675,480.81702,437.6358,641.99963,0,0.34303415,,person
1760.4631,322.1017,1842.0212,487.3905,0,0.341731,,person
422.6381,461.74228,506.80453,608.142,0,0.3230059,,person
1004.0114,10.320843,1036.3914,115.59273,0,0.30429548,,person
927.624,763.5586,1018.94037,943.13873,0,0.85171,,person
901.89075,266.3116,961.1239,416.91586,0,0.7949724,,person
758.3024,876.3979,846.94727,1077.6527,0,0.7895895,,person
513.76324,911.7063,607.52386,1077.3846,0,0.7625574,,person
1241.4603,296.39896,1301.0238,454.89157,0,0.70409006,,person
1849.4436,180.34987,1908.8496,312.4366,0,0.69754297,,person
1182.2355,499.18948,1251.0385,640.75433,0,0.6721227,,person
1809.717,177.98209,1858.4026,297.67493,0,0.6587509,,person
1513.7091,98.14881,1568.9136,236.0128,0,0.65518963,,person
934.3993,0.0,990.4061,122.733795,0,0.6543462,,person
690.8546,389.40573,759.0594,568.7064,0,0.6394269,,person
89.03215,743.9167,190.20108,912.51855,0,0.6053123,,person
1029.2623,306.71973,1069.6517,444.01047,0,0.60160255,,person
683.85516,24.973412,729.76483,151.87602,0,0.5949221,,person
971.29285,584.1426,1061.4573,767.20056,0,0.5944047,,person
569.5774,18.69964,617.41644,123.171936,0,0.54918987,,person
1380.2593,22.265785,1418.0062,155.33125,0,0.52835935,,person
483.98978,711.3487,565.63025,875.4586,0,0.4780517,,person
1201.6168,55.492516,1252.2368,167.73817,0,0.47414663,,person
1066.655,181.2279,1125.4242,325.80075,0,0.46658885,,person
45.34747,121.83715,95.82078,248.78966,0,0.46204078,,person
201.05635,76.51991,263.86435,206.36815,0,0.44958362,,person
1002.54004,12.203442,1036.9812,115.83779,0,0.3911523,,person
1760.9825,322.0501,1840.5206,403.8684,24,0.38701463,,backpack
375.55942,481.22928,441.28503,642.3648,0,0.38471693,,person
727.8197,0.0,763.6571,99.233376,0,0.37460133,,person
331.64896,468.348,389.71628,612.699,0,0.36177203,,person
423.7283,461.69315,507.7781,609.0527,0,0.34188974,,person
1759.0547,323.83118,1842.6738,488.47357,0,0.32291865,,person
972.21204,644.0358,1020.1509,716.8697,26,0.25768602,,handbag
926.9011,766.9241,1018.44946,944.859,0,0.8245508,,person
900.9628,268.8686,964.4041,418.34244,0,0.80925834,,person
513.1881,915.588,604.74506,1077.8455,0,0.79888684,,person
757.13055,871.775,847.2668,1072.069,0,0.7887343,,person
1846.1759,180.35435,1911.2384,311.99655,0,0.73125315,,person
1238.7887,292.31412,1301.7949,451.29144,0,0.6935407,,person
1809.6738,179.96915,1859.2075,300.5885,0,0.69099617,,person
1184.3596,501.78735,1253.7426,639.2778,0,0.68713707,,person
972.1848,585.1619,1063.6438,779.617,0,0.68277043,,person
1514.2478,96.48093,1567.7534,233.73326,0,0.6754365,,person
690.6869,388.3755,758.0754,559.4427,0,0.66652375,,person
934.6621,0.0,989.3872,124.506546,0,0.6139879,,person
683.8334,23.967327,730.79443,149.28516,0,0.6079977,,person
1029.3488,304.34708,1069.6184,443.1244,0,0.56402403,,person
89.76503,744.6634,191.47963,912.7066,0,0.55490553,,person
1380.1036,22.197487,1417.8483,155.6865,0,0.5434694,,person
44.622196,121.94903,95.895226,248.58458,0,0.49323213,,person
1203.912,47.03838,1251.5812,164.264,0,0.4889323,,person
201.4324,77.87725,265.10916,206.63278,0,0.47362643,,person
1067.8802,179.0685,1126.4329,325.07785,0,0.46362484,,person
574.91266,20.791769,615.01514,123.71887,0,0.42975703,,person
483.1118,712.72815,565.1985,875.8795,0,0.40673473,,person
727.97266,0.0,763.98804,98.24064,0,0.38867226,,person
1759.574,324.56042,1842.5273,489.01276,0,0.358575,,person
1761.1106,323.4645,1841.0251,408.12808,24,0.35388473,,backpack
375.26535,480.86563,440.24298,640.6471,0,0.34975797,,person
1001.7237,12.029097,1036.9729,119.39715,0,0.34001783,,person
424.41925,461.47302,508.25775,609.52704,0,0.32446888,,person
332.24377,469.64633,389.06104,610.9775,0,0.28339812,,person
973.4398,649.0234,1035.0736,731.9099,26,0.25821787,,handbag
926.0493,768.22906,1018.9032,959.9965,0,0.8166334,,person
755.4362,866.5692,848.3018,1063.5486,0,0.8101643,,person
900.947,271.7049,964.1261,421.59933,0,0.79738027,,person
511.8295,921.093,603.8956,1077.6757,0,0.7931778,,person
971.3458,590.62286,1063.419,788.4068,0,0.723584,,person
689.46643,385.5693,759.1293,551.9248,0,0.70570695,,person
1847.1172,180.72922,1915.0841,310.6885,0,0.6747697,,person
1809.5903,179.6674,1860.2091,301.86893,0,0.67410374,,person
1237.8932,289.70016,1301.5752,443.14987,0,0.65310526,,person
1187.729,502.89212,1253.1445,639.87915,0,0.6427657,,person
1512.4067,95.03335,1565.7821,228.963,0,0.636308,,person
683.9435,21.994772,730.986,148.19238,0,0.6261937,,person
1029.0168,303.85202,1069.6326,441.29108,0,0.5941042,,person
933.9637,0.08743858,989.7918,126.096405,0,0.56917626,,person
1380.1323,22.105585,1417.6825,155.59845,0,0.53978795,,person
580.976,19.793352,615.19055,122.32958,0,0.53893864,,person
482.49628,715.6872,563.495,875.8133,0,0.53261185,,person
1068.1082,176.25238,1125.4087,321.38388,0,0.51526767,,person
973.7449,650.87494,1045.2169,729.43286,26,0.46504158,,handbag
44.099716,122.32641,95.63727,248.50539,0,0.45300436,,person
201.1837,78.01943,265.04034,207.0873,0,0.43464357,,person
1205.7576,41.1685,1254.7244,163.29498,0,0.42485318,,person
728.22626,0.0,763.46436,94.444496,0,0.39567763,,person
1001.835,15.440861,1037.3358,121.19514,0,0.39455003,,person
0.23416328,0.7747364,48.91386,48.22584,0,0.3492718,,person
93.816765,746.9303,193.63153,910.3217,0,0.32551438,,person
374.9545,478.72284,446.42102,640.88184,0,0.3249936,,person
92.91172,747.6359,194.5399,911.34064,16,0.3155279,,dog
425.38467,461.3778,508.55136,609.0236,0,0.31362125,,person
1760.5134,327.71506,1841.839,489.9131,0,0.3063067,,person
1761.0103,324.5019,1841.0295,406.4381,24,0.2562061,,backpack
755.01404,855.72455,847.1095,1041.3297,0,0.81456333,,person
929.58966,783.1139,1023.02435,988.3905,0,0.8093286,,person
900.5298,278.73,964.23236,432.52908,0,0.79289,,person
507.28482,930.92267,602.8706,1080.0,0,0.79263973,,person
1188.3953,509.58948,1255.2203,650.1665,0,0.69517386,,person
1508.5624,90.71883,1565.3416,227.30731,0,0.6888105,,person
1236.3256,280.33987,1301.9099,434.6249,0,0.6875428,,person
692.1773,378.5397,758.38293,544.62823,0,0.65914494,,person
974.85516,597.9811,1059.7618,802.58514,0,0.6578838,,person
683.5847,20.486109,730.6022,146.72672,0,0.64189386,,person
1809.2345,184.04892,1859.5222,305.95898,0,0.639263,,person
935.5137,2.1123905,989.7605,128.42711,0,0.6176619,,person
584.47473,19.258003,622.21533,122.072914,0,0.6032963,,person
1850.9316,180.56036,1918.8363,311.3009,0,0.5953585,,person
479.29816,720.1899,560.27496,878.7314,0,0.55721277,,person
1380.0492,22.221966,1417.6353,155.2129,0,0.55434674,,person
1029.1709,299.7929,1069.9053,438.19922,0,0.5470498,,person
1068.5465,171.859,1126.1654,307.2779,0,0.5441519,,person
43.43763,123.82036,96.14796,248.35684,0,0.52355266,,person
200.53189,82.08984,266.52164,214.64407,0,0.5166071,,person
975.0639,664.8155,1027.0793,727.6267,26,0.47128403,,handbag
1208.7858,31.594894,1259.1445,158.38638,0,0.38581964,,person
1762.0774,330.31714,1841.5104,488.40088,0,0.3671793,,person
1001.3454,17.878841,1036.7418,125.978745,0,0.32866248,,person
332.19662,469.7883,392.65823,614.7869,0,0.32843474,,person
7.6802874,0.16721821,47.845356,48.714638,0,0.31806147,,person
1891.0931,1.8272552,1919.1757,55.91192,0,0.31434876,,person
373.94745,478.30948,459.15384,642.3172,0,0.3083759,,person
425.93875,461.70267,508.18845,610.56274,0,0.2942008,,person
729.56494,0.0,763.5936,91.15622,0,0.258643,,person
754.9695,850.8276,845.10974,1027.7448,0,0.8381926,,person
505.6247,935.12823,602.8718,1080.0,0,0.8253432,,person
900.3428,281.08304,963.8108,436.39145,0,0.7934644,,person
929.5514,783.4422,1022.1991,993.362,0,0.781528,,person
1189.2986,513.20496,1255.3013,657.4757,0,0.74098366,,person
1234.0577,278.32956,1300.2203,427.02924,0,0.73205984,,person
976.2667,601.70087,1063.4623,803.8557,0,0.718564,,person
1508.4058,89.12179,1565.7324,226.74806,0,0.70722336,,person
94.32248,752.9773,199.42296,919.2993,0,0.69484085,,person
935.5787,4.656418,988.6362,129.27301,0,0.67341775,,person
479.41956,721.5615,560.976,878.4919,0,0.6546586,,person
682.0966,19.93554,730.73364,147.6183,0,0.64889157,,person
1809.4578,188.64702,1858.6223,307.55478,0,0.6304398,,person
692.8731,373.43518,758.58673,542.31665,0,0.6280365,,person
587.5701,19.718433,623.56244,120.86095,0,0.61030847,,person
1068.3359,169.56972,1127.1644,305.51926,0,0.5894638,,person
1851.5542,181.1657,1918.8403,310.28082,0,0.5816999,,person
1379.9849,22.203993,1417.5494,155.09552,0,0.5661967,,person
1028.7783,295.09247,1069.8625,435.46646,0,0.55432516,,person
43.221832,124.141,95.987656,248.0421,0,0.51535475,,person
200.57419,83.662605,266.34933,215.77827,0,0.49305922,,person
1761.7494,331.85526,1842.805,488.84137,0,0.47006068,,person
1209.1147,6.918371,1260.114,156.15047,0,0.43580952,,person
13.421288,0.0,48.343414,46.789112,0,0.3951086,,person
1001.0884,17.70385,1037.1056,127.3404,0,0.38642517,,person
372.67044,478.82327,460.3147,641.897,0,0.37073135,,person
729.18463,0.0,763.9963,89.60099,0,0.31641752,,person
423.8767,459.63208,507.29828,608.11255,0,0.3103686,,person
332.69037,469.563,390.3907,615.3184,0,0.2981346,,person
1891.3181,0.03750229,1919.1436,56.296383,0,0.27874005,,person
977.1467,663.88544,1037.6654,730.52155,26,0.27085665,,handbag
1716.0542,0.0,1749.4651,44.208527,0,0.27005073,,person
753.8784,848.306,844.50446,1023.22375,0,0.8060127,,person
901.1616,281.45612,963.4852,439.66638,0,0.7974675,,person
930.93,790.58276,1021.60126,996.7251,0,0.77754116,,person
1233.6764,275.09082,1299.4314,422.71072,0,0.76177996,,person
504.0586,936.71045,605.10004,1080.0,0,0.7610584,,person
1191.2532,515.64954,1259.4519,664.0761,0,0.7504442,,person
1507.3132,87.59674,1564.2081,225.65868,0,0.70375496,,person
96.434326,756.8075,203.28882,934.44324,0,0.68709236,,person
1808.9396,188.65979,1859.4364,307.458,0,0.6722715,,person
936.3336,7.2085705,988.3187,130.70001,0,0.66320026,,person
976.6212,607.6309,1064.5924,811.0456,0,0.6561014,,person
682.9023,20.002344,731.1533,147.35925,0,0.65193903,,person
587.6243,20.110394,626.3484,120.29188,0,0.62558883,,person
694.4217,371.32608,758.4299,539.33484,0,0.6219515,,person
1762.2793,333.0341,1842.7856,488.5625,0,0.611296,,person
1068.1626,167.95747,1127.0189,303.90036,0,0.604944,,person
1849.6252,181.40675,1918.7725,311.42517,0,0.5912579,,person
1380.0851,22.095074,1417.6195,154.91203,0,0.565294,,person
1028.4485,292.5271,1069.1093,430.33585,0,0.56340003,,person
479.6834,725.8696,559.8924,877.7981,0,0.56040037,,person
200.28406,84.15715,266.35822,216.54648,0,0.5463756,,person
42.757767,124.71192,95.71251,247.86833,0,0.5419382,,person
1210.8104,11.6001835,1259.7699,156.2065,0,0.40419504,,person
1718.1072,0.0,1755.3999,44.83839,0,0.39577115,,person
729.63995,0.0,764.7916,87.39734,0,0.39575407,,person
1001.34393,17.40965,1038.0404,126.59823,0,0.38787648,,person
333.50354,470.62454,393.27405,613.789,0,0.3525949,,person
423.64334,459.62576,507.03113,608.63184,0,0.32343853,,person
373.82657,479.02692,457.75342,641.778,0,0.3118353,,person
1892.1782,0.0,1919.1555,56.844234,0,0.3004445,,person
20.516653,0.0,48.98636,47.395523,0,0.29859072,,person
978.57715,674.1979,1028.8795,734.0591,26,0.27043375,,handbag
932.82227,793.09796,1025.4235,1002.9229,0,0.8284185,,person
503.3172,938.74426,606.61835,1080.0,0,0.81536406,,person
900.4874,284.13458,964.2715,442.13226,0,0.81127673,,person
752.993,842.3862,841.1389,1021.6714,0,0.79484236,,person
1233.2391,272.54288,1298.725,419.27045,0,0.792241,,person
1507.2103,84.04253,1561.2664,221.74823,0,0.6875383,,person
936.19025,6.0341206,987.4303,131.08014,0,0.6783854,,person
96.176445,761.3011,207.29404,946.52216,0,0.6696419,,person
1029.275,292.9065,1069.0536,424.53406,0,0.6637613,,person
1193.6268,522.5746,1260.4669,666.4102,0,0.66151035,,person
1808.6777,186.88216,1861.5769,307.92126,0,0.65701044,,person
588.1257,21.851452,630.8442,121.7339,0,0.6402793,,person
696.26935,370.96426,758.30566,530.77386,0,0.6349729,,person
1763.1614,335.92856,1842.4343,490.32953,0,0.6316071,,person
977.89966,610.40497,1066.1251,813.68665,0,0.62453216,,person
683.34656,14.474716,731.44635,148.4336,0,0.6181718,,person
475.74326,729.3633,558.58636,883.1089,0,0.5859614,,person
200.45706,85.33099,266.3927,218.6596,0,0.5776053,,person
1067.7224,167.61887,1126.0382,303.2231,0,0.57714397,,person
1379.9696,22.050413,1417.615,155.0973,0,0.5744609,,person
43.080383,126.01369,95.53188,247.1168,0,0.5732791,,person
1848.3014,182.59813,1918.816,312.12518,0,0.506809,,person
999.5852,19.110746,1037.6462,126.848946,0,0.44972834,,person
333.25922,471.76996,392.73114,614.21906,0,0.40225264,,person
374.87262,480.12863,455.0701,642.0319,0,0.38890275,,person
978.92633,679.88873,1031.7775,742.59393,26,0.3633619,,handbag
1211.7972,26.293396,1260.1796,156.02692,0,0.34965074,,person
423.61807,459.14474,507.47433,610.11664,0,0.34442207,,person
728.9095,0.0,765.5961,85.2999,0,0.33574247,,person
1893.6094,0.0,1919.138,56.930134,0,0.28567716,,person
23.277678,0.0,52.26002,47.666237,0,0.28348422,,person
373.85648,478.54395,436.0428,622.84186,0,0.27984992,,person
502.4795,944.9945,607.6192,1079.8403,0,0.86297923,,person
751.03143,839.23596,838.7199,1021.9476,0,0.84639645,,person
934.01605,800.7373,1024.5928,1011.6149,0,0.8419039,,person
900.2445,287.37045,963.9729,443.74292,0,0.8200068,,person
1232.8136,269.68387,1298.1925,416.11325,0,0.76666343,,person
1029.8643,287.3551,1069.4791,417.9016,0,0.7049783,,person
100.60748,766.2442,209.7924,956.7583,0,0.6972052,,person
1504.333,83.45563,1560.032,222.45493,0,0.69443244,,person
1808.6821,185.54514,1864.106,308.74307,0,0.6778909,,person
1848.5057,184.1413,1918.8842,312.3674,0,0.6758895,,person
980.4646,615.77454,1069.1635,819.99835,0,0.66618353,,person
696.1122,369.13696,760.8372,532.2775,0,0.65680283,,person
934.528,7.461296,986.0411,131.57411,0,0.6476463,,person
1763.6034,336.12274,1842.6573,496.2769,0,0.63214076,,person
1195.3926,527.5296,1258.8895,668.27325,0,0.6292023,,person
592.3791,22.740097,636.36127,122.73102,0,0.619195,,person
683.34174,18.690685,731.35876,147.776,0,0.59932137,,person
477.37683,732.5746,558.3673,895.6038,0,0.59899205,,person
1380.0154,22.040749,1417.7498,155.26003,0,0.59620094,,person
1067.7953,166.53323,1126.4883,302.67484,0,0.58867127,,person
201.4233,86.453705,265.4994,220.08089,0,0.5737634,,person
42.887867,126.4433,96.00374,246.54497,0,0.5225634,,person
979.1054,686.584,1037.6204,750.46783,26,0.41523987,,handbag
372.92596,479.11276,457.80377,642.1947,0,0.41452393,,person
1000.3398,19.933777,1036.4287,126.93265,0,0.40542686,,person
333.34427,472.12326,397.37946,617.92847,0,0.3799591,,person
426.54245,460.70096,509.02304,610.8732,0,0.3648528,,person
728.819,0.0,766.42975,84.69114,0,0.3581908,,person
1211.703,26.5486,1260.5028,155.60661,0,0.309501,,person
1894.5286,0.0,1919.1321,55.652687,0,0.26154038,,person
935.2795,807.2979,1031.9767,1015.5055,0,0.8943933,,person
748.7231,831.7727,836.0796,1021.3638,0,0.8222813,,person
500.72464,951.4712,610.5216,1080.0,0,0.80517757,,person
899.5425,289.26343,963.37854,446.18555,0,0.7852934,,person
1232.1896,264.60446,1297.6117,417.60867,0,0.7293401,,person
1502.0134,81.75339,1558.095,220.57567,0,0.7051673,,person
473.4462,742.5119,558.46405,914.66547,0,0.6868297,,person
682.51306,11.667252,730.9589,146.753,0,0.67507136,,person
1763.0284,340.6592,1843.3195,505.0634,0,0.66061366,,person
1196.5271,529.5704,1264.7245,681.8244,0,0.65283465,,person
1028.1995,280.0222,1069.919,411.3131,0,0.65246856,,person
930.12805,7.6224747,985.18585,131.94041,0,0.6515447,,person
1066.7684,161.88185,1126.0022,304.22363,0,0.6500585,,person
1379.837,22.058327,1417.9003,155.18964,0,0.6243376,,person
201.72176,90.02275,265.99896,222.08913,0,0.6193099,,person
984.3923,621.1914,1072.7617,821.22974,0,0.6158641,,person
1856.0365,185.66286,1919.0988,315.62076,0,0.6111841,,person
1811.9377,187.76424,1872.8884,309.35336,0,0.5603609,,person
595.6124,22.820892,651.2435,121.79926,0,0.5601442,,person
697.5687,366.0068,763.33325,538.7695,0,0.5559916,,person
99.302055,777.55664,214.74733,959.0237,0,0.5063969,,person
42.436043,126.936844,96.136536,246.46756,0,0.4643429,,person
999.1756,20.748299,1036.4883,126.981445,0,0.4297191,,person
729.86285,0.0,767.1911,83.70989,0,0.32239777,,person
375.37445,478.82767,456.8325,642.01746,0,0.29404804,,person
332.7173,472.38007,400.36633,616.84094,0,0.29072347,,person
422.74823,459.0144,506.47842,612.49524,0,0.2841326,,person
1720.37,480.363,1808.5269,512.33246,30,0.27397713,,skis
1210.6085,8.263235,1262.915,155.05376,0,0.25939092,,person
936.074,809.39874,1033.3273,1014.7283,0,0.89548016,,person
746.965,828.03625,837.0258,1021.4121,0,0.8126061,,person
898.90485,290.21902,963.028,445.81274,0,0.7913019,,person
1500.723,80.6253,1557.5282,220.2177,0,0.7301251,,person
1232.7498,263.8985,1297.9064,417.03757,0,0.7261721,,person
473.41638,745.0759,558.5297,921.5753,0,0.721197,,person
499.1652,957.76355,611.35187,1079.4093,0,0.7148924,,person
982.7024,623.7409,1074.6001,822.04614,0,0.6841394,,person
1762.6924,341.9877,1843.4496,504.83258,0,0.6768576,,person
683.6679,10.985046,729.9971,145.3368,0,0.6628759,,person
597.23334,23.345444,654.2445,122.48449,0,0.6559832,,person
1027.348,278.03964,1069.6198,409.43683,0,0.6551738,,person
1198.2968,531.9057,1262.9958,679.7661,0,0.63978845,,person
1379.6804,22.020332,1418.0277,155.54605,0,0.6365263,,person
1858.989,187.5628,1919.2439,319.97122,0,0.63648534,,person
1066.5897,160.85056,1125.2333,303.9971,0,0.62823904,,person
202.21509,90.43563,265.52444,222.54828,0,0.61466426,,person
1812.5354,188.20148,1872.9412,310.73987,0,0.6133896,,person
931.2787,8.556679,985.7368,132.39278,0,0.58699965,,person
698.1468,365.2294,764.016,538.3199,0,0.55070513,,person
41.831234,127.57201,95.09763,247.7731,0,0.5099197,,person
999.79675,22.121555,1036.4182,126.50279,0,0.44978544,,person
107.417564,780.4728,219.5172,966.70074,0,0.39208406,,person
1720.0997,480.07452,1808.7528,514.51306,30,0.33773977,,skis
727.4153,0.0,768.7801,82.27819,0,0.3269228,,person
332.3996,473.30072,399.10483,616.3329,0,0.3127206,,person
373.48572,477.65552,448.65234,640.64703,0,0.31008914,,person
422.99863,458.6943,506.3985,612.0013,0,0.2993732,,person
27.06688,0.59131336,85.27975,46.734627,0,0.2559332,,person
1209.2373,3.0538502,1260.976,150.41818,0,0.2556731,,person
937.4495,812.17255,1034.9471,1014.92706,0,0.8642023,,person
743.1667,824.47235,836.9394,1021.54034,0,0.8083519,,person
898.3795,290.46753,961.6835,447.42462,0,0.751883,,person
1500.53,80.12462,1556.4329,219.27948,0,0.71779466,,person
1232.551,262.55762,1297.9175,416.3815,0,0.71161073,,person
598.55994,24.176096,655.18384,123.75993,0,0.70268345,,person
982.5291,623.7479,1076.3662,822.3544,0,0.6930293,,person
1857.7712,189.92175,1919.0222,323.5744,0,0.6743185,,person
1379.6982,22.032623,1418.1316,155.62514,0,0.66294825,,person
1026.5258,277.95502,1070.0603,408.74203,0,0.65816325,,person
684.334,9.777472,730.6353,142.18039,0,0.65031475,,person
1812.0249,188.82904,1875.5361,310.52707,0,0.6416427,,person
500.1157,960.86664,612.73083,1080.0,0,0.6395457,,person
1762.5278,344.41306,1843.7043,503.04272,0,0.63344127,,person
1066.1953,160.39815,1123.7402,304.0224,0,0.6210002,,person
1198.1119,534.57227,1264.8048,681.1017,0,0.6184784,,person
931.3931,9.476543,985.49146,132.91649,0,0.580399,,person
473.0355,752.0638,558.4139,928.68915,0,0.5723749,,person
698.2977,362.69852,763.2291,527.3566,0,0.56490374,,person
202.3338,90.655754,266.15213,223.49364,0,0.5394353,,person
999.7152,21.989605,1036.9003,128.02417,0,0.4630864,,person
41.189293,127.3713,95.26829,248.9411,0,0.423407,,person
114.794174,786.7346,220.87239,970.42584,14,0.35975304,,bird
1209.2177,3.1102123,1261.3557,149.94193,0,0.31462976,,person
1720.4681,482.41647,1811.4148,514.1759,30,0.2989724,,skis
728.072,0.0,770.404,81.63645,0,0.276214,,person
938.8193,814.0617,1037.0355,1013.7117,0,0.8421413,,person
742.1764,819.9675,836.44135,1019.80005,0,0.8085618,,person
899.78375,292.49115,964.316,448.6521,0,0.78830546,,person
685.7959,8.258652,730.3546,135.79944,0,0.71574944,,person
1500.4497,80.392044,1555.8153,218.61905,0,0.7145925,,person
499.3145,965.2967,612.8544,1080.0,0,0.6936653,,person
1232.8832,261.06134,1297.3154,414.57166,0,0.68961424,,person
601.87634,22.93356,655.6742,124.72278,0,0.68405265,,person
984.02216,626.2449,1076.7196,822.29974,0,0.66957414,,person
1859.7675,188.10663,1919.2701,327.57092,0,0.6680876,,person
1763.8308,345.43195,1844.4346,500.9901,0,0.65723515,,person
698.77045,359.96457,764.1966,536.4068,0,0.6497323,,person
1027.5685,277.13977,1069.2609,410.40887,0,0.6349428,,person
1380.2719,22.12857,1417.5807,154.7579,0,0.6309822,,person
1813.466,189.17001,1872.9437,312.64352,0,0.6186735,,person
1066.476,160.10788,1124.5482,302.79703,0,0.5960425,,person
930.3252,8.212343,984.97943,134.66438,0,0.57214856,,person
1197.9442,538.9162,1265.9564,677.62823,0,0.56692624,,person
119.909615,790.91315,223.45624,974.06274,14,0.47394904,,bird
203.07417,91.61426,266.9018,222.65263,0,0.46277502,,person
1000.16766,21.837198,1036.6525,128.12352,0,0.43691528,,person
472.18808,754.75616,557.14935,932.7735,0,0.40151972,,person
1211.2815,11.830833,1264.9491,152.50085,0,0.3853132,,person
1721.7645,481.94952,1811.3192,515.75555,30,0.3814339,,skis
40.838287,128.00291,95.208916,247.85744,0,0.33124283,,person
1198.1125,537.17377,1266.9297,680.2846,17,0.30874634,,horse
331.31757,473.97748,398.92578,617.12787,0,0.29658118,,person
375.08658,476.67032,453.89557,641.3958,0,0.2936452,,person
730.3607,0.0,769.40594,80.56162,0,0.28536418,,person
119.46041,790.83105,225.2813,972.41895,0,0.27443737,,person
980.92224,697.93964,1026.7742,755.40344,26,0.26777354,,handbag
940.7719,818.21173,1038.0305,1014.0723,0,0.83994544,,person
745.3826,815.78485,833.9445,1019.81635,0,0.83218145,,person
900.258,294.80182,964.3079,448.6247,0,0.7439185,,person
685.6692,6.5617275,730.81824,134.07703,0,0.7412247,,person
1497.5176,77.00578,1554.2933,217.41582,0,0.7053192,,person
604.8695,22.72054,656.05225,125.27239,0,0.7030785,,person
698.19104,355.70535,765.18713,532.0987,0,0.6837448,,person
498.92624,973.26855,614.5132,1080.0,0,0.68367773,,person
1232.8741,258.69913,1298.1326,412.7562,0,0.6822904,,person
985.6401,629.7649,1074.2085,821.62946,0,0.67432034,,person
1814.26,190.66887,1874.5709,310.7615,0,0.6724321,,person
1861.6923,187.57645,1919.2123,328.49744,0,0.64938694,,person
1763.4785,347.07825,1844.6799,494.45316,0,0.64114475,,person
1380.1956,22.041046,1417.3063,155.00633,0,0.61773294,,person
1025.7704,275.3021,1069.2649,409.80316,0,0.59495825,,person
1199.3955,540.2622,1267.1671,680.421,0,0.58643126,,person
1065.6735,158.10353,1123.5509,302.47418,0,0.5785102,,person
930.2935,8.261009,984.8033,134.69073,0,0.57166076,,person
203.55267,92.03014,267.77554,222.3549,0,0.49993628,,person
119.59962,794.483,228.73207,972.068,14,0.46692172,,bird
1000.4218,22.398949,1036.4258,129.13574,0,0.4451177,,person
1212.7478,19.641592,1264.9003,151.05373,0,0.4074161,,person
473.31354,756.4301,557.0405,936.507,0,0.39462844,,person
1721.5704,482.88266,1811.5616,518.96844,30,0.38139787,,skis
40.707947,127.875595,95.562225,247.8186,0,0.34369692,,person
375.5864,476.69852,453.9462,641.0543,0,0.31271967,,person
331.3997,474.56845,399.20648,617.1143,0,0.29255483,,person
980.8537,700.8016,1027.7305,759.1509,26,0.28072688,,handbag
28.307667,0.20213127,98.297516,47.034523,0,0.27596706,,person
733.7175,0.0,767.2579,82.79283,0,0.254568,,person
938.94415,828.0932,1039.6008,1011.9983,0,0.8135392,,person
746.4852,809.47217,834.6191,1007.03125,0,0.81222045,,person
902.4527,299.72754,961.32916,446.9794,0,0.723476,,person
1498.7435,72.795525,1550.9066,212.95024,0,0.7125417,,person
985.98505,634.15894,1079.175,826.03107,0,0.69789016,,person
1232.6757,253.10303,1298.898,407.1483,0,0.6931611,,person
1198.8776,545.23535,1267.3173,683.48364,0,0.6798426,,person
500.70886,982.7192,616.33344,1080.0,0,0.67940634,,person
1817.4598,192.21744,1875.549,318.41052,0,0.6597768,,person
700.5434,347.181,767.7085,526.3504,0,0.648429,,person
685.6679,1.7140961,731.0255,127.499176,0,0.625506,,person
1380.1836,21.917473,1417.216,154.99934,0,0.61052,,person
1765.0715,352.8665,1845.1428,504.34012,0,0.56326056,,person
1065.4701,153.32231,1121.2942,300.11127,0,0.5556721,,person
1024.8798,271.4255,1069.0741,409.71332,0,0.5539755,,person
471.55713,764.9971,557.621,938.3716,0,0.55261385,,person
1864.5657,180.3793,1919.5164,329.5448,0,0.5415857,,person
931.07153,8.599022,984.0972,137.13231,0,0.5386142,,person
202.53342,95.75022,268.14926,222.76503,0,0.49153328,,person
981.6242,709.4826,1032.6406,769.4643,26,0.47551212,,handbag
608.72534,21.8674,652.57196,123.618095,0,0.42304623,,person
119.320656,798.30743,233.0891,972.07306,14,0.41208708,,bird
1212.6725,4.692896,1267.577,148.63976,0,0.40732336,,person
1014.49896,644.059,1074.1162,824.00903,0,0.3555971,,person
40.56372,127.607666,95.93987,247.90727,0,0.34855068,,person
331.18387,475.32605,399.528,616.8763,0,0.31740636,,person
1000.0197,22.297302,1035.7046,135.0695,0,0.3122323,,person
1720.2261,483.3126,1809.446,519.9313,30,0.2934761,,skis
381.62915,477.6329,455.2935,640.9247,0,0.28633294,,person
1195.1587,549.5883,1270.571,693.3446,0,0.81447154,,person
938.547,829.3958,1040.7825,1016.0623,0,0.8115684,,person
747.73004,805.01935,832.36084,999.9743,0,0.7699198,,person
501.06958,984.2124,617.4919,1079.6528,0,0.74379957,,person
987.9529,638.04034,1078.6638,835.7349,0,0.733568,,person
903.47644,301.24716,960.6885,448.5719,0,0.71345556,,person
1234.0847,251.11752,1298.2471,400.43393,0,0.70653856,,person
1497.0822,71.773224,1551.4292,208.92009,0,0.70431066,,person
700.0164,345.8377,765.2913,514.8199,0,0.66265553,,person
686.00214,0.41640472,730.7088,125.59399,0,0.6626263,,person
1818.631,191.38474,1878.78,319.9525,0,0.6293923,,person
1380.146,21.8602,1417.2598,154.59097,0,0.5808378,,person
470.19168,766.57416,556.3305,938.6076,0,0.5728552,,person
1763.6525,354.17,1845.6302,507.64133,0,0.5497812,,person
1064.6526,149.06421,1121.3494,296.95514,0,0.54930246,,person
932.6074,10.995575,983.9271,138.3094,0,0.53264153,,person
1023.54474,269.50134,1069.617,409.2421,0,0.5262588,,person
613.20935,21.905102,652.81915,122.55822,0,0.49201432,,person
1863.2911,168.45277,1919.2745,324.53238,0,0.47975937,,person
202.78986,96.15292,268.52466,222.80818,0,0.45156133,,person
1213.3494,4.1853848,1267.2944,146.2863,0,0.44931313,,person
982.08417,716.8214,1031.9122,772.2193,26,0.409377,,handbag
40.076645,126.82085,97.42448,248.10892,0,0.3931794,,person
330.68604,475.6408,399.60812,616.69745,0,0.30462497,,person
120.418465,800.72516,235.72784,972.9578,16,0.3018177,,dog
381.3114,477.6547,455.8345,640.98016,0,0.29759035,,person
999.5854,23.506765,1035.0677,137.0311,0,0.28726056,,person
1730.3456,353.98975,1846.749,518.80664,0,0.25147316,,person
501.20096,989.50854,617.9728,1079.3185,0,0.8432629,,person
937.6159,833.7107,1039.3818,1029.6416,0,0.8265013,,person
1193.5978,551.8872,1270.9852,704.016,0,0.812123,,person
746.47894,800.383,831.5338,993.1971,0,0.7884966,,person
698.0618,342.38126,765.3474,510.38895,0,0.7065244,,person
1235.3218,249.10245,1297.4205,389.97308,0,0.69813573,,person
990.273,645.1487,1076.3629,845.94745,0,0.6975451,,person
470.9522,769.5972,556.5064,938.71857,0,0.688539,,person
902.8352,302.84894,961.0347,453.65195,0,0.6866591,,person
1495.2308,71.21963,1549.9666,204.8906,0,0.6770538,,person
1822.1777,192.62146,1881.4043,322.20322,0,0.6345216,,person
685.99774,0.0,731.28424,123.73924,0,0.63167626,,person
1064.92,147.69513,1121.781,292.42526,0,0.57588714,,person
1380.096,21.867783,1417.1711,154.39435,0,0.5557286,,person
616.21344,20.414629,651.86115,121.001656,0,0.5417529,,person
932.005,9.366016,982.84753,141.4502,0,0.53587556,,person
1023.3029,266.7596,1069.193,407.15454,0,0.52928716,,person
1760.9275,355.2274,1846.6395,519.7057,0,0.50110996,,person
983.36206,721.2118,1033.0734,774.468,26,0.48755148,,handbag
1214.4387,3.2126884,1269.062,142.49222,0,0.439966,,person
1863.0363,164.87386,1919.2961,324.0114,0,0.43514445,,person
203.84029,96.30719,269.58548,223.32637,0,0.39285707,,person
126.18926,803.9227,236.44283,970.1323,0,0.36806807,,person
39.854588,127.46444,96.92904,246.99156,0,0.36550942,,person
330.85748,475.66022,400.25055,616.5564,0,0.33396038,,person
380.00052,477.6459,452.54544,641.26874,0,0.28899178,,person
42.260742,0.0,100.351295,44.69195,0,0.27278668,,person
738.22125,0.0,770.916,75.00387,0,0.267209,,person
999.0064,23.994364,1035.5837,138.21396,0,0.25354967,,person
501.65506,994.36707,617.67944,1079.4987,0,0.847416,,person
937.96735,837.38837,1040.6312,1039.6664,0,0.844886,,person
1191.0795,555.206,1271.6122,707.8397,0,0.8008331,,person
744.48065,793.3041,831.2177,981.71484,0,0.78626,,person
699.2672,340.23132,768.41675,505.1373,0,0.7534587,,person
992.14435,648.5106,1076.8478,859.1149,0,0.7349705,,person
1496.8298,67.22262,1549.0764,202.28041,0,0.7125108,,person
903.50903,303.02957,960.3838,459.12057,0,0.7040512,,person
1234.8777,243.21107,1297.3643,385.9782,0,0.6709595,,person
686.4785,0.0,730.783,120.560814,0,0.65241945,,person
1823.3265,195.15317,1882.5428,324.39743,0,0.65015227,,person
1065.4849,145.43736,1122.0795,283.82666,0,0.637409,,person
470.65384,772.3777,555.24506,938.887,0,0.613917,,person
1749.5403,357.4802,1849.4701,519.43695,0,0.6133738,,person
1022.108,264.44302,1068.5585,403.64218,0,0.59800357,,person
1380.0957,21.735323,1417.3602,154.83034,0,0.58197224,,person
619.867,18.181309,651.93463,122.491776,0,0.54286665,,person
932.9509,12.35051,983.8956,144.29681,0,0.5319529,,person
132.13751,805.9907,239.24979,971.42285,0,0.47455618,,person
203.84181,96.66857,269.86093,224.79112,0,0.4462054,,person
1863.853,160.92714,1919.3373,326.23776,0,0.41166565,,person
985.3666,724.81055,1031.2379,777.3303,26,0.39133728,,handbag
1215.9646,3.7199135,1269.8126,141.95259,0,0.3768131,,person
39.17014,127.08118,97.494415,246.8979,0,0.37617713,,person
381.13242,478.18286,454.43942,641.2022,0,0.36640537,,person
736.92444,0.0,770.3469,72.59731,0,0.35053095,,person
331.03134,475.59814,399.89932,616.4737,0,0.33679467,,person
998.4298,25.29824,1034.7902,142.87401,0,0.3337094,,person
48.698215,0.596323,98.580574,44.773216,0,0.2961765,,person
380.61404,478.4968,426.30472,628.6795,0,0.25833565,,person
422.7801,458.83035,505.03418,612.9401,0,0.25797176,,person
934.6487,842.03925,1040.5426,1055.1179,0,0.8307443,,person
500.7398,998.4214,617.42175,1080.0,0,0.7786829,,person
745.5969,790.8241,829.12854,967.9581,0,0.7751033,,person
1190.7478,561.7667,1271.6288,713.8814,0,0.7278543,,person
699.1231,338.69608,767.5198,497.6166,0,0.7167626,,person
905.9685,306.48544,960.1113,464.364,0,0.71414524,,person
993.6415,653.3865,1079.3049,862.79376,0,0.7106538,,person
1234.877,240.29242,1297.3474,384.04504,0,0.69363296,,person
1496.176,65.80323,1549.1968,199.50716,0,0.6924547,,person
1757.105,357.55545,1850.5474,519.0975,0,0.6741648,,person
686.1513,0.0,730.7265,119.61111,0,0.6659136,,person
1063.9803,140.07016,1121.3125,281.0656,0,0.6611753,,person
623.08057,17.762255,653.45557,124.29925,0,0.62112486,,person
1022.0519,263.51825,1068.6315,400.34375,0,0.612677,,person
469.4669,778.2667,555.5581,939.41895,0,0.5968586,,person
1379.9489,21.785517,1417.3784,154.91501,0,0.57800573,,person
133.77284,810.4563,244.49026,980.19617,0,0.569522,,person
1822.2837,196.33809,1882.4283,326.34686,0,0.5541388,,person
930.7403,13.129034,984.0529,146.6233,0,0.5456626,,person
1862.8235,157.52628,1919.346,329.08054,0,0.4578263,,person
38.386368,125.88091,98.88849,247.88152,0,0.43771452,,person
1219.1742,4.417923,1271.409,140.23737,0,0.42135507,,person
204.10611,97.190254,269.42523,228.19283,0,0.40128717,,person
737.89655,0.0,769.4261,70.88413,0,0.3975992,,person
985.2061,726.6817,1034.4655,782.0506,26,0.3890175,,handbag
330.9889,474.9786,399.31213,616.2435,0,0.3676545,,person
56.895573,0.21546936,96.58788,44.294014,0,0.3554066,,person
1020.86835,658.36224,1076.7993,858.5852,0,0.35352603,,person
998.4888,28.03414,1035.0392,144.17624,0,0.34295264,,person
381.55582,476.80032,458.30328,640.7317,0,0.32440045,,person
426.73242,459.3816,507.15143,608.71454,0,0.27702346,,person
985.047,720.04,1043.0563,797.8569,26,0.25669402,,handbag
934.038,850.40076,1040.0604,1058.2174,0,0.86535233,,person
1190.2338,568.25397,1271.9169,721.03894,0,0.77788764,,person
698.0505,336.54868,767.4308,494.80197,0,0.77005816,,person
500.62656,1001.8382,617.7417,1080.0,0,0.7668094,,person
1234.8076,238.72165,1297.2762,382.5824,0,0.74646807,,person
748.10944,786.696,828.51544,958.9012,0,0.74191654,,person
903.9789,311.37955,962.22876,463.1035,0,0.7319357,,person
1495.1537,65.520355,1549.2734,198.22055,0,0.68625,,person
1764.8248,358.799,1852.2504,518.35364,0,0.6853033,,person
686.14185,0.0,731.75616,119.93255,0,0.6754817,,person
992.6107,658.3621,1082.9348,867.0,0,0.67160594,,person
1021.8902,259.20807,1068.1761,392.4742,0,0.64659244,,person
1064.4453,138.72229,1120.9242,277.2142,0,0.6326794,,person
136.12479,816.05273,247.81668,994.1197,0,0.57993925,,person
627.1249,18.98545,656.9966,124.40959,0,0.5658303,,person
1379.94,21.793373,1417.21,154.81989,0,0.5643602,,person
931.8272,15.905291,984.2547,147.43704,0,0.5338279,,person
1822.7249,198.79779,1883.1724,328.56146,0,0.5100784,,person
738.4146,0.0,768.0024,69.51569,0,0.42879722,,person
38.410385,126.56452,99.066864,247.40836,0,0.41655263,,person
1219.2356,4.73291,1271.7892,139.89899,0,0.4104818,,person
469.0621,779.8634,553.57275,937.63403,0,0.39876762,,person
1863.68,152.9542,1919.3368,324.20892,0,0.39072287,,person
204.15038,97.524216,268.95633,230.00171,0,0.37669227,,person
467.963,780.68225,553.1318,939.0961,17,0.36305416,,horse
331.9302,475.89023,400.3657,615.6786,0,0.35274708,,person
381.54926,477.46426,456.74792,641.0988,0,0.34986717,,person
984.9998,728.55286,1035.8925,791.0656,26,0.30527642,,handbag
985.7923,723.5907,1045.0569,796.24054,24,0.29999945,,backpack
65.18269,0.0,97.75983,42.897526,0,0.27727565,,person
427.44296,459.66992,507.30112,609.0339,0,0.27445012,,person
998.2286,28.40106,1034.7694,144.04254,0,0.26790112,,person
934.56885,857.99725,1038.0992,1065.86,0,0.86442053,,person
696.5379,331.05002,766.6622,494.9785,0,0.7682938,,person
1189.066,573.8819,1272.7443,726.57263,0,0.75134265,,person
1235.0304,236.15332,1297.6794,381.00806,0,0.7322288,,person
906.8068,314.28314,963.03284,469.3645,0,0.7257822,,person
995.14636,665.495,1084.57,874.27936,0,0.6981203,,person
1494.4008,63.779663,1547.9441,193.96861,0,0.67706907,,person
686.22314,0.0,731.46155,119.71662,0,0.6612902,,person
1064.1414,138.5514,1118.9326,275.754,0,0.65835094,,person
1764.3856,363.20966,1852.6249,520.32806,0,0.6477817,,person
746.689,779.6023,828.94336,949.6423,0,0.63664377,,person
499.24496,1011.27026,604.8506,1080.0,0,0.63156444,,person
1022.8768,252.6688,1069.0739,383.88657,0,0.59019905,,person
1379.7994,21.72892,1417.7246,154.99454,0,0.5900375,,person
632.317,21.399181,665.3556,123.20154,0,0.5342106,,person
932.8275,20.854288,985.53516,152.33871,0,0.5147766,,person
203.23183,100.33081,269.77277,234.03479,0,0.44467765,,person
36.430653,126.633,101.48893,247.25491,0,0.3909992,,person
381.21973,478.1113,459.15134,640.79675,0,0.38375026,,person
1823.1351,201.4157,1884.8138,331.0549,0,0.38203323,,person
988.6348,732.92084,1037.2975,800.24744,26,0.34978658,,handbag
143.43878,824.603,255.34511,1005.3135,0,0.32357553,,person
737.38666,0.0,765.4433,67.06771,0,0.31315315,,person
1217.9484,3.5652065,1275.6368,134.87682,0,0.30186346,,person
331.74164,475.9075,399.14944,614.67175,0,0.30185518,,person
380.60458,478.62662,428.55496,626.91675,0,0.26893348,,person
998.5906,32.23232,1035.834,140.83507,0,0.26665205,,person
466.83133,787.7891,556.52606,942.8529,0,0.26654992,,person
426.1073,458.63882,505.10797,612.2308,0,0.25384423,,person
934.39966,862.9043,1036.8223,1072.1902,0,0.85834813,,person
1192.4546,574.86786,1273.5648,725.911,0,0.778883,,person
698.3305,328.76907,764.1471,495.8432,0,0.767119,,person
1235.7588,234.58333,1297.7604,380.4324,0,0.7570499,,person
1489.1118,61.82419,1547.2959,192.71416,0,0.72457254,,person
686.65796,0.0,730.9761,118.8192,0,0.6973547,,person
904.01074,317.54755,962.51935,462.5355,0,0.68820286,,person
1759.7091,364.67697,1853.3588,522.96844,0,0.67164296,,person
746.9742,772.4575,829.0501,949.1085,0,0.663236,,person
1062.9187,138.80447,1117.6205,274.6529,0,0.62992346,,person
497.2816,1012.66846,600.77826,1080.0,0,0.6200425,,person
1379.7546,21.691223,1417.4377,154.99768,0,0.6088709,,person
1023.76483,251.80188,1068.6776,383.2328,0,0.5983106,,person
997.7137,669.3322,1085.301,875.1832,0,0.5777965,,person
933.8996,22.125378,987.4162,152.52748,0,0.5527668,,person
634.5083,19.428886,668.48846,124.742,0,0.54689306,,person
145.95827,827.65985,258.98584,1016.5813,0,0.5158148,,person
202.50847,100.90874,269.87076,237.2075,0,0.4697397,,person
381.55072,478.21957,460.0028,640.44696,0,0.3890519,,person
36.28848,126.463234,101.50804,247.05168,0,0.378558,,person
1225.8414,27.472778,1277.2699,134.70338,0,0.32920745,,person
989.14764,739.43427,1038.8373,805.4639,26,0.32178456,,handbag
737.96344,0.0,764.76807,67.272285,0,0.31030977,,person
330.55594,476.85864,397.4546,614.86304,0,0.30482787,,person
1823.0718,130.35448,1919.486,336.3361,0,0.3004767,,person
998.3604,33.30245,1035.4476,141.10455,0,0.28887922,,person
381.09268,478.7899,429.21902,631.18945,0,0.27581763,,person
428.03494,459.6794,507.3371,610.4539,0,0.26626095,,person
1769.1094,0.96025085,1824.4032,43.144238,0,0.2560304,,person
934.26715,867.4972,1037.272,1075.0437,0,0.8405497,,person
1486.274,59.381447,1544.9972,192.11357,0,0.7756956,,person
1235.2701,233.62537,1297.121,382.022,0,0.7742314,,person
698.4176,327.48557,763.8835,493.95795,0,0.74924654,,person
1194.9559,576.5754,1272.819,724.0804,0,0.71580136,,person
747.88586,769.33484,832.7871,952.27295,0,0.6969832,,person
1764.4231,366.28345,1854.622,529.2433,0,0.67795527,,person
686.58527,0.0,730.49634,117.381485,0,0.6706623,,person
907.69556,318.6322,961.83655,477.7548,0,0.66427815,,person
497.81204,1017.1097,602.10486,1080.0,0,0.627716,,person
1024.7579,250.5043,1068.5421,380.029,0,0.61712664,,person
1379.6921,21.525444,1417.2877,154.73433,0,0.60320395,,person
997.7895,671.1427,1085.6042,875.161,0,0.57734513,,person
1066.7175,139.32768,1120.0891,270.62805,0,0.57713175,,person
935.3355,23.630058,988.2244,151.6734,0,0.54002005,,person
468.3609,795.8518,553.8296,961.7946,16,0.5242007,,dog
635.45166,21.780064,673.8194,123.63165,0,0.5056173,,person
202.11026,102.25987,270.317,238.96838,0,0.4996262,,person
148.64113,833.6584,260.49042,1021.2371,16,0.38735247,,dog
381.94052,477.95398,462.21176,639.42664,0,0.35978675,,person
1769.1057,0.0,1823.3595,38.533176,0,0.33699617,,person
36.418556,126.508415,101.44185,246.50864,0,0.32456842,,person
332.29306,475.44507,399.50623,614.59283,0,0.3060929,,person
1227.4164,25.879303,1276.9502,130.02745,0,0.2911145,,person
998.83704,33.369896,1034.3547,143.9691,0,0.28433716,,person
1823.5627,126.573875,1919.4935,336.17365,0,0.27011573,,person
424.4685,458.8113,504.87067,613.2882,0,0.2674346,,person
738.00964,0.0,763.8515,66.240814,0,0.25785652,,person
933.15784,873.59753,1037.3042,1076.6924,0,0.83354646,,person
1235.0475,231.34369,1296.1677,382.6397,0,0.7683497,,person
1486.3407,58.885437,1543.0603,189.52223,0,0.7537911,,person
746.6884,767.6459,832.7033,951.34314,0,0.7456347,,person
696.7204,326.3026,763.7789,493.00662,0,0.716407,,person
1198.5587,578.8881,1273.5016,724.65674,0,0.7147217,,person
687.09106,0.0,730.7857,115.77763,0,0.69168794,,person
910.2722,321.95544,961.57837,480.32968,0,0.6780208,,person
1762.6615,370.02512,1855.8215,534.86066,0,0.64906305,,person
1023.8769,247.87793,1068.3685,378.00064,0,0.63944715,,person
997.6278,673.88525,1087.9735,875.80005,0,0.6101163,,person
1379.7961,21.527596,1417.5767,154.89758,0,0.60352015,,person
1065.3665,137.71553,1116.6995,274.60043,0,0.5888587,,person
936.3337,24.478294,987.291,152.3298,0,0.56677175,,person
989.9222,742.4621,1042.9506,814.0893,26,0.5255323,,handbag
636.2356,21.213776,676.05133,123.80159,0,0.5225671,,person
498.42426,1023.4497,597.1736,1080.0,0,0.51274383,,person
150.24834,839.1482,263.7285,1020.25964,0,0.47752884,,person
201.02808,102.19414,270.0932,241.18776,0,0.45102778,,person
1232.7257,30.063978,1276.801,131.98193,0,0.3911733,,person
464.1471,800.2914,553.7276,970.70325,0,0.36598074,,person
466.3497,801.7692,553.3735,976.9715,16,0.34917262,,dog
998.127,34.340527,1034.8992,143.40875,0,0.3417816,,person
381.53412,477.69937,462.48962,638.9896,0,0.33308068,,person
37.29816,126.273056,98.89597,243.47543,0,0.31260607,,person
332.09775,475.17975,400.27625,614.50323,0,0.304957,,person
1866.6556,137.14427,1919.3534,335.8034,0,0.28926206,,person
1828.4008,136.97246,1919.153,336.14062,0,0.2848293,,person
933.53906,876.19354,1036.6494,1077.589,0,0.836612,,person
155.70763,841.92316,266.18503,1021.6529,0,0.7655464,,person
745.3469,766.556,831.4843,952.24585,0,0.7599057,,person
1485.0137,58.648064,1540.9246,189.31165,0,0.7554119,,person
1235.3148,229.46654,1295.9286,378.31982,0,0.752304,,person
1201.41,583.55426,1274.6156,724.77106,0,0.75014156,,person
698.6911,325.27118,764.4276,493.02878,0,0.69075894,,person
910.36597,322.60724,962.09033,478.78732,0,0.6847718,,person
687.4888,0.0,730.8494,112.739456,0,0.6801453,,person
1027.1656,247.17989,1067.4335,376.41333,0,0.66421664,,person
998.7928,675.7288,1088.3276,875.7862,0,0.62054676,,person
1066.2705,137.30235,1118.4475,275.16348,0,0.61835855,,person
1380.1124,21.159508,1417.6091,154.73865,0,0.6089059,,person
936.2106,25.055191,987.05676,152.2538,0,0.5480405,,person
638.2055,22.360674,683.7185,124.01621,0,0.5401264,,person
466.17334,804.9042,554.9837,984.81445,16,0.5334252,,dog
1747.066,371.88547,1855.4425,543.13007,0,0.5255746,,person
990.9137,743.82587,1044.0718,818.9815,26,0.5241026,,handbag
499.2638,1028.5653,593.9938,1080.0,0,0.4532506,,person
200.86122,105.71679,269.2696,242.25894,0,0.4211958,,person
998.08704,36.26168,1035.4171,144.32333,0,0.40557295,,person
1867.1177,136.79164,1919.3525,335.24664,0,0.38608995,,person
381.3265,478.00424,463.46835,639.70795,0,0.37741697,,person
332.59946,475.1782,398.8711,614.2683,0,0.37487662,,person
465.12982,804.23914,554.48126,982.37915,0,0.36405268,,person
1229.3164,26.088352,1282.0834,135.67802,0,0.34906405,,person
37.49113,126.24026,99.06793,243.58856,0,0.3223109,,person
426.43866,460.50888,505.11377,612.8158,0,0.3151787,,person
1767.7563,0.25784683,1823.5149,40.431038,0,0.27096725,,person
933.98676,882.7922,1036.5403,1077.0636,0,0.7902046,,person
1204.6154,588.2888,1275.93,728.99255,0,0.76275086,,person
1233.7946,224.23215,1294.7087,373.1548,0,0.7509283,,person
910.55273,325.03705,966.44586,479.72208,0,0.75026995,,person
744.807,758.1447,828.5459,947.58636,0,0.7355435,,person
1483.6154,58.854816,1538.2698,183.09023,0,0.71434516,,person
698.9753,322.3298,763.60657,494.46066,0,0.64479965,,person
1027.0284,245.34494,1067.6332,375.66,0,0.62822855,,person
639.0283,22.466492,684.6648,123.9147,0,0.60621685,,person
1379.9349,21.048883,1417.6719,154.61298,0,0.59374756,,person
1069.6509,135.66948,1121.8846,270.99646,0,0.5862046,,person
1770.3224,374.575,1856.6185,548.0585,0,0.5644567,,person
686.5218,0.0,729.716,105.192764,0,0.55688655,,person
997.52545,682.9774,1090.3141,876.75446,0,0.5513926,,person
199.95305,107.04356,270.42014,245.24094,0,0.5506644,,person
934.9849,28.298767,988.30176,153.36865,0,0.5240592,,person
1841.7458,122.33473,1919.2485,337.9543,0,0.40951818,,person
1768.351,0.49473667,1834.5311,38.805737,0,0.39839196,,person
1234.9594,24.782896,1284.8138,132.06836,0,0.3857256,,person
37.938854,126.13846,101.76203,245.03014,0,0.38406613,,person
381.17624,477.38474,465.2892,640.2128,0,0.3758407,,person
997.8508,36.251152,1035.7009,150.91856,0,0.37426433,,person
333.1876,474.7683,398.82367,613.4553,0,0.36189023,,person
462.51608,812.15704,554.0329,993.30145,0,0.36155504,,person
990.82214,745.1995,1042.4645,821.0519,24,0.35317507,,backpack
158.01169,845.08704,268.2809,1021.7527,0,0.34601253,,person
427.1003,459.64316,509.12296,609.58594,0,0.27779993,,person
80.19159,0.9426384,151.811,42.5407,0,0.25219527,,person
464.88678,813.73883,553.69574,994.19073,16,0.25088534,,dog
936.05457,886.9532,1036.5846,1078.6543,0,0.8075817,,person
910.2537,326.3238,967.17975,478.48993,0,0.7641424,,person
1232.251,219.50308,1292.7681,368.34512,0,0.75969523,,person
1205.8376,591.8765,1278.3082,735.4871,0,0.75138557,,person
1483.1946,55.378326,1536.7117,183.58374,0,0.7448722,,person
743.8466,754.5042,826.6969,944.34174,0,0.6634126,,person
700.1109,321.78857,763.01917,492.4587,0,0.63042915,,person
1026.4686,243.48843,1068.3734,377.4704,0,0.6222375,,person
638.7298,21.871943,691.5951,124.81435,0,0.5909329,,person
1380.0923,20.219238,1417.9398,154.33284,0,0.58148545,,person
998.3359,685.3887,1090.5814,875.5338,0,0.5794013,,person
199.96385,107.46447,269.7402,245.97377,0,0.5775897,,person
1754.8499,377.33112,1856.6243,551.1557,0,0.5717158,,person
1069.7999,133.65858,1123.7026,270.69568,0,0.5591667,,person
686.0272,0.0,728.3603,102.176926,0,0.5418196,,person
36.34325,126.71796,105.46607,244.82703,0,0.5033381,,person
992.038,747.77606,1036.5105,821.33777,24,0.48453584,,backpack
935.4104,30.112822,988.9462,153.63878,0,0.47517395,,person
1236.193,23.480633,1286.8425,129.55064,0,0.43742839,,person
1842.4735,103.18382,1919.5133,342.42728,0,0.41829377,,person
381.01804,477.8584,463.43637,639.94446,0,0.3671054,,person
333.67282,474.3957,399.36346,613.93805,0,0.36340788,,person
997.96826,36.38039,1036.185,154.60458,0,0.36072215,,person
1769.6147,1.3475533,1839.6995,39.348347,0,0.32314643,,person
426.08487,459.48853,509.56046,610.1713,0,0.3052333,,person
159.0111,849.86426,270.22318,1020.29297,0,0.30046624,,person
463.1888,814.17883,553.80676,994.9918,0,0.28657517,,person
82.34525,0.6584301,153.84166,42.983017,0,0.2793646,,person
935.89856,890.6594,1036.2144,1076.7935,0,0.8313835,,person
911.02026,327.56635,968.1671,479.29752,0,0.77533555,,person
1230.7589,215.78302,1293.1653,364.79626,0,0.74958104,,person
740.33984,751.6906,823.8913,940.27,0,0.7179429,,person
1483.1215,53.006927,1534.3617,183.0677,0,0.7155448,,person
1206.208,597.0621,1278.6123,744.1873,0,0.7076882,,person
997.8781,687.9317,1091.3844,875.35095,0,0.646545,,person
699.90765,319.65768,762.2743,488.49173,0,0.629407,,person
1766.6061,381.98953,1856.7079,553.3502,0,0.5921036,,person
198.97192,107.21139,269.04877,246.30612,0,0.5876722,,person
1026.6731,242.87686,1067.8846,376.23907,0,0.58583945,,person
640.9023,21.74639,698.1307,123.61006,0,0.5689227,,person
1380.5955,19.903742,1417.9362,153.78186,0,0.5642953,,person
1068.5682,131.05592,1124.5938,268.57892,0,0.5366768,,person
685.56854,0.0,728.7298,102.142715,0,0.5120112,,person
36.427517,126.257034,105.957825,244.42786,0,0.50100124,,person
158.8017,852.5257,270.84796,1020.5724,0,0.48834372,,person
1843.0789,101.83723,1919.5063,343.24512,0,0.48056638,,person
935.163,29.695919,988.24786,154.01569,0,0.46109655,,person
1238.3807,23.894777,1285.9977,128.94499,0,0.41974878,,person
381.5564,478.2886,460.8657,639.818,0,0.4187708,,person
333.92847,474.9017,395.13922,611.3063,0,0.3843436,,person
461.6671,818.3529,549.0282,998.6988,0,0.3588946,,person
426.3154,459.34067,510.6873,608.8911,0,0.35237387,,person
998.16797,37.643417,1036.0056,156.48643,0,0.34950462,,person
461.70932,820.80597,548.2131,996.7855,14,0.34128878,,bird
1769.7847,0.8647957,1837.6582,37.689983,0,0.28868765,,person
992.02625,760.32245,1039.3184,824.3515,24,0.28569728,,backpack
937.785,896.90936,1036.3955,1080.0,0,0.8646095,,person
738.95557,745.5579,821.8149,934.60535,0,0.8165091,,person
911.8958,330.03735,971.11725,482.86432,0,0.79888916,,person
1207.819,599.71454,1279.8015,751.9252,0,0.78273934,,person
1229.6334,213.8643,1294.2188,359.85187,0,0.7464715,,person
1483.1582,51.05056,1533.877,180.85745,0,0.6891362,,person
699.60956,315.1692,761.65625,486.4811,0,0.67950517,,person
997.51215,690.89215,1091.0137,884.36597,0,0.6541603,,person
158.58789,856.9278,274.30386,1030.0884,0,0.6366541,,person
1028.0524,243.30377,1067.6442,374.82983,0,0.63241273,,person
198.25443,108.30325,269.24332,246.36351,0,0.5979959,,person
1764.6259,383.66272,1856.6005,556.8272,0,0.55808425,,person
1381.0657,19.577751,1417.9003,153.37685,0,0.5546579,,person
643.0414,21.344856,700.7392,124.02235,0,0.53672165,,person
457.71213,826.23267,546.3375,1001.56384,14,0.52223444,,bird
1068.9102,127.93433,1125.1315,267.32593,0,0.5212841,,person
1859.026,113.0718,1919.5079,345.22232,0,0.47786355,,person
36.47889,126.16572,106.91495,244.16748,0,0.47747612,,person
934.9067,28.63528,989.0784,154.40591,0,0.47594625,,person
686.751,0.5335007,730.433,99.51592,0,0.472155,,person
1241.8418,22.541313,1289.2917,127.68885,0,0.46009064,,person
333.9182,474.6472,394.62134,611.47125,0,0.4100869,,person
381.40137,478.71405,458.99304,639.6868,0,0.3839067,,person
426.23795,459.1716,510.2806,608.4941,0,0.36896583,,person
998.11395,40.990494,1036.424,157.64243,0,0.35447955,,person
86.49883,0.0,152.95065,42.0833,0,0.34648824,,person
1772.0596,0.28118706,1839.6042,38.053635,0,0.33741418,,person
991.42993,765.3576,1031.7726,829.108,24,0.3319092,,backpack
939.0469,899.55597,1037.4939,1080.0,0,0.8568768,,person
911.1883,334.1195,971.965,486.51297,0,0.8374614,,person
738.9736,742.43884,820.24805,927.77637,0,0.82473123,,person
1208.5593,601.06055,1280.625,758.2209,0,0.795661,,person
1482.8807,48.69303,1533.6482,177.91133,0,0.7327419,,person
993.29517,694.35486,1092.5255,903.5798,0,0.7159453,,person
1230.0309,209.43095,1293.1444,354.5259,0,0.7080589,,person
698.8393,311.99286,761.1499,485.48126,0,0.66396165,,person
458.5078,830.15295,545.46277,1001.93207,14,0.6243615,,bird
1028.9165,238.67464,1067.239,373.08417,0,0.6239511,,person
160.55003,862.34766,276.03235,1043.7573,0,0.61517984,,person
1381.1863,18.975323,1418.2181,153.43422,0,0.5654841,,person
1766.8367,384.8588,1856.614,557.1451,0,0.5575099,,person
1069.5956,126.14841,1124.2135,261.53275,0,0.5513635,,person
197.67883,109.36157,268.64713,246.42403,0,0.55062705,,person
36.181103,125.07472,108.193474,244.37929,0,0.51421744,,person
1243.6117,22.380981,1288.8208,125.61557,0,0.48533028,,person
1860.3047,123.49528,1919.206,346.24353,0,0.45432392,,person
933.4554,30.209301,988.92426,155.76485,0,0.43416262,,person
647.1778,20.903372,702.513,125.64981,0,0.3969875,,person
382.21753,481.4339,458.18417,639.60004,0,0.36406133,,person
991.3883,765.5645,1034.2156,832.5273,26,0.3634707,,handbag
688.1302,1.7113152,729.9328,98.74434,0,0.36237004,,person
425.32333,458.98932,510.894,608.7777,0,0.36021334,,person
333.783,474.0336,392.2543,609.88226,0,0.3473141,,person
997.5835,43.039993,1036.5073,158.49861,0,0.3411838,,person
1828.1931,194.0594,1889.4763,331.27295,0,0.28964767,,person
92.54551,1.0038414,151.4758,40.878834,0,0.25832787,,person
382.41415,478.73282,438.37814,632.0895,0,0.25541764,,person
1775.5488,0.12525845,1841.1255,38.262897,0,0.25168884,,person
910.89484,336.4484,975.34247,501.49567,0,0.84746015,,person
942.9276,910.6943,1040.0868,1080.0,0,0.8431831,,person
1211.4413,610.6328,1283.8551,769.36383,0,0.78576535,,person
995.1704,699.7516,1094.7173,918.06903,0,0.7659109,,person
1483.5671,44.669933,1532.6346,172.37056,0,0.7547372,,person
164.55482,867.98346,282.43158,1065.3552,0,0.734427,,person
739.221,731.5195,818.8688,906.0051,0,0.70761794,,person
1229.9435,205.11127,1294.2131,346.22372,0,0.7061148,,person
1028.8217,231.4119,1069.0334,364.30737,0,0.6453541,,person
697.6667,305.95636,759.6589,474.13086,0,0.6416597,,person
1070.264,120.57065,1125.9644,252.7603,0,0.61817396,,person
1381.404,18.502373,1418.7631,152.96033,0,0.60085994,,person
196.23721,109.90329,268.96973,246.49667,0,0.5517359,,person
933.709,27.783033,988.2563,159.96219,0,0.53633654,,person
1846.8422,102.36067,1919.5222,346.9702,0,0.53603655,,person
454.7568,833.1189,544.8802,1002.89795,0,0.5119916,,person
37.06938,124.07991,109.53722,244.17888,0,0.44911963,,person
1245.5856,14.791134,1293.3839,121.19223,0,0.4371667,,person
997.2296,43.56433,1035.4812,158.35754,0,0.39547455,,person
334.30746,472.99268,392.45847,611.2232,0,0.38269868,,person
685.9258,0.56331253,729.2278,96.58186,0,0.35449073,,person
106.491005,1.1439028,151.80571,38.94184,0,0.34808606,,person
425.65704,458.87073,511.08087,608.27637,0,0.34601772,,person
994.12354,770.4315,1040.6572,844.8381,26,0.3443712,,handbag
1764.0941,387.27145,1856.0673,559.2353,0,0.32020703,,person
381.77908,482.80325,450.19867,638.923,0,0.3106009,,person
1780.4031,0.48054886,1841.3633,37.51458,0,0.2889865,,person
457.1552,832.7904,546.3206,1003.69116,14,0.27641478,,bird
942.4499,915.92194,1041.789,1080.0,0,0.83286506,,person
911.8534,340.3406,975.5613,505.82712,0,0.7932253,,person
1212.7174,614.4209,1285.8018,771.93225,0,0.73563516,,person
995.278,704.6391,1093.8557,920.77405,0,0.7302025,,person
1484.5244,42.869797,1531.6802,169.94106,0,0.7123493,,person
1230.723,205.52687,1295.2676,344.34277,0,0.68697727,,person
737.9118,728.52106,818.4286,894.9412,0,0.66799057,,person
1029.3234,230.34746,1068.2208,360.40915,0,0.646418,,person
165.08586,877.192,283.85275,1067.5378,0,0.6308273,,person
699.19885,305.4645,759.82544,469.25034,0,0.6167242,,person
1069.8655,120.16258,1126.0529,251.58041,0,0.6029575,,person
1381.2042,18.172989,1418.7028,153.08594,0,0.60040116,,person
195.78424,110.06795,267.50327,247.11845,0,0.5650601,,person
932.77167,30.954775,989.8068,161.1787,0,0.52910495,,person
1844.046,100.24182,1919.503,347.71365,0,0.49503186,,person
37.41268,123.8519,109.88158,244.66438,0,0.45280072,,person
1246.3383,14.650269,1293.6842,124.15244,0,0.39822584,,person
452.0527,837.3565,544.6026,1003.32,0,0.39419687,,person
997.63275,44.745384,1035.4011,158.43617,0,0.36280182,,person
1765.0858,388.11075,1856.6503,560.38403,0,0.33962807,,person
454.55612,837.83374,545.9087,1003.8584,14,0.32767075,,bird
426.18375,458.68744,511.71542,608.0433,0,0.31346646,,person
334.64804,472.59,392.12094,612.10187,0,0.31112733,,person
381.7273,482.1634,449.4311,639.48035,0,0.29718977,,person
687.2914,1.350174,730.0062,93.08281,0,0.29067737,,person
994.7298,779.31635,1041.1396,849.803,26,0.28311792,,handbag
663.8141,6.0601215,726.13385,116.74507,0,0.2693145,,person
1785.782,0.18532848,1841.9932,38.7239,0,0.26460704,,person
1826.8528,223.10701,1892.1548,336.89368,0,0.26247826,,person
911.52814,346.02585,975.3371,508.2896,0,0.828968,,person
944.7623,923.1513,1044.241,1080.0,0,0.80371976,,person
736.7484,722.86597,818.3194,891.19775,0,0.7339576,,person
170.09363,883.0626,285.53806,1077.7932,0,0.7319571,,person
1214.8864,618.55304,1285.0148,773.03906,0,0.70289665,,person
1231.437,202.89372,1295.8407,343.34247,0,0.7025355,,person
1485.0856,40.153954,1531.875,168.13806,0,0.66961557,,person
1069.8967,117.75906,1125.5227,250.47386,0,0.6424467,,person
1029.0894,227.11931,1069.9299,354.57184,0,0.61511624,,person
699.29095,300.52673,760.0948,460.25696,0,0.6093112,,person
996.38324,709.6412,1091.442,926.0854,0,0.5934066,,person
1381.0039,17.621155,1419.3348,152.68411,0,0.579349,,person
194.89409,109.96809,265.11353,248.4658,0,0.57487625,,person
36.82567,123.628716,109.261986,244.80873,0,0.54230607,,person
933.5594,32.763374,989.30365,162.37505,0,0.5375639,,person
1764.2733,390.9484,1856.6932,560.2294,0,0.40417373,,person
380.99573,478.3569,454.14774,638.417,0,0.38482845,,person
997.30444,45.412354,1034.5166,157.44827,0,0.36269814,,person
453.67987,839.1035,542.45636,1003.9032,0,0.3517679,,person
427.05505,457.9898,511.98166,608.1482,0,0.3496572,,person
1830.1915,119.75473,1918.8204,344.5493,0,0.34842616,,person
1246.8755,13.712723,1293.3605,123.52499,0,0.34581548,,person
335.4715,472.87308,400.146,615.2976,0,0.3287491,,person
995.17694,787.6375,1042.8724,851.60834,26,0.3040311,,handbag
665.07684,5.783798,725.2863,117.070724,0,0.25306267,,person
665.72266,24.1279,716.819,124.25198,3,0.25145438,,motorcycle
120.89303,0.0,151.2595,37.625496,0,0.25088552,,person
910.8005,348.24536,974.3273,509.93674,0,0.8129685,,person
946.60034,928.37256,1048.447,1080.0,0,0.7986033,,person
1217.19,621.44885,1285.6284,773.7869,0,0.7457357,,person
175.24377,891.18665,287.7,1076.2327,0,0.7379369,,person
737.4047,719.2553,817.1909,890.49866,0,0.72023654,,person
1484.3857,37.299545,1529.6285,168.53687,0,0.67895246,,person
1229.315,198.88307,1294.1072,343.9995,0,0.6775163,,person
1069.3195,115.04464,1125.097,248.13676,0,0.6389923,,person
699.8487,298.03793,760.5485,454.35306,0,0.62129337,,person
1029.0579,224.11473,1069.7933,351.5874,0,0.60939413,,person
996.7264,711.683,1092.0642,930.9595,0,0.60678726,,person
1380.8693,17.631065,1419.1826,152.70764,0,0.59233063,,person
195.21895,111.20558,265.22214,247.08307,0,0.5554675,,person
36.04021,123.419106,108.37896,244.69653,0,0.5458491,,person
932.5013,30.304825,987.9006,164.73717,0,0.53126115,,person
381.3526,482.34732,449.36282,638.11914,0,0.4277287,,person
454.53397,843.5354,542.5044,1000.88525,0,0.40964258,,person
1765.2107,392.1233,1857.0667,559.9713,0,0.37359905,,person
453.23648,842.73175,542.36835,1002.17377,14,0.37105843,,bird
1247.346,14.756916,1294.3527,123.18778,0,0.36228293,,person
427.35828,458.07498,511.7721,608.24634,0,0.35797602,,person
996.77856,45.59441,1033.9761,158.20047,0,0.3505559,,person
336.17398,472.903,399.188,614.77277,0,0.34309375,,person
1409.2452,1014.9459,1483.9713,1080.0,0,0.33401802,,person
1829.547,125.60989,1919.2343,345.86896,0,0.32819182,,person
667.7447,19.882095,718.4303,124.519226,3,0.28867617,,motorcycle
123.23325,0.0,153.88052,37.14893,0,0.2509104,,person
948.13934,932.5168,1048.6879,1080.0,0,0.822116,,person
909.91077,349.23102,975.1807,510.95215,0,0.814174,,person
736.09644,716.54474,815.8938,889.83655,0,0.7199997,,person
179.49945,893.6854,290.27573,1079.5609,0,0.7119112,,person
1216.484,622.5886,1286.1512,773.278,0,0.7054848,,person
1483.8413,36.1167,1528.8612,168.44418,0,0.67879814,,person
1230.143,199.36862,1292.0278,344.05545,0,0.6681235,,person
701.7875,294.28528,760.5097,453.3729,0,0.6407503,,person
1029.0612,220.96907,1070.3203,349.83438,0,0.6406506,,person
1069.1389,113.65551,1124.3562,247.83281,0,0.63911617,,person
194.9789,113.93912,265.9524,247.37105,0,0.5982479,,person
35.720078,123.24933,108.18974,245.25948,0,0.5758514,,person
1380.9221,17.691284,1419.1985,152.63127,0,0.57254833,,person
997.90063,718.8802,1094.0087,936.8387,0,0.5677389,,person
932.19434,33.757553,988.0115,165.05173,0,0.530006,,person
452.6878,847.08386,541.7827,1002.4415,0,0.52915466,,person
1769.4596,394.08292,1857.8849,557.4539,0,0.38064337,,person
380.65958,482.38626,451.16602,638.2688,0,0.37783697,,person
1403.3981,1008.9222,1486.1885,1080.0,0,0.3383847,,person
335.77368,473.03412,399.09622,614.471,0,0.3078438,,person
997.3949,46.020836,1034.1882,157.76529,0,0.3008938,,person
1245.8599,9.840614,1295.064,123.12021,0,0.29153198,,person
994.3091,792.531,1060.7567,861.711,26,0.28338543,,handbag
1828.9281,114.042625,1919.3496,344.94785,0,0.26510212,,person
427.5057,457.6852,511.57986,608.2006,0,0.264885,,person
669.0046,26.588562,716.5179,124.67246,3,0.2634322,,motorcycle
669.70087,4.1502457,721.02734,114.84084,0,0.2592309,,person
950.15265,940.01514,1052.3473,1080.0,0,0.850529,,person
909.7965,352.08838,974.6605,518.50806,0,0.82165307,,person
1214.271,624.30725,1290.3337,768.8791,0,0.7552434,,person
734.12787,709.19403,814.88525,888.9937,0,0.73156315,,person
193.77293,115.60808,264.97995,251.71884,0,0.679862,,person
996.35486,725.4308,1093.1407,940.0141,0,0.67314327,,person
701.6303,290.5893,762.7404,447.19684,0,0.6633153,,person
1478.9877,35.45459,1528.4418,167.89162,0,0.6585435,,person
1029.1461,217.49954,1070.4874,347.8481,0,0.65215534,,person
1233.7778,193.53859,1292.7228,341.9577,0,0.63702375,,person
1069.0748,111.34243,1122.5815,249.05573,0,0.624008,,person
449.39246,853.88104,540.0372,1030.554,14,0.60018176,,bird
35.016655,123.66964,107.90394,244.94354,0,0.58866125,,person
1381.8579,16.85966,1418.6757,151.13484,0,0.5593962,,person
932.45276,38.75654,987.82477,165.46967,0,0.48486945,,person
180.98174,904.3118,293.6906,1078.8354,0,0.4663955,,person
1770.1578,396.2784,1857.497,557.4185,0,0.41463777,,person
995.0795,794.22766,1066.829,869.0625,26,0.39369023,,handbag
381.26913,481.05496,452.6153,637.25653,0,0.38536665,,person
1869.0428,146.82771,1919.2313,345.6121,0,0.34688932,,person
1249.6619,11.181158,1298.3829,118.66521,0,0.34048614,,person
1829.9357,101.74668,1919.2417,297.16196,0,0.33267346,,person
336.7544,472.44214,400.37274,614.19037,0,0.32431784,,person
997.47894,46.736458,1034.6749,158.40707,0,0.30377442,,person
673.3863,2.5290756,725.6814,120.846016,0,0.29174608,,person
425.72684,456.89236,511.37836,608.45166,0,0.28426704,,person
336.64484,472.39114,397.1978,613.9053,14,0.2573574,,bird
909.34937,354.6924,974.01416,518.9909,0,0.8379745,,person
951.97504,946.80963,1054.7631,1080.0,0,0.80522037,,person
735.10565,704.6063,814.55457,890.25385,0,0.73275983,,person
996.27216,730.9807,1093.4255,940.7498,0,0.6996552,,person
1212.9427,627.3185,1293.8031,774.42523,0,0.6914868,,person
1236.4355,191.74786,1293.2572,338.87668,0,0.68729085,,person
1477.5493,33.244392,1527.4753,167.1676,0,0.6814639,,person
1028.4838,217.29164,1070.5364,347.2668,0,0.6798437,,person
195.33458,118.649,267.71478,253.40181,0,0.6627126,,person
702.0181,288.67825,764.1396,445.39648,0,0.62900877,,person
450.63043,858.2384,539.2466,1040.9352,0,0.62528944,,person
1069.215,110.1722,1122.8983,248.07936,0,0.6071046,,person
35.854855,122.95801,108.38737,244.25249,0,0.55363685,,person
1382.6177,16.598316,1418.5096,151.26794,0,0.5328605,,person
932.30035,42.644165,988.8155,164.08621,0,0.51841146,,person
1388.4885,990.68994,1478.7632,1080.0,14,0.4664094,,bird
1829.2731,102.50336,1919.2423,342.28967,0,0.44482368,,person
1249.9989,10.583954,1299.1293,118.91306,0,0.39553946,,person
183.24092,908.7164,296.99875,1079.2178,0,0.3685162,,person
1771.0375,396.22998,1858.0521,560.3192,16,0.362904,,dog
996.4043,47.126038,1034.7913,160.38794,0,0.3464297,,person
380.80417,481.36627,446.08667,637.54614,0,0.33028373,,person
1771.3606,396.18924,1858.4785,559.791,0,0.30923757,,person
426.8664,457.0783,508.90735,612.0936,0,0.30218774,,person
677.21356,1.3866005,728.6437,122.32128,0,0.29747644,,person
337.2367,472.40662,400.89728,614.4091,0,0.29598704,,person
1861.2938,129.10995,1919.3412,345.08762,0,0.2870212,,person
1211.3229,629.4778,1293.6097,774.4484,14,0.27453303,,bird
910.4586,356.80444,974.272,517.8611,0,0.84493995,,person
953.16284,948.1141,1056.6976,1080.0,0,0.8402121,,person
733.02814,702.78143,815.23517,891.06335,0,0.7792598,,person
1236.398,190.47363,1295.2471,338.15488,0,0.7216086,,person
449.29495,863.3775,539.6776,1050.22,0,0.7106584,,person
997.3235,732.8324,1092.909,939.64746,0,0.6933109,,person
1475.7444,31.086525,1526.8528,165.65053,0,0.6817234,,person
195.17468,119.4544,267.726,253.93895,0,0.676385,,person
1208.8795,632.9977,1293.8895,782.9779,14,0.6676309,,bird
702.1201,286.5923,763.4035,443.24615,0,0.6446414,,person
1028.406,216.14667,1068.5222,347.43237,0,0.63639855,,person
1069.3495,109.23326,1122.2717,246.08139,0,0.6118381,,person
181.61972,912.167,303.61914,1079.8374,0,0.5517323,,person
1382.736,16.820114,1419.1841,151.19829,0,0.5404409,,person
35.30643,123.434105,108.05833,243.21016,0,0.5298229,,person
932.7933,41.574203,988.54266,164.57736,0,0.4725775,,person
1771.7191,399.76733,1858.4858,564.4865,0,0.4423217,,person
996.3818,46.869965,1034.9752,165.10722,0,0.42496264,,person
1211.8848,632.1074,1293.285,781.999,0,0.40412328,,person
1249.9849,8.952473,1300.2327,119.11911,0,0.38877583,,person
1381.9452,985.086,1475.6415,1080.0,0,0.38575542,,person
1830.8324,98.80174,1917.664,308.75842,0,0.38252583,,person
381.47937,479.81372,446.13638,636.16766,0,0.36364198,,person
1850.7085,135.33572,1919.2529,346.1945,0,0.34718755,,person
994.4001,805.8666,1048.7534,874.67285,26,0.33028293,,handbag
427.5294,456.84686,509.1686,611.0319,0,0.29985902,,person
1772.1138,400.0556,1857.8994,566.6219,16,0.27144653,,dog
338.55902,471.411,397.16962,613.144,14,0.26459414,,bird
338.19113,472.07117,399.43533,612.9084,0,0.25160944,,person
953.9608,950.65485,1059.1772,1080.0,0,0.8470876,,person
910.56854,358.6063,974.2272,517.6493,0,0.8428314,,person
733.41693,699.3897,815.2391,888.9055,0,0.7828283,,person
448.1566,866.76306,537.9035,1051.6794,0,0.7404941,,person
1236.7369,186.13399,1295.4479,330.8227,0,0.6982374,,person
195.94217,120.72773,266.97995,255.19296,0,0.69118947,,person
1474.7849,29.314104,1525.3575,164.15443,0,0.6855055,,person
1772.1105,400.76248,1858.092,569.83356,0,0.67721575,,person
1208.8942,636.5882,1294.3693,794.9565,0,0.6759787,,person
997.80725,734.7885,1093.8201,939.99646,0,0.647228,,person
1027.1995,212.87878,1068.671,346.16522,0,0.6201017,,person
1363.2308,979.6243,1469.4763,1080.0,0,0.5909105,,person
702.4089,285.32986,763.31305,439.59805,0,0.5900075,,person
1069.5326,108.65415,1121.6631,246.81445,0,0.57779294,,person
35.086414,122.634,106.359604,242.59282,0,0.54592746,,person
1382.5979,15.530914,1418.9158,150.53096,0,0.5415821,,person
996.56476,47.27739,1035.9297,167.76825,0,0.50370896,,person
995.20496,809.9607,1046.733,876.5305,26,0.4765427,,handbag
932.7689,41.95578,987.53467,163.73672,0,0.44404486,,person
175.52731,913.6701,305.06564,1080.0,0,0.38504514,,person
1850.4672,126.07187,1919.1984,347.8904,0,0.37703568,,person
1252.4381,5.7945557,1301.0344,115.8704,0,0.33313054,,person
426.86334,455.5893,509.8537,612.1417,0,0.3202762,,person
1831.1869,98.441025,1918.5681,326.86005,0,0.29531407,,person
381.27383,477.63116,449.78192,635.8444,0,0.29380867,,person
337.4534,469.79428,393.96423,605.7855,0,0.2800775,,person
954.87067,954.9223,1060.7122,1080.0,0,0.8634193,,person
910.2928,359.2055,974.4526,517.5491,0,0.84664434,,person
732.7275,697.3817,814.34344,884.75793,0,0.75994366,,person
1207.1958,640.65344,1295.1604,801.1106,0,0.7575862,,person
1236.3231,183.8502,1296.378,325.9215,0,0.75439566,,person
1473.835,26.491768,1524.3761,163.08865,0,0.71509635,,person
446.8742,875.20593,538.2832,1056.5156,0,0.6877907,,person
197.67133,122.349724,264.2494,255.74457,0,0.64466006,,person
1771.8578,401.2889,1858.3319,566.06366,0,0.6322577,,person
1027.4814,212.11981,1068.6432,346.3201,0,0.6307758,,person
178.95363,916.32477,306.49292,1079.5691,0,0.6273433,,person
1068.9464,107.291664,1120.8239,246.67035,0,0.58741236,,person
703.7087,281.61163,763.8466,420.83093,0,0.56211543,,person
1382.2959,14.854546,1419.5396,149.88602,0,0.556717,,person
1347.1338,973.6787,1465.0665,1080.0,0,0.48687783,,person
995.577,813.3946,1046.9971,876.4272,26,0.4851269,,handbag
996.5746,48.18512,1036.184,169.15768,0,0.48032296,,person
932.42267,42.466087,987.6451,163.83463,0,0.46547356,,person
36.158306,121.51131,104.095604,240.4899,0,0.46526083,,person
997.7126,736.5564,1094.419,917.9392,0,0.4084165,,person
1250.5493,3.2285614,1302.7681,114.193596,0,0.36681685,,person
422.8429,455.29764,509.71637,612.8058,0,0.35505506,,person
1837.1411,208.84607,1916.9326,344.08548,0,0.33847573,,person
1850.9847,129.5918,1919.2347,349.0463,0,0.3059876,,person
1829.8,97.82944,1915.5267,252.53581,0,0.3032374,,person
337.54202,469.0742,395.01013,606.8667,0,0.29908124,,person
1870.6044,122.34149,1919.2511,353.64645,0,0.27416435,,person
129.61063,0.0,199.4246,32.92694,0,0.27047953,,person
911.92126,360.0313,974.0856,516.08386,0,0.8130404,,person
958.517,959.7065,1064.141,1079.8456,0,0.8036367,,person
1207.6199,646.3433,1296.2228,811.7544,0,0.80097,,person
1238.4376,179.25046,1296.8547,317.22476,0,0.8003282,,person
733.4281,687.69415,813.575,874.5055,0,0.7899431,,person
1472.4778,24.176039,1522.9991,159.1118,0,0.7196379,,person
193.78285,921.5552,308.1743,1080.0,0,0.6940897,,person
198.7479,123.5357,265.69098,259.6503,0,0.6922083,,person
1341.9119,966.60205,1454.3734,1079.6434,0,0.6693023,,person
1068.5059,98.73981,1119.6833,239.64803,0,0.6258348,,person
704.1071,280.26758,765.4271,436.11093,0,0.6158378,,person
1027.1202,208.28032,1069.0159,341.0359,0,0.6084872,,person
447.14346,879.5167,538.2111,1067.569,0,0.60220695,,person
1252.9381,0.5658188,1303.5627,105.12582,0,0.5837979,,person
1011.4653,742.83856,1092.2937,927.657,0,0.57733786,,person
933.2743,41.03798,986.37524,166.53014,0,0.5729245,,person
1381.8142,15.9135475,1420.832,149.85521,0,0.5621883,,person
34.657127,120.76934,105.31145,241.1073,0,0.5441892,,person
1774.3348,406.87683,1859.5082,561.74725,0,0.47932208,,person
428.1096,454.91354,510.14752,610.53815,0,0.43619403,,person
994.84827,817.4328,1044.6064,881.8819,26,0.43565083,,handbag
1822.4902,97.01139,1916.2996,257.31583,0,0.41499412,,person
997.98804,48.56424,1035.2831,171.2397,0,0.38438943,,person
1839.828,176.26314,1919.4357,347.84665,0,0.38352916,,person
683.2401,9.7090645,742.47546,122.22172,0,0.36330023,,person
1219.1515,0.0,1254.1576,69.13078,0,0.34079015,,person
339.42032,466.9315,392.93756,606.22894,0,0.33577326,,person
133.08794,0.0,199.50943,33.035316,0,0.3153879,,person
382.62244,476.9947,454.49637,635.046,0,0.30748844,,person
912.39716,362.04803,974.37836,516.8117,0,0.8227396,,person
1206.3295,650.6965,1295.845,815.435,0,0.8211173,,person
734.5117,682.4659,814.27905,868.927,0,0.80831134,,person
1238.2594,174.69283,1297.2294,314.37112,0,0.80301046,,person
958.96625,966.4625,1063.1538,1080.0,0,0.77393377,,person
446.55496,883.66406,537.96356,1069.4998,0,0.76226056,,person
1472.2457,22.824085,1522.7799,152.51668,0,0.73376983,,person
1068.0829,96.411674,1119.838,234.35124,0,0.70958793,,person
196.571,927.5755,310.98846,1080.0,0,0.7014661,,person
1334.8792,962.4188,1449.1527,1080.0,0,0.69456226,,person
199.60336,123.42096,265.36807,259.954,0,0.6747892,,person
933.9496,39.793854,986.3778,166.32614,0,0.6582899,,person
705.3018,277.39426,765.8599,433.41504,0,0.6528267,,person
1011.4094,746.9233,1094.7997,938.6014,0,0.61129904,,person
1026.4713,206.52763,1068.6603,338.30917,0,0.5897807,,person
1253.8092,0.0,1304.0768,104.666405,0,0.57107735,,person
1821.0242,95.88055,1915.5417,255.68483,0,0.557828,,person
1382.2972,15.687733,1420.9736,149.14067,0,0.55609816,,person
1774.5026,407.7874,1859.9747,561.5704,0,0.55406815,,person
35.13573,120.71973,105.194855,241.18025,0,0.49687114,,person
686.05334,4.2675076,745.82263,120.98218,0,0.44732228,,person
995.32605,818.8035,1045.0631,885.5949,26,0.42367128,,handbag
431.0374,454.9752,510.07214,607.6871,0,0.41286266,,person
998.71655,49.009758,1036.4897,170.89975,0,0.40779027,,person
1219.5405,0.0,1253.5963,68.82972,0,0.38726714,,person
383.34067,476.38092,456.61975,633.1668,0,0.3857264,,person
1842.2992,180.9976,1919.4448,348.46008,0,0.36281368,,person
1838.046,120.689575,1919.484,347.8702,0,0.3331182,,person
338.8015,467.2739,396.46124,607.85583,0,0.30605045,,person
140.03737,0.35252666,198.34346,31.580246,0,0.26570374,,person
1210.1232,656.5527,1296.2344,818.5891,0,0.8070835,,person
736.3043,678.0663,814.31165,863.8006,0,0.80517006,,person
914.73016,364.4784,974.9863,520.56555,0,0.8001639,,person
1238.0262,171.2118,1298.2533,311.04852,0,0.79392266,,person
1471.7733,21.218359,1522.1376,150.23639,0,0.74109226,,person
959.13776,971.87775,1063.5679,1079.8776,0,0.71631,,person
1068.1736,95.6824,1119.9434,231.45566,0,0.69211733,,person
200.63242,124.598076,264.5093,260.35666,0,0.6618564,,person
706.4532,274.51834,766.44855,433.8384,0,0.6407867,,person
934.3956,38.490326,986.6651,167.75735,0,0.6359969,,person
198.95361,932.909,317.74506,1080.0,0,0.62094414,,person
1330.51,956.77,1443.9628,1079.6675,0,0.60281014,,person
1011.0745,752.05133,1095.0631,951.25433,0,0.5897906,,person
1257.6127,0.0,1304.9963,100.223625,0,0.5816197,,person
1382.3655,15.126366,1421.6339,149.1299,0,0.5598446,,person
1774.1067,410.0886,1860.5317,564.7759,0,0.54083526,,person
1025.0319,204.07164,1067.8046,335.8481,0,0.5228835,,person
35.36985,120.64288,105.62428,241.35342,0,0.5021212,,person
445.4116,886.3687,537.0575,1069.2064,0,0.491973,,person
1819.4901,92.19054,1916.0511,254.60999,0,0.49045393,,person
382.35538,475.1761,458.5691,635.27673,0,0.44554552,,person
431.21136,454.74857,510.16315,608.5225,0,0.41253865,,person
1220.217,0.0,1251.963,69.229774,0,0.40316236,,person
1846.6224,206.1345,1919.1978,350.1421,0,0.38176414,,person
1844.3394,115.04238,1919.4734,350.1994,0,0.36910382,,person
689.22675,6.1010685,743.68445,120.784195,0,0.36201784,,person
1000.0666,49.947372,1037.2548,168.87567,0,0.32845572,,person
997.93835,823.89355,1046.4038,889.0892,26,0.32609856,,handbag
337.91162,466.85037,395.67215,610.22314,14,0.30946636,,bird
337.99182,466.95804,396.0465,608.3094,0,0.29676604,,person
1820.4576,117.22213,1897.8556,252.51564,0,0.26001272,,person
139.53554,1.1911526,197.39563,32.423725,0,0.2568096,,person
1211.1346,659.18756,1296.787,819.07764,0,0.7732608,,person
736.9102,673.0265,814.1681,852.377,0,0.7704038,,person
1238.9672,168.24962,1297.1654,310.10315,0,0.76725847,,person
916.9902,367.72357,976.439,527.31195,0,0.76522964,,person
706.9929,269.71246,770.0658,437.5808,0,0.7039902,,person
958.2398,976.7289,1064.8057,1080.0,0,0.6701584,,person
444.28128,888.9935,536.91614,1069.4037,0,0.6668083,,person
200.85216,124.02688,264.66614,260.4078,0,0.663515,,person
1471.1566,21.397076,1521.0199,146.77098,0,0.6608149,,person
1068.7383,95.391266,1118.6769,227.74265,0,0.6391474,,person
1262.0406,0.0,1305.0177,99.21934,0,0.6166553,,person
201.2786,938.53107,321.3491,1080.0,0,0.6133741,,person
933.5528,36.024048,987.19006,170.28755,0,0.589131,,person
1023.7608,201.04967,1067.9108,325.9814,0,0.55389047,,person
1382.6398,14.604984,1421.6324,147.99814,0,0.5526696,,person
1325.8807,953.04205,1439.5424,1077.9989,0,0.5119441,,person
35.702866,120.39864,105.68935,239.9232,0,0.5067651,,person
1008.51056,753.7784,1098.1619,963.7923,0,0.49920768,,person
381.6826,474.35046,459.43176,634.47675,0,0.49912447,,person
433.00342,454.40927,510.26367,611.0025,0,0.42946753,,person
1813.3575,88.16034,1917.5402,251.62006,0,0.4259641,,person
1775.7844,412.13928,1861.7147,562.077,0,0.4170078,,person
1220.2628,0.0,1250.606,68.458786,0,0.39002433,,person
337.53098,466.6506,391.90094,607.08417,0,0.38702345,,person
1500.9343,1024.1237,1586.0868,1080.0,0,0.3322965,,person
1850.6383,214.33974,1919.3212,349.2736,0,0.30906484,,person
1848.7687,143.73953,1919.5345,351.53836,0,0.3011469,,person
1851.2765,84.94844,1918.7142,247.1764,0,0.28427166,,person
1000.35974,50.002167,1036.9744,168.09595,0,0.27853483,,person
1216.0294,660.1241,1295.755,819.0604,0,0.7968193,,person
917.22894,370.47272,977.9965,529.91473,0,0.78719676,,person
735.7894,670.8265,814.3294,843.3935,0,0.7461231,,person
1239.4973,167.93422,1297.9468,307.03757,0,0.73096865,,person
706.8823,265.88782,770.285,435.4499,0,0.7018549,,person
1469.6653,20.024128,1521.0258,143.83354,0,0.69714576,,person
1068.7281,92.4901,1117.1393,223.55489,0,0.6849785,,person
444.08963,891.145,535.80634,1069.3792,0,0.6819502,,person
998.25134,757.8303,1093.9844,981.9243,0,0.67607987,,person
204.439,944.05774,322.68768,1080.0,0,0.6702896,,person
200.83174,123.962425,266.623,260.6789,0,0.64636356,,person
958.7915,983.2281,1067.1531,1080.0,0,0.64251876,,person
1024.5967,196.76999,1069.3391,324.348,0,0.63225687,,person
934.5998,37.50556,987.5528,172.34148,0,0.6106575,,person
1383.0548,13.743576,1421.7666,147.32677,0,0.576605,,person
1264.2892,0.0,1305.8007,99.43444,0,0.5726379,,person
381.29886,473.1914,459.83554,634.46063,0,0.5383343,,person
1318.4146,948.23425,1435.7047,1079.7007,0,0.5078966,,person
36.57344,119.84018,106.80249,237.93187,0,0.5024796,,person
433.0794,454.57938,510.7664,609.38696,0,0.47133648,,person
1220.1406,0.0,1249.9963,68.22567,0,0.42115796,,person
337.4603,466.95108,392.2689,607.49146,0,0.384435,,person
1496.8992,1019.2703,1585.2191,1080.0,0,0.36882678,,person
1809.5852,85.48302,1916.9084,250.82492,0,0.3457562,,person
1000.38666,49.96216,1037.1348,167.89641,0,0.344611,,person
1774.5693,413.64203,1862.6438,584.9361,0,0.32892564,,person
1855.6912,83.2503,1918.3689,238.30803,0,0.31446436,,person
1808.8759,132.24522,1888.909,249.85382,0,0.275722,,person
918.6579,376.17273,980.2399,535.58,0,0.8165517,,person
1222.3656,664.85364,1298.9974,818.63806,0,0.79682523,,person
738.0396,660.177,813.4895,824.4996,0,0.7514606,,person
1467.4204,14.742994,1521.4055,142.58415,0,0.7152041,,person
1239.6083,166.76427,1298.0071,307.04272,0,0.69573975,,person
1068.3099,88.495674,1117.3785,219.34245,0,0.6874766,,person
935.8089,36.751762,989.7576,176.88744,0,0.6544487,,person
199.87001,124.33498,267.847,259.91153,0,0.6432013,,person
706.178,261.78226,771.5289,415.13602,0,0.64130616,,person
955.9204,993.91626,1065.056,1080.0,0,0.6269336,,person
1498.1334,1007.84973,1590.1014,1080.0,0,0.60774446,,person
1382.85,14.177284,1422.0426,147.18626,0,0.60591775,,person
1028.2728,194.79121,1068.9248,314.8606,0,0.60561657,,person
1001.05664,771.0639,1098.3885,987.8564,0,0.5862424,,person
1308.0831,935.66327,1426.0789,1080.0,0,0.58595544,,person
444.17578,900.67365,534.9524,1069.3588,0,0.571704,,person
1265.0476,0.0,1306.6367,94.88274,0,0.5333128,,person
209.78249,952.8111,329.73706,1080.0,0,0.48364753,,person
382.66296,472.34216,460.0569,634.023,0,0.47331783,,person
999.88153,49.825424,1037.1716,169.14748,0,0.47254923,,person
36.730247,119.858055,108.581154,237.14836,0,0.47005147,,person
432.26276,455.4677,509.8579,611.2303,0,0.46205863,,person
700.1378,4.8303337,740.14984,116.90962,0,0.45741606,,person
1804.1823,109.80068,1906.855,251.07382,0,0.40218735,,person
1220.8643,0.0,1250.312,68.0924,0,0.39606017,,person
338.12173,464.12283,392.31436,607.8619,0,0.37944797,,person
1769.2266,416.6704,1863.2461,588.85657,0,0.32751724,,person
1850.0172,181.48746,1919.4838,350.98392,0,0.2573424,,person
919.5033,378.72696,981.5687,540.88806,0,0.8123218,,person
1464.7628,13.057583,1518.9894,141.5474,0,0.7513021,,person
737.4754,656.64417,814.1142,821.7812,0,0.748407,,person
1223.3512,667.03766,1299.0756,818.48236,0,0.73997545,,person
936.206,38.53427,990.41766,179.83907,0,0.6869508,,person
1029.1467,193.22305,1069.9932,313.2845,0,0.68208206,,person
1001.76746,776.70746,1099.2107,998.0895,0,0.65240306,,person
1068.0549,87.58681,1116.9865,218.85777,0,0.65088993,,person
1306.4004,927.50885,1420.3337,1080.0,0,0.6424988,,person
1240.0398,165.32185,1297.3767,306.57416,0,0.6418811,,person
198.9793,125.15895,267.90457,259.32074,0,0.63402426,,person
1382.746,13.797489,1422.4026,146.45288,0,0.61285996,,person
1501.1112,999.42883,1591.788,1080.0,0,0.604488,,person
954.28955,997.667,1063.3479,1080.0,0,0.5999711,,person
704.4524,258.4099,771.2362,412.24213,0,0.5882055,,person
1264.7084,0.0,1308.008,96.73977,0,0.5521035,,person
212.27042,958.015,331.32825,1080.0,0,0.50160253,,person
1799.8597,80.14485,1912.671,249.4021,0,0.49665776,,person
444.1421,902.9801,533.3573,1067.685,0,0.47076148,,person
1000.3898,49.521584,1037.45,168.93797,0,0.46697873,,person
36.74357,119.98328,108.896484,237.34483,0,0.4426676,,person
1220.8584,0.0,1250.3926,68.045494,0,0.43486863,,person
382.6477,471.8065,460.52512,634.097,0,0.42710087,,person
705.8806,259.01077,772.2642,364.84177,0,0.4098567,,person
432.2407,455.59692,509.91092,610.7581,0,0.40237832,,person
338.58545,464.66345,397.16583,607.05396,0,0.35451585,,person
1778.1141,418.08838,1864.6425,506.70703,24,0.343908,,backpack
1849.7886,80.63338,1916.6646,244.9498,0,0.33199453,,person
1798.5912,117.086655,1898.8715,250.3179,0,0.3019023,,person
1774.1598,418.7657,1864.0426,588.58026,0,0.2815489,,person
919.6245,380.63342,981.9741,544.50824,0,0.8043939,,person
1225.2012,670.1225,1300.0845,819.51825,0,0.76293075,,person
737.4165,653.9044,815.80286,823.0263,0,0.7621808,,person
1463.611,12.309259,1516.9182,139.80423,0,0.73441696,,person
1000.78436,778.5552,1099.6066,1003.74725,0,0.69131094,,person
705.8345,257.986,772.9743,409.92517,0,0.68938345,,person
936.59436,40.08378,990.1747,180.93233,0,0.6839087,,person
1500.2588,994.52747,1589.3969,1080.0,0,0.667658,,person
1030.2311,192.73375,1069.9598,311.56085,0,0.6617944,,person
1306.8201,924.9025,1413.9038,1080.0,0,0.63557476,,person
1239.8727,163.83893,1296.5046,305.62152,0,0.6250354,,person
1068.2186,87.11751,1116.6917,217.61197,0,0.6235417,,person
198.73622,124.80231,268.02423,258.70642,0,0.61798984,,person
1382.8383,14.34601,1422.0913,147.05989,0,0.6097411,,person
957.4832,1006.24713,1062.1417,1080.0,0,0.57337576,,person
1265.7751,0.0,1307.996,98.35293,0,0.56279796,,person
1795.9003,84.33195,1906.1451,247.42307,0,0.5383324,,person
443.38367,905.7448,534.43744,1070.5857,0,0.52060497,,person
1000.0106,50.330956,1037.4481,169.23935,0,0.51617837,,person
214.38956,961.6148,333.78833,1080.0,0,0.46053013,,person
1220.7708,0.0,1250.8583,67.861275,0,0.45637903,,person
1779.3116,420.01318,1864.7802,507.7921,24,0.45161447,,backpack
36.653126,119.93147,107.87846,236.93834,0,0.4375068,,person
427.24686,455.34842,509.77176,610.69525,0,0.41588002,,person
999.83136,843.5312,1047.4958,918.1064,26,0.3867685,,handbag
1779.1104,421.0155,1864.0947,590.20276,0,0.37336344,,person
383.67966,472.5609,460.14304,633.6445,0,0.36706176,,person
339.04324,464.08667,397.0865,606.73773,0,0.3417383,,person
401.36902,457.61655,509.24377,621.8041,0,0.32594576,,person
1849.1814,76.561066,1912.3711,245.56252,0,0.26247698,,person
737.0511,649.82855,814.1111,823.2225,0,0.78856564,,person
1225.2888,672.94763,1302.8302,826.6046,0,0.77566344,,person
1498.686,985.7368,1589.0387,1080.0,0,0.77404636,,person
920.662,382.4926,982.0408,544.3429,0,0.7507706,,person
1461.204,12.0921135,1515.5581,139.09126,0,0.74773324,,person
1306.1942,919.2711,1411.8219,1080.0,0,0.73578614,,person
705.6233,256.28036,773.27106,408.4984,0,0.73436016,,person
937.0305,39.86982,990.3717,180.10661,0,0.67810065,,person
1239.8119,161.06795,1295.5925,303.2258,0,0.63979495,,person
1795.164,76.45016,1903.4902,248.42088,0,0.6362917,,person
1031.2383,190.19728,1068.976,311.12973,0,0.6293282,,person
198.44386,126.40457,268.04105,259.2813,0,0.62878555,,person
1002.53357,783.43256,1102.2137,1003.73883,0,0.62797266,,person
1068.4098,86.09061,1117.2876,218.21228,0,0.6271135,,person
1382.7698,14.143232,1422.533,145.62604,0,0.62041,,person
960.02014,1010.1689,1060.1547,1080.0,0,0.6060397,,person
441.67795,908.11505,534.45123,1076.7808,0,0.5855729,,person
215.87595,965.3749,336.1021,1080.0,0,0.5835026,,person
1265.3789,0.0,1310.8329,98.44155,0,0.55798995,,person
1776.9247,422.61182,1864.2601,589.5422,0,0.5072604,,person
1220.7244,0.0,1251.1832,67.854225,0,0.47780487,,person
1000.07153,52.492393,1037.6418,172.0859,0,0.47331917,,person
419.3875,454.1769,509.6186,608.9444,0,0.42781973,,person
36.275513,120.15327,107.78692,237.01007,0,0.4199108,,person
1000.84155,855.37463,1053.8126,924.9514,26,0.4086529,,handbag
385.825,470.60815,460.1021,631.6681,0,0.3116064,,person
339.05402,462.20123,392.86948,608.5146,0,0.28539705,,person
1779.1223,421.48874,1864.1836,510.94858,24,0.25285167,,backpack
737.3692,648.62915,814.40717,823.18835,0,0.8078518,,person
1226.4602,679.0532,1304.0427,837.6969,0,0.78219974,,person
921.45593,382.46063,982.31104,552.1482,0,0.7785269,,person
705.7658,251.7577,773.8384,407.42426,0,0.7723136,,person
1304.302,912.88293,1406.5529,1080.0,0,0.7488407,,person
1498.9379,981.0724,1592.3269,1080.0,0,0.7095574,,person
1459.5245,12.311823,1514.0417,138.77641,0,0.70211536,,person
938.15283,43.93657,990.6823,179.86891,0,0.6711164,,person
197.83719,126.707504,267.63315,261.942,0,0.66824883,,person
1382.9347,14.106886,1423.2052,145.16333,0,0.64149904,,person
216.19891,969.0705,338.67087,1080.0,0,0.6274904,,person
1238.2859,157.62392,1295.6454,302.3521,0,0.6193125,,person
1068.1403,84.2655,1117.6327,218.8157,0,0.6093747,,person
1003.98486,788.5706,1102.7014,1002.1093,0,0.6009345,,person
441.03415,911.98413,534.2712,1077.6024,0,0.5960948,,person
1267.5405,0.0,1312.6351,95.78185,0,0.5957039,,person
1031.6855,188.13322,1068.381,311.351,0,0.5765373,,person
1795.043,83.199554,1902.011,243.11526,0,0.5525123,,person
962.0393,1014.37225,1058.5359,1079.2537,0,0.53287196,,person
999.0465,54.959976,1037.9858,174.97192,0,0.51915765,,person
1777.4751,425.59534,1864.2532,589.51025,0,0.46132478,,person
1220.7799,0.0,1251.3838,67.73568,0,0.44975224,,person
420.40488,453.9257,509.47745,607.772,0,0.44967023,,person
36.830406,120.29632,108.94553,236.62395,0,0.4425645,,person
385.80478,471.91278,460.26013,631.6617,0,0.43734825,,person
1000.9481,858.43854,1050.5933,926.00336,26,0.3899132,,handbag
339.9385,464.598,396.2736,606.22437,0,0.3338121,,person
1773.331,425.67517,1865.6309,590.65137,16,0.268904,,dog
736.3558,642.54535,816.33514,822.78723,0,0.80248225,,person
1229.2479,687.3382,1306.013,847.5306,0,0.79942197,,person
705.53687,250.20909,770.3238,405.798,0,0.7905597,,person
924.02216,387.55106,984.009,550.3208,0,0.7452551,,person
1498.3967,964.16974,1593.3054,1079.8743,0,0.7293314,,person
1458.8446,8.490669,1510.8982,133.13435,0,0.7167819,,person
1383.6042,13.848415,1423.2249,144.50574,0,0.6856787,,person
1303.4747,904.4218,1398.3826,1080.0,0,0.6557017,,person
937.93396,48.42975,989.7583,180.24881,0,0.6496877,,person
1066.1086,82.95101,1119.106,217.06192,0,0.6486592,,person
1238.2511,154.49283,1296.2798,293.7102,0,0.6160226,,person
1272.0942,0.0,1314.986,91.8205,0,0.5856108,,person
1026.9283,793.23267,1105.9237,999.87213,0,0.58544236,,person
439.71478,927.024,531.4043,1079.4775,0,0.58032525,,person
218.43008,977.6814,344.60138,1080.0,0,0.55109155,,person
196.27461,128.99487,267.51697,265.96976,0,0.53507584,,person
1031.6085,186.55403,1068.2399,313.23892,0,0.5077822,,person
1221.1124,0.0,1251.0348,67.5967,0,0.46112838,,person
1001.52045,57.0791,1038.8365,180.48642,0,0.46011496,,person
1777.5187,429.11462,1866.0864,595.23486,0,0.45549375,,person
1794.3113,74.39733,1894.7036,236.90163,0,0.4359353,,person
724.1836,3.6007118,773.621,119.309906,0,0.40166894,,person
417.8821,454.2443,509.67664,608.9365,0,0.3647179,,person
36.662704,119.87586,107.147255,236.22656,0,0.36106288,,person
1900.0789,102.52274,1919.2742,201.38893,0,0.35844636,,person
339.2646,461.49124,393.52377,607.20355,0,0.34122851,,person
388.36624,473.12494,458.57016,633.2322,0,0.3392015,,person
999.3433,869.68604,1058.7493,937.4631,26,0.33859384,,handbag
1853.0479,225.07718,1919.0999,358.52206,0,0.27003306,,person
36.99609,121.38535,107.653244,237.09258,14,0.2540986,,bird
0.08573341,273.81393,36.442474,363.1674,14,0.25389338,,bird
1845.1586,70.562805,1892.1552,162.98479,0,0.25333735,,person
1229.6616,693.649,1304.889,855.6717,0,0.7981908,,person
736.24536,638.6716,814.8765,822.12744,0,0.78344923,,person
706.7418,248.73198,765.3885,406.822,0,0.7686355,,person
924.1123,387.63293,984.4274,552.73,0,0.74110276,,person
1239.2794,150.75288,1296.4728,286.8005,0,0.72984135,,person
1458.958,8.807344,1509.6636,133.59871,0,0.7135833,,person
1383.493,13.865524,1423.1489,144.86862,0,0.67804784,,person
438.1755,931.8472,533.12146,1079.3971,0,0.6583327,,person
1007.26575,795.0886,1104.6366,1000.05176,0,0.65241915,,person
937.22644,48.83075,990.6028,180.87488,0,0.64567494,,person
1498.0789,958.3034,1592.7971,1080.0,0,0.64100176,,person
1066.4811,81.63199,1118.517,216.15181,0,0.61119187,,person
1272.3793,0.0,1315.4344,90.07084,0,0.5835211,,person
1794.1154,75.54989,1892.9279,233.54791,0,0.576041,,person
1002.1525,59.255405,1039.9724,182.88739,0,0.5299426,,person
1031.2769,183.85304,1070.9349,313.04904,0,0.4853657,,person
1293.3402,900.7738,1391.3817,1080.0,0,0.48205993,,person
195.20732,131.27919,268.53482,269.95917,0,0.48040548,,person
1777.764,430.683,1865.9854,601.8855,0,0.46538916,,person
1899.4003,96.45607,1919.268,200.39594,0,0.4625571,,person
1221.0426,0.0,1250.7438,68.11856,0,0.45501238,,person
726.7727,4.048811,777.3776,118.32923,0,0.4315391,,person
1855.868,226.03688,1919.1519,358.82266,0,0.37864256,,person
36.48318,119.641624,106.940025,236.5649,0,0.36804214,,person
340.14175,463.56253,396.82388,606.339,0,0.34266835,,person
414.8929,454.8807,509.62985,609.8348,0,0.33048245,,person
999.34357,870.57916,1054.7388,944.1557,26,0.26946673,,handbag
1844.9161,71.95093,1891.4279,208.64392,0,0.25603974,,person
1230.7084,695.902,1306.1237,864.30817,0,0.7886172,,person
923.36847,392.68835,986.3972,553.3903,0,0.7761424,,person
736.5658,636.5224,815.0034,819.6671,0,0.76009727,,person
704.42633,247.82872,764.03156,406.6412,0,0.7596641,,person
1238.228,147.2244,1297.0045,284.79358,0,0.7578705,,person
1497.8604,949.9833,1594.3243,1080.0,0,0.72033,,person
436.90237,936.0714,533.0741,1079.992,0,0.71733093,,person
1457.5557,6.2077103,1508.5225,133.8712,0,0.7015499,,person
1288.0792,896.3353,1390.4613,1080.0,0,0.6696439,,person
1383.3784,13.85697,1423.0021,145.22021,0,0.6600122,,person
937.04535,50.862877,992.1348,181.81454,0,0.6409514,,person
1001.46423,800.5076,1104.649,999.49274,0,0.6070404,,person
1272.2184,0.0,1315.7587,89.05182,0,0.6001604,,person
194.44981,132.45634,268.63425,273.28998,0,0.56141484,,person
1066.9518,80.33258,1117.6467,214.90123,0,0.559708,,person
1791.6625,81.514534,1890.984,231.1235,0,0.5558022,,person
1002.3113,59.810394,1040.9507,185.06181,0,0.5281542,,person
1031.7015,181.62639,1071.2596,312.0231,0,0.49427325,,person
1220.8828,0.0,1250.7751,68.96043,0,0.4679936,,person
1858.0292,224.35881,1919.2673,355.94058,0,0.45666146,,person
1774.7856,434.61694,1868.2332,611.57904,0,0.45587566,,person
1897.9417,90.62441,1919.28,200.00116,0,0.44525144,,person
340.02722,460.25137,395.04346,604.4643,0,0.37293074,,person
727.76953,3.4263153,781.72614,118.6322,0,0.3681483,,person
225.69426,986.56586,349.01318,1080.0,0,0.3622888,,person
1824.6644,70.339554,1889.8302,230.24283,0,0.35187718,,person
36.687717,119.89966,108.042046,236.81616,0,0.3401833,,person
415.68915,454.84543,509.87668,609.65356,0,0.31217894,,person
923.4529,395.88202,985.149,552.5041,0,0.79099905,,person
735.9147,632.4707,815.58716,818.52985,0,0.7640967,,person
1232.5215,701.9667,1306.0852,869.7803,0,0.75919706,,person
1237.098,143.38252,1297.5499,281.96173,0,0.74791646,,person
703.80597,247.45491,764.3378,407.00266,0,0.74688596,,person
1457.7748,5.75659,1506.0353,132.93967,0,0.71126753,,person
936.8906,52.273502,992.0709,182.37941,0,0.71020794,,person
1492.9695,947.65063,1595.5334,1079.6558,0,0.6915405,,person
1382.9634,13.87262,1422.8445,146.20738,0,0.6542569,,person
1268.7231,892.1135,1383.2461,1079.9534,0,0.6493295,,person
1007.50525,804.2046,1104.3995,999.8837,0,0.6113016,,person
1273.7695,0.0,1317.5874,87.09947,0,0.6070224,,person
435.0933,941.59973,529.62823,1078.8955,0,0.5777311,,person
193.24315,134.38261,268.42514,275.3769,0,0.5775984,,person
1068.0232,79.08028,1115.8701,211.23427,0,0.5633828,,person
1001.86914,61.974518,1040.4756,185.30737,0,0.5441748,,person
1030.9918,181.5206,1070.6149,309.86713,0,0.5330681,,person
1776.3984,439.29858,1868.6763,615.9968,0,0.52292395,,person
1786.923,96.256874,1858.6578,230.45816,0,0.47194663,,person
1220.6338,0.0,1250.8414,69.513725,0,0.46196917,,person
228.22556,990.7899,351.32098,1080.0,0,0.4572491,,person
1788.6028,94.79007,1893.4534,230.70369,0,0.42720702,,person
729.76117,4.8961315,781.59686,119.616005,0,0.4010534,,person
1897.1083,86.30209,1919.2772,200.40912,0,0.372511,,person
1832.9701,70.52673,1889.4911,229.12624,0,0.36150363,,person
1861.7699,220.9503,1919.4584,360.35855,0,0.35792664,,person
417.95883,455.24066,509.79648,610.3731,0,0.33041552,,person
37.262215,120.430115,107.83411,236.37675,0,0.31817287,,person
339.83624,463.4316,396.74637,606.6951,0,0.31549835,,person
1001.4251,66.36063,1037.6113,158.82472,0,0.27519265,,person
37.806484,122.7446,107.067085,237.48051,14,0.25677696,,bird
923.33575,397.9438,984.4406,553.638,0,0.81873155,,person
734.9467,630.24634,815.3646,814.0207,0,0.81379527,,person
1490.5183,944.97095,1595.8253,1080.0,0,0.7649948,,person
703.84326,246.91846,764.8397,407.67746,0,0.75006795,,person
1233.3933,706.92316,1308.187,872.37286,0,0.7412516,,person
934.91895,51.204178,992.26465,183.17319,0,0.73991805,,person
1236.9657,143.00574,1298.0603,276.7694,0,0.7328559,,person
1268.8672,888.2556,1380.2963,1080.0,0,0.7211357,,person
1457.0889,4.578026,1505.5905,132.67241,0,0.7079709,,person
1004.2912,808.9389,1105.6587,1000.29,0,0.6363286,,person
1382.4904,13.920868,1422.8358,147.13326,0,0.62940913,,person
1067.1506,76.593155,1117.5077,207.03227,0,0.60285205,,person
1000.9911,65.09807,1037.6847,184.58812,0,0.58280766,,person
1273.2551,0.0,1319.1987,85.15327,0,0.5790733,,person
192.45035,137.76411,266.26236,276.89523,0,0.55633235,,person
1030.3654,180.58282,1070.9445,307.18628,0,0.5396051,,person
1782.0366,98.69848,1853.2764,228.7364,0,0.47264504,,person
434.75153,946.78345,528.2026,1080.0,14,0.4526189,,bird
1813.19,93.977165,1887.3956,228.83159,0,0.42697382,,person
730.68054,13.581356,787.21625,118.949486,0,0.4238204,,person
1220.6664,0.0,1250.7439,69.44007,0,0.41924995,,person
1777.3137,443.19443,1867.688,620.89325,0,0.40040973,,person
38.22021,121.189186,107.73237,237.2449,0,0.37901944,,person
419.19418,455.50143,509.37573,611.41345,0,0.37743965,,person
1892.7023,80.99478,1919.2511,205.41568,0,0.35874766,,person
339.1245,463.51154,397.17087,607.34564,0,0.32254127,,person
1782.1718,442.37027,1866.6936,528.70337,24,0.31405637,,backpack
1862.4836,209.1589,1919.4606,360.6962,0,0.29916504,,person
733.16223,623.7732,815.1054,801.54144,0,0.8412038,,person
921.82764,402.62457,985.13763,564.1989,0,0.81539875,,person
703.6183,242.5583,763.99384,407.677,0,0.7823965,,person
1233.397,712.3008,1309.8131,875.12256,0,0.7651941,,person
1493.3324,935.35144,1595.365,1080.0,0,0.7592736,,person
1237.9835,143.55241,1299.013,277.2064,0,0.7326347,,person
1453.3865,3.1938858,1502.8074,126.79793,0,0.7114545,,person
933.7374,53.003017,991.97833,189.78036,0,0.6821919,,person
1381.3539,14.784897,1423.2166,147.34909,0,0.6356001,,person
1066.8323,72.31293,1117.2094,203.06099,0,0.62800753,,person
1274.8899,882.45245,1371.0121,1080.0,0,0.61656713,,person
999.8877,819.00604,1106.4767,1025.7247,0,0.60410464,,person
1764.245,97.20132,1848.8112,226.85399,0,0.5691129,,person
1271.6068,0.0,1320.1213,85.309326,0,0.56696534,,person
1001.5342,70.19046,1037.6785,185.01279,0,0.5620667,,person
190.77486,142.97736,264.19818,280.81082,0,0.5192171,,person
37.60763,121.359245,107.38374,240.99165,0,0.5143338,,person
1031.7656,176.61362,1072.4473,299.3375,0,0.50880694,,person
421.4014,455.89114,508.98047,611.493,0,0.45597458,,person
1220.2119,0.0,1250.8978,70.10784,0,0.44035345,,person
733.1443,18.666435,786.2562,119.91959,0,0.440331,,person
431.31088,959.3723,523.5874,1078.5242,14,0.41214225,,bird
1779.329,447.12442,1867.291,624.72766,0,0.40561357,,person
1828.0419,93.67315,1883.7997,223.49474,0,0.39804444,,person
1885.7322,73.084625,1919.2244,204.5971,0,0.36380285,,person
381.40988,476.24362,454.8868,632.9764,0,0.36360705,,person
339.4306,464.0877,396.0099,608.32355,0,0.34499118,,person
1797.393,97.53012,1880.476,226.04988,0,0.2790793,,person
997.76807,891.7617,1050.8124,962.7085,26,0.27880374,,handbag
1864.508,177.2027,1919.4928,365.958,0,0.2615508,,person
732.17017,620.93964,814.6991,792.7738,0,0.8132148,,person
921.0945,406.3011,986.6067,573.561,0,0.8083269,,person
1495.5038,933.13605,1594.362,1080.0,0,0.8060793,,person
704.56024,240.61761,763.53394,406.70895,0,0.7870667,,person
1232.0637,716.93317,1310.1553,876.77527,0,0.764965,,person
998.3646,822.8331,1105.7406,1043.472,0,0.74287945,,person
1236.5153,142.09465,1298.6796,278.36728,0,0.7214436,,person
1451.5496,0.6541271,1502.5281,126.22474,0,0.70416564,,person
931.9651,53.14279,991.5183,193.53824,0,0.69416803,,person
1261.0945,879.2666,1366.9211,1080.0,0,0.63611716,,person
1381.2042,15.200329,1423.4166,147.09877,0,0.6204395,,person
1067.9216,71.525185,1115.9198,201.90836,0,0.61590993,,person
999.80695,68.644844,1040.1194,187.20119,0,0.5858761,,person
1271.5486,0.0,1320.0063,85.355484,0,0.5844281,,person
1752.8589,97.38955,1840.9271,225.38182,0,0.5400073,,person
189.25919,143.16603,263.54773,281.44574,0,0.49589586,,person
430.25906,961.2206,522.22186,1080.0,14,0.47098836,,bird
1031.8884,175.5449,1072.4652,296.2437,0,0.46995935,,person
39.0569,121.9303,107.316216,240.96034,0,0.46036157,,person
420.75266,456.0783,508.88315,611.1831,0,0.45984212,,person
1774.1785,450.44943,1867.2144,630.9282,0,0.45482582,,person
734.51025,17.185324,786.14667,120.337326,0,0.4357498,,person
1219.9506,0.0,1250.9283,71.08477,0,0.43241626,,person
1826.2108,90.03543,1881.5951,224.60165,0,0.43169862,,person
1865.7488,192.56726,1919.4858,365.8076,0,0.40819874,,person
1884.5046,71.782036,1919.2742,207.2726,0,0.3950713,,person
339.415,464.03467,396.619,608.7334,0,0.3911386,,person
382.75214,476.83008,458.11148,634.7635,0,0.39057577,,person
997.2649,894.9816,1050.0824,970.9336,26,0.3758253,,handbag
1299.9342,880.69086,1365.716,1080.0,0,0.36114487,,person
1873.8586,67.70785,1919.6442,238.8004,0,0.31548664,,person
922.55786,408.0336,988.8307,582.73193,0,0.8382937,,person
705.01434,237.73155,763.27045,404.41034,0,0.77426267,,person
733.59827,616.988,813.3759,781.661,0,0.7740889,,person
1253.4984,874.5304,1363.2859,1080.0,0,0.74852914,,person
997.48425,828.9613,1105.9761,1055.3093,0,0.74818766,,person
1228.6627,718.10144,1311.1652,876.65466,0,0.740508,,person
1452.6245,0.0,1501.4258,124.51515,0,0.7264947,,person
1497.3295,927.1302,1594.6025,1080.0,0,0.7159504,,person
931.80304,57.31261,990.5557,195.33861,0,0.7102645,,person
1236.8965,140.74184,1298.5863,277.3829,0,0.68602735,,person
1381.2726,14.909203,1423.277,147.1615,0,0.62935305,,person
1748.5708,96.27406,1843.5227,227.6039,0,0.6290268,,person
1067.7513,70.80885,1115.6708,199.04974,0,0.6248368,,person
999.2496,69.60571,1039.7682,187.10243,0,0.6129722,,person
1271.2755,0.0,1319.433,86.00483,0,0.59859437,,person
1032.4373,174.4423,1071.9739,292.04544,0,0.5064463,,person
188.90987,144.13861,262.74823,283.56528,0,0.4840438,,person
1219.5469,0.0,1250.9147,71.953445,0,0.44724062,,person
1866.6335,198.47475,1919.4858,366.07004,0,0.4404632,,person
1823.8066,88.98452,1884.2717,225.64482,0,0.40492344,,person
421.54733,455.83795,509.03806,611.69385,0,0.39079058,,person
1885.0083,68.68588,1919.4241,207.69151,0,0.37981963,,person
38.489857,121.52094,105.11285,239.72472,0,0.3693586,,person
381.06055,476.09564,455.17084,635.6479,0,0.35093176,,person
426.9516,966.2626,521.6351,1080.0,14,0.31811634,,bird
338.93967,464.22574,396.03918,608.903,0,0.29611844,,person
1773.9814,453.56693,1865.3716,629.59143,0,0.27996263,,person
740.30237,19.54473,785.6455,120.882065,0,0.2704345,,person
1877.432,64.32662,1919.5023,242.36536,0,0.25750744,,person
922.41394,412.82166,989.4463,589.12024,0,0.8363786,,person
1253.1577,871.36743,1361.1335,1079.8118,0,0.7906084,,person
1497.2014,923.66345,1594.9948,1080.0,0,0.7896974,,person
703.9961,236.98723,762.98663,402.30753,0,0.7738759,,person
733.33923,613.48596,813.2148,776.62994,0,0.76195014,,person
1451.8074,0.0,1500.0571,123.486465,0,0.73888326,,person
931.0135,59.561874,990.91315,195.9819,0,0.7113783,,person
996.3953,835.0717,1104.7681,1060.6946,0,0.6917574,,person
1239.5348,139.08406,1297.5312,278.26987,0,0.685509,,person
1066.9839,69.67131,1115.2351,199.41226,0,0.63250047,,person
1381.118,14.774345,1423.4681,147.94864,0,0.6311853,,person
1227.8339,722.3987,1310.7682,886.1239,0,0.6225489,,person
1227.7808,721.91876,1309.7736,958.9528,0,0.5963283,,person
1032.5044,173.8293,1071.6937,291.51575,0,0.59024906,,person
1271.319,0.0,1319.0845,88.04284,0,0.577906,,person
1001.1056,70.70709,1037.7228,185.64725,0,0.53857076,,person
1780.7091,99.23466,1832.2174,230.3357,0,0.46308228,,person
1866.5109,198.41762,1919.4954,367.76102,0,0.4568253,,person
1747.4132,100.35508,1833.5654,228.17825,0,0.45256913,,person
186.7662,146.62595,261.50693,283.88684,0,0.432502,,person
1219.0852,0.0,1250.5175,72.30176,0,0.42016304,,person
1769.7264,456.22708,1865.9637,634.18506,0,0.37567392,,person
1882.6023,65.88201,1919.4427,208.86406,0,0.37546325,,person
421.9184,457.19046,508.89313,613.42474,0,0.37383986,,person
1819.937,64.57807,1877.1747,228.04721,0,0.35580763,,person
38.341988,120.77522,104.45719,240.37157,0,0.34909797,,person
1777.0935,456.83313,1864.2407,546.5341,24,0.32143906,,backpack
381.4789,476.12622,456.02353,636.05255,0,0.29436663,,person
920.99457,418.25262,988.6901,591.5321,0,0.82383794,,person
1252.7609,867.74615,1357.3258,1073.0992,0,0.77805954,,person
998.4481,842.1687,1107.1809,1062.9781,0,0.7710433,,person
1451.2804,0.0,1499.0758,123.529724,0,0.7661685,,person
705.3111,236.05376,762.69635,399.6384,0,0.7577816,,person
732.30835,610.1618,812.01306,774.9635,0,0.75148505,,person
1496.401,916.6362,1592.5376,1076.7817,0,0.72331727,,person
929.05444,59.748848,988.41064,201.69742,0,0.70025694,,person
1241.7363,138.97641,1298.0808,278.01648,0,0.69365877,,person
1226.5997,725.87805,1311.5826,887.72534,0,0.6560791,,person
1381.526,14.87277,1423.0576,148.84114,0,0.64413565,,person
1066.0984,69.752014,1114.2482,198.86563,0,0.63311356,,person
1270.9839,0.0,1319.2354,87.905624,0,0.5845122,,person
1032.3693,171.47072,1070.4248,290.36053,0,0.570322,,person
184.84126,147.74165,260.30093,288.6884,0,0.54810536,,person
999.77325,72.402626,1037.6932,185.26822,0,0.51552385,,person
1747.6622,99.27644,1830.4984,229.18149,0,0.5055446,,person
1777.9222,100.19813,1829.1508,230.57745,0,0.47554716,,person
39.11564,122.3731,105.8796,241.34587,0,0.47504205,,person
1218.7002,0.057128906,1250.6317,72.15734,0,0.43802455,,person
1865.9183,206.91151,1919.5144,370.03256,0,0.43628678,,person
421.7928,457.99612,509.13464,613.2959,0,0.43205673,,person
1880.8169,65.584625,1919.358,213.00009,0,0.39025357,,person
1775.1515,457.9944,1863.9097,631.5533,0,0.3555358,,person
1821.5742,95.56675,1867.6904,220.85648,0,0.32690224,,person
422.9971,974.8651,518.061,1079.8384,14,0.2969372,,bird
997.8944,916.16644,1047.0798,988.048,26,0.28202146,,handbag
1820.1024,63.304962,1876.7432,219.3159,0,0.2796568,,person
731.2685,604.7068,811.71405,773.77734,0,0.835007,,person
920.6358,423.72098,988.71625,596.9151,0,0.8340434,,person
1447.8801,0.0,1497.7079,124.17943,0,0.7982222,,person
928.34436,61.538773,990.3413,204.30658,0,0.73299694,,person
1493.2134,905.9321,1594.4004,1079.2426,0,0.7306549,,person
704.5449,231.2752,762.4219,388.43958,0,0.72215873,,person
1225.7583,737.8079,1316.8682,907.66095,0,0.72175133,,person
1242.7465,134.92297,1298.2977,274.7243,0,0.69467604,,person
1381.807,15.156309,1422.3843,148.25735,0,0.64193225,,person
998.15,849.80695,1105.5447,1075.8464,0,0.6374377,,person
1064.0292,68.07184,1111.2803,197.428,0,0.63586915,,person
1748.9601,96.331604,1825.8761,229.35846,0,0.6081641,,person
1031.8868,170.77048,1071.0549,290.24847,0,0.6077668,,person
1271.7811,0.3336296,1319.7792,86.63894,0,0.58566755,,person
180.62065,149.02153,259.0048,288.76065,0,0.55480283,,person
998.0224,75.57655,1039.8,194.77827,0,0.54003745,,person
1864.5905,127.62337,1919.2269,374.99973,0,0.53075397,,person
1236.5483,864.7498,1336.6122,1045.9314,0,0.52228415,,person
39.909863,121.93607,103.9029,241.44379,0,0.51751053,,person
1218.7142,0.04692936,1250.1157,72.298836,0,0.48063362,,person
1770.6958,464.239,1866.1047,635.1729,0,0.45429277,,person
422.27536,458.57968,508.73337,612.4155,0,0.41720155,,person
1808.7048,99.13701,1859.1156,227.2728,0,0.40465686,,person
1873.0391,61.711464,1919.3684,192.33691,0,0.38960174,,person
1147.4313,0.091441154,1187.7643,75.57099,0,0.3823555,,person
756.9324,20.98732,790.4101,120.070244,0,0.3495784,,person
1812.6018,60.659363,1868.0286,230.27504,0,0.33497545,,person
0.064870834,283.15204,26.43218,382.66104,0,0.32206014,,person
337.79868,463.7503,396.8685,609.2441,0,0.31387943,,person
1819.3074,63.519447,1870.0302,180.94891,0,0.27378792,,person
420.19482,983.52594,518.95294,1080.0,14,0.25874883,,bird
919.8444,425.38815,988.20575,599.7279,0,0.85880625,,person
731.31665,602.2508,812.6285,773.5981,0,0.8135714,,person
1448.26,0.0,1496.9133,123.95804,0,0.7809025,,person
706.1086,227.68373,762.9439,382.6587,0,0.7264083,,person
1495.6028,901.1869,1595.9403,1080.0,0,0.7146667,,person
927.94354,67.33603,988.762,203.76993,0,0.6936458,,person
1244.0381,130.51721,1298.7686,271.10568,0,0.6859033,,person
1381.5322,15.584215,1422.2659,148.29279,0,0.63597834,,person
1745.2639,94.60909,1824.5193,227.09605,0,0.6229677,,person
1064.4644,69.15138,1109.245,197.73436,0,0.6190307,,person
998.52856,853.1171,1102.6661,1078.4608,0,0.61656827,,person
1032.762,170.29976,1070.262,290.23767,0,0.5766405,,person
998.2692,75.6408,1040.2703,195.98822,0,0.56610465,,person
1271.8914,0.053853035,1319.2424,86.26069,0,0.5467274,,person
1224.3665,742.0944,1315.4795,916.08527,0,0.5341572,,person
180.5517,149.87022,258.81775,290.60004,0,0.52537316,,person
1863.5872,123.75604,1919.2512,376.81805,0,0.50349873,,person
1808.302,101.65837,1855.4004,225.26784,0,0.4921433,,person
1771.5875,465.3435,1866.409,636.0899,0,0.45236054,,person
40.177128,122.00308,103.621155,241.82053,0,0.4414803,,person
1218.245,0.0,1249.8552,72.79548,0,0.42252102,,person
1147.3778,0.0,1187.427,76.304214,0,0.40666544,,person
758.6248,22.542395,794.2718,123.19011,0,0.37585098,,person
1871.0178,59.128326,1919.3855,176.12544,0,0.36215004,,person
422.34686,458.82138,508.4004,613.0915,0,0.29571176,,person
337.5177,462.93146,398.42664,610.28577,0,0.29507434,,person
1817.1978,60.48887,1868.2369,174.11935,0,0.26958132,,person
1224.5344,741.02966,1321.4382,1028.2914,0,0.26704144,,person
336.81198,460.72705,398.53537,612.6566,14,0.26246122,,bird
0.060710907,289.51532,27.704641,388.31992,0,0.26207373,,person
921.57495,427.10764,988.3125,600.4271,0,0.85427463,,person
731.4097,601.05945,812.0554,772.7961,0,0.810511,,person
1446.7915,0.018379211,1494.749,122.994255,0,0.7765509,,person
707.7719,225.82388,765.3725,380.25293,0,0.74393624,,person
1494.797,895.1512,1596.2675,1080.0,0,0.73620945,,person
997.91144,861.3573,1106.4153,1080.0,0,0.7112282,,person
927.5907,70.28293,988.8155,203.83307,0,0.7085608,,person
1244.2344,131.30344,1299.2195,269.79068,0,0.70617384,,person
1746.7665,94.7818,1820.2233,225.69214,0,0.6605944,,person
1381.5781,15.770514,1422.3572,148.25336,0,0.6447656,,person
1062.906,68.599365,1110.7892,200.60092,0,0.6265658,,person
1217.5876,746.96704,1318.994,1007.5254,0,0.60094047,,person
1032.6306,169.1485,1069.5524,289.7664,0,0.5586304,,person
1271.6616,0.0,1318.3333,86.29521,0,0.52806723,,person
179.20808,153.25479,256.48416,291.06216,0,0.5111618,,person
999.8286,82.50618,1040.955,198.62944,0,0.50274223,,person
1864.5974,103.01312,1919.1742,379.80606,0,0.46249577,,person
1806.7782,66.55101,1863.3607,222.90234,0,0.45317253,,person
1801.3627,91.34038,1853.4847,225.2655,0,0.4386272,,person
1218.4015,0.0,1250.2241,72.90537,0,0.4250966,,person
1774.7714,465.6502,1866.605,634.38617,0,0.41784668,,person
1148.053,0.0,1186.9916,76.14011,0,0.41341496,,person
759.1527,21.335077,797.57043,119.68359,0,0.40031356,,person
40.78752,122.01867,102.93378,242.76994,0,0.39800292,,person
1814.6078,59.566147,1867.1115,186.0663,0,0.3391697,,person
1872.5018,57.995228,1919.3472,172.97296,0,0.31046152,,person
335.6665,458.97546,396.75357,610.1283,0,0.30513534,,person
1225.2587,745.58386,1315.4868,898.9541,0,0.2914027,,person
998.1929,929.5765,1059.865,1010.0048,26,0.27493203,,handbag
337.24277,460.315,400.07623,611.9956,14,0.2631844,,bird
422.14966,459.5939,510.12946,607.67584,0,0.26097748,,person
922.56006,429.12003,989.20825,602.2269,0,0.8601883,,person
730.9096,598.96564,812.8991,772.4848,0,0.85525835,,person
1445.5687,0.0,1493.5101,122.92452,0,0.78559643,,person
1211.2839,752.929,1319.4641,1033.7285,0,0.73168147,,person
706.96387,224.40518,765.53125,379.07318,0,0.7200442,,person
1493.3368,887.95825,1596.3289,1080.0,0,0.7026365,,person
1244.7986,130.49689,1300.0654,265.33255,0,0.68320405,,person
927.68445,74.3782,988.6443,203.82062,0,0.6805503,,person
998.2658,864.9313,1103.5282,1080.0,0,0.6645266,,person
1746.1788,93.4064,1845.5359,224.75276,0,0.6624015,,person
1381.4401,15.729303,1422.37,148.415,0,0.6467386,,person
1030.4086,167.95345,1069.823,290.3619,0,0.6213566,,person
1061.8568,69.207436,1111.0085,199.22179,0,0.6097522,,person
178.75456,152.32759,253.8225,291.25525,0,0.57393795,,person
1271.3519,0.0,1318.0914,83.37976,0,0.49491304,,person
1001.22864,81.99742,1039.0894,201.09883,0,0.47320238,,person
40.69701,122.095024,102.672325,243.80028,0,0.466451,,person
1813.8179,56.50708,1863.1531,173.82349,0,0.4362939,,person
1865.9447,139.87866,1919.224,382.6403,0,0.43006647,,person
760.91345,19.93103,801.893,120.13593,0,0.42510626,,person
1218.3087,0.0,1250.3883,73.18028,0,0.41731745,,person
1148.2021,0.0,1186.8618,76.25718,0,0.41346192,,person
1859.4595,55.521355,1919.072,189.09668,0,0.41296703,,person
1775.1996,467.50455,1867.1804,634.7669,0,0.3785736,,person
335.5685,458.7432,395.07214,610.2983,0,0.3555555,,person
1865.3723,217.6533,1919.3555,386.13803,0,0.32295895,,person
1277.812,900.4594,1326.6675,956.0839,26,0.31225476,,handbag
0.10533428,277.13846,30.808178,394.8836,0,0.28298485,,person
421.44827,460.39334,510.4738,607.4999,0,0.28104332,,person
1799.2485,57.03071,1866.9712,217.98505,0,0.27769244,,person
922.7311,430.29236,990.69434,603.5356,0,0.8504048,,person
731.93774,596.8861,812.0026,772.0884,0,0.8400742,,person
1493.7307,882.1846,1597.0009,1078.0144,0,0.7964155,,person
1444.0953,0.0,1493.4935,123.07343,0,0.78370285,,person
703.7263,221.88194,764.8426,376.01508,0,0.76832557,,person
997.2098,867.5398,1105.3317,1080.0,0,0.70147806,,person
1244.8806,128.8856,1300.0751,260.44156,0,0.68734896,,person
1218.092,756.5526,1317.3817,1032.858,0,0.6812434,,person
926.60944,76.6712,988.68585,203.93881,0,0.6761425,,person
1745.8125,95.01416,1817.9703,222.44449,0,0.66701514,,person
1061.3848,66.64366,1109.7772,198.27594,0,0.66128206,,person
1381.2847,16.059483,1422.4215,148.54518,0,0.63214225,,person
1775.0623,469.48618,1868.3021,635.0794,0,0.55107427,,person
177.75151,154.27936,252.7777,292.3179,0,0.5238708,,person
1271.2942,0.0,1318.4224,82.50945,0,0.5201776,,person
1003.6362,83.24741,1038.9514,199.6441,0,0.44389883,,person
1866.4164,54.32984,1919.2958,179.62172,0,0.43306333,,person
1810.3835,55.594437,1861.3795,178.57056,0,0.415675,,person
1148.2577,0.0,1186.99,76.656876,0,0.40846825,,person
1218.1134,0.0,1250.6289,73.51447,0,0.40642524,,person
1030.1396,165.3679,1069.0166,289.6982,0,0.38722798,,person
40.816483,122.29121,102.14576,244.06631,0,0.36622265,,person
335.57364,458.32745,394.22574,611.1883,0,0.36446595,,person
1797.2345,61.491165,1866.4088,219.50656,0,0.36152083,,person
1865.8422,247.32994,1919.2906,389.73746,0,0.3481913,,person
762.4844,20.21699,807.302,120.096954,0,0.34125024,,person
1867.7666,149.16582,1919.231,383.32526,0,0.30793643,,person
1040.0343,906.2895,1099.7397,1009.6855,26,0.29597294,,handbag
381.39517,477.56168,436.98874,635.188,0,0.29194114,,person
997.30334,932.9164,1055.0643,1017.3494,26,0.28148663,,handbag
421.44946,460.89587,508.08362,612.8407,0,0.28001243,,person
381.29108,476.88574,424.66638,573.0409,0,0.26501682,,person
1503.5586,872.67377,1597.8872,1077.8265,0,0.83824235,,person
733.28253,591.81213,812.0613,769.9356,0,0.8283251,,person
922.87994,436.27533,989.764,604.7763,0,0.82564014,,person
1774.159,475.24127,1869.5013,648.973,0,0.79068315,,person
998.97253,874.20337,1103.655,1080.0,0,0.73879135,,person
1441.5872,0.0,1491.0472,120.764725,0,0.71804106,,person
1218.95,764.77057,1318.6615,1032.9515,0,0.7066221,,person
707.82837,218.12444,766.32294,373.08987,0,0.70351684,,person
928.3281,75.919624,987.6089,204.80875,0,0.6829907,,person
1059.6376,61.958313,1109.4979,196.23543,0,0.6770954,,person
176.41965,154.78317,250.02191,293.8939,0,0.6742306,,person
1745.7473,93.4368,1810.5864,218.08575,0,0.6342716,,person
1381.6047,16.48316,1422.3593,148.74902,0,0.6160118,,person
997.264,954.32153,1052.2855,1024.058,26,0.6078571,,handbag
1245.5479,124.852295,1299.6079,255.84924,0,0.5965675,,person
1004.01013,87.87172,1040.7601,202.37897,0,0.5093433,,person
41.470024,123.00316,101.73382,245.22025,0,0.4963824,,person
1861.474,51.918137,1918.2374,185.07541,0,0.46035817,,person
1808.4885,58.524353,1859.4069,155.32848,0,0.4298526,,person
421.83646,461.625,508.99796,612.6165,0,0.41883832,,person
1797.3041,58.4233,1858.7059,205.67445,0,0.40487698,,person
335.81372,460.37952,397.61273,614.32635,0,0.39531976,,person
377.99103,476.41965,450.23438,632.37103,0,0.37630546,,person
1272.6154,0.035765648,1320.8036,80.30382,0,0.37231296,,person
0.10911369,274.85928,32.07547,401.70972,0,0.35924986,,person
1217.9447,0.0,1250.6818,73.46496,0,0.3397975,,person
1030.1958,161.37762,1068.9369,286.60464,0,0.33179626,,person
1148.5916,0.0,1187.246,76.656395,0,0.32902485,,person
1866.3989,261.0653,1919.2161,390.08344,0,0.3119872,,person
379.90814,475.86932,431.78586,579.2302,0,0.29083303,,person
767.4366,20.914158,819.1181,123.44951,0,0.28999388,,person
996.74146,881.3549,1089.2463,1047.2446,26,0.28326696,,handbag
1874.4957,144.91376,1919.2833,272.7454,0,0.2687879,,person
1264.948,870.6766,1310.0275,944.4399,26,0.25343183,,handbag
1505.6082,866.3923,1596.5259,1075.7191,0,0.8336566,,person
924.09576,440.25522,989.3897,603.2853,0,0.807073,,person
733.36316,588.5752,812.957,767.07806,0,0.7836771,,person
1004.35144,879.3086,1106.3478,1080.0,0,0.71309626,,person
709.3686,217.42969,766.45044,372.86783,0,0.7114802,,person
1439.265,0.0,1489.753,119.11574,0,0.7038693,,person
930.1373,77.12627,987.17834,205.57188,0,0.7011124,,person
176.5027,156.51677,249.58261,296.39798,0,0.6714279,,person
1058.4833,59.66803,1108.8549,194.15004,0,0.67029107,,person
1774.2921,478.05286,1869.5099,657.9493,0,0.6591725,,person
1742.7938,90.23435,1805.8173,216.65887,0,0.65116507,,person
1381.4187,16.64808,1422.3723,148.90718,0,0.6272832,,person
1245.1987,118.97986,1301.294,253.61156,0,0.6206722,,person
997.9821,954.8403,1048.7872,1026.7302,26,0.5714373,,handbag
1003.5495,87.78218,1041.0055,203.26428,0,0.50950044,,person
41.35682,122.23011,102.34079,244.82242,0,0.5017743,,person
1798.1199,56.96473,1856.7913,191.11877,0,0.49568594,,person
0.09803581,275.11682,31.518848,403.43546,0,0.39426935,,person
1860.6346,49.681183,1918.9164,171.65173,0,0.38359362,,person
422.1437,462.0726,509.4471,612.05054,0,0.3682168,,person
1030.659,161.80934,1069.7887,284.3792,0,0.3681268,,person
1217.785,0.0,1251.0425,73.43764,0,0.3624346,,person
768.98346,22.052794,822.8765,123.45083,0,0.35010454,,person
1148.3236,0.0,1187.3167,76.95449,0,0.33124226,,person
335.76938,464.20386,405.6969,615.3153,0,0.33087412,,person
1273.1389,0.30494213,1322.0874,78.84675,0,0.32147983,,person
379.2538,474.3467,443.11945,622.51855,0,0.30129987,,person
1867.1123,263.6011,1919.4387,391.1998,0,0.29468912,,person
1229.3419,766.45404,1319.2185,1011.3986,0,0.28362805,,person
1870.0349,87.95018,1919.4155,270.24466,0,0.27473497,,person
1873.8376,141.9554,1919.2727,272.62894,0,0.26710638,,person
1194.0948,768.3175,1316.5227,1029.6193,0,0.26269144,,person
378.58594,474.89786,429.6773,575.4244,0,0.25756213,,person
733.2224,584.3539,811.98303,758.64374,0,0.8436935,,person
1505.6057,862.465,1597.513,1076.6841,0,0.8324109,,person
924.46765,444.49457,988.27625,602.46295,0,0.8191296,,person
711.13916,216.80205,767.42865,365.7791,0,0.7063186,,person
175.7446,159.66275,249.15016,299.45325,0,0.6939328,,person
929.7519,79.59606,986.64825,207.43526,0,0.6923598,,person
1058.1542,58.113533,1108.9153,190.02412,0,0.68548465,,person
1440.082,0.0,1488.1403,111.54208,0,0.68120736,,person
1008.4327,882.997,1107.3008,1078.759,0,0.6742041,,person
1739.9031,85.04576,1805.958,216.86028,0,0.6654968,,person
1381.767,16.393175,1422.662,148.69612,0,0.64114094,,person
1245.24,119.4202,1302.504,252.04285,0,0.6057264,,person
1801.3539,57.306145,1855.3264,182.97505,0,0.5301798,,person
1003.0397,88.42248,1040.0929,203.11789,0,0.5206947,,person
41.267643,122.178955,101.83651,244.26036,0,0.5156205,,person
1775.8594,479.5167,1870.0576,662.38477,0,0.46429577,,person
422.79495,462.67355,509.3448,612.43494,0,0.4362688,,person
997.2778,957.01025,1048.9159,1034.5411,26,0.43032846,,handbag
0.09873104,275.33105,31.373281,403.6239,0,0.40907463,,person
1252.6077,874.1316,1303.4385,940.9219,26,0.39065236,,handbag
770.0997,21.375938,827.14746,123.37738,0,0.39047554,,person
1217.8077,0.0,1251.4127,73.25583,0,0.3816846,,person
334.73413,459.17014,397.01178,613.1986,0,0.3733321,,person
1032.0704,158.43243,1070.7013,279.6868,0,0.36438146,,person
1860.3292,49.797386,1918.3077,167.20029,0,0.36220685,,person
1867.7014,82.54626,1919.313,270.6606,0,0.3527596,,person
376.40195,478.91748,444.3458,637.6027,0,0.3522188,,person
1148.4606,0.0,1187.2588,76.939545,0,0.33896166,,person
1237.3082,769.43866,1320.0546,932.9229,0,0.30676517,,person
1275.0276,0.01625061,1319.7365,75.6197,0,0.28447273,,person
377.8866,475.71698,433.1307,576.7629,0,0.28305724,,person
1187.5801,852.1864,1303.3097,1031.4127,0,0.27222914,,person
1506.9635,859.77594,1597.2107,1075.8872,0,0.84495056,,person
924.8866,446.60577,987.92834,604.29016,0,0.8236257,,person
734.15625,579.1688,810.4814,756.10406,0,0.8087785,,person
711.4944,215.64565,768.6381,372.89932,0,0.7205031,,person
1057.515,57.07498,1108.041,186.11084,0,0.70470256,,person
1000.3927,888.4856,1105.7151,1080.0,0,0.70257586,,person
1438.1016,0.0,1485.8899,110.06076,0,0.6956594,,person
931.27795,80.22704,986.06494,210.072,0,0.6848796,,person
175.49266,162.29759,249.0747,301.6354,0,0.6622663,,person
1381.6545,16.419605,1422.4402,149.01054,0,0.6369837,,person
1775.9249,483.5506,1870.7135,666.145,0,0.6293014,,person
1732.5851,82.592514,1804.3005,216.0184,0,0.62794644,,person
1245.6344,119.367584,1301.6174,252.30455,0,0.62469643,,person
41.611862,122.99011,100.47911,244.8007,0,0.5735589,,person
1234.2637,773.72174,1322.1321,933.564,0,0.5658737,,person
1031.179,154.11934,1071.0656,275.27798,0,0.54268706,,person
1001.95404,90.20984,1039.5898,202.60977,0,0.5164309,,person
1801.4601,55.843895,1851.6885,181.78113,0,0.5155557,,person
1872.0564,98.36579,1919.194,270.51215,0,0.44992694,,person
0.08635998,277.06897,31.65133,403.6161,0,0.43970442,,person
996.96185,961.5105,1050.8365,1037.511,26,0.42142296,,handbag
423.83395,462.92953,509.37314,608.76184,0,0.38946038,,person
1858.6062,49.711487,1917.1007,169.70595,0,0.38457,,person
774.22455,20.471752,823.70386,124.64695,0,0.38379255,,person
1185.3798,854.6335,1298.594,1031.1995,0,0.38220212,,person
333.81897,458.19525,396.93094,612.5151,0,0.3687133,,person
1217.8276,0.0,1251.1708,72.9844,0,0.35371733,,person
1148.4025,0.0,1187.1923,76.911964,0,0.32978982,,person
377.0736,479.5968,441.97717,637.31104,0,0.3121467,,person
1276.8832,0.0,1321.4752,75.23763,0,0.2903726,,person
377.74966,476.58133,430.4663,574.5325,0,0.26460442,,person
1508.6279,856.67804,1597.2275,1073.3939,0,0.8376648,,person
735.9864,576.9194,812.6574,748.5703,0,0.82074064,,person
924.41187,447.98657,986.92664,613.10065,0,0.8122841,,person
1057.0171,52.942635,1106.0769,181.98122,0,0.746102,,person
999.80914,893.8589,1107.3362,1080.0,0,0.7381357,,person
932.1539,80.41976,986.33844,214.84366,0,0.6872944,,person
1381.7319,16.050396,1422.5068,148.13461,0,0.6835264,,person
712.2366,214.95355,769.8553,373.1823,0,0.68149054,,person
1233.1499,778.9951,1323.2415,929.94965,0,0.6637616,,person
1437.7013,0.0,1484.8337,107.957596,0,0.6637154,,person
1776.1296,489.29874,1870.1382,651.30566,0,0.66193604,,person
1244.9064,118.45892,1302.7424,250.85838,0,0.6564215,,person
1728.6251,85.12713,1799.2412,215.07262,0,0.64041686,,person
1183.8705,819.69543,1292.2524,1029.0538,0,0.5994642,,person
174.00879,165.93764,247.51163,301.45554,0,0.5833743,,person
40.903152,122.05495,100.578674,244.59114,0,0.5617012,,person
1001.1784,91.36107,1040.5208,202.99599,0,0.5290336,,person
1796.9857,56.121643,1850.2668,182.75276,0,0.52074176,,person
1870.9802,93.23506,1919.1996,267.05896,0,0.47268605,,person
1031.9482,155.18202,1070.4136,269.3566,0,0.47235674,,person
0.09287739,278.92688,32.04689,403.15186,0,0.46622068,,person
1851.7837,47.66517,1914.0582,175.55513,0,0.40123492,,person
1217.4377,0.0,1250.7388,72.91283,0,0.35325858,,person
1147.8652,0.0,1187.6295,76.96571,0,0.34362674,,person
1869.8177,255.29663,1919.4474,390.8643,0,0.33631676,,person
1780.2905,62.252747,1849.3751,196.00777,0,0.32588404,,person
373.51276,476.50708,450.5348,634.541,0,0.2767193,,person
422.5333,463.44562,509.41702,608.0867,0,0.26819593,,person
332.7409,458.70657,395.43365,612.6911,0,0.26454616,,person
1776.1637,86.347824,1831.6534,211.98601,0,0.26237786,,person
422.03128,463.62112,509.14096,612.23444,16,0.26224124,,dog
997.1122,961.9704,1049.1599,1039.1785,26,0.25116852,,handbag
1176.4501,812.77405,1277.4738,1019.8887,0,0.8492689,,person
1509.5289,848.0867,1595.3662,1066.2645,0,0.82707757,,person
736.05194,570.6369,811.2488,730.5207,0,0.80621547,,person
1055.9314,49.224815,1106.3394,177.7288,0,0.79803735,,person
925.51373,454.6054,988.19916,623.05975,0,0.7961429,,person
1250.9458,788.7083,1323.3981,955.43427,0,0.7826023,,person
1719.4861,84.78813,1798.5444,216.85487,0,0.7261081,,person
1435.5884,0.0,1484.1207,106.8548,0,0.6968414,,person
174.7836,167.51482,244.28119,309.51712,0,0.69577163,,person
932.5525,81.03362,986.16174,219.92255,0,0.6953216,,person
713.1632,212.74713,770.54315,363.03955,0,0.68878967,,person
1001.5719,905.2511,1109.3994,1080.0,0,0.6789485,,person
1244.9271,116.55711,1301.1456,252.01497,0,0.65395576,,person
1381.2576,16.875727,1422.0568,148.81892,0,0.6515006,,person
1846.3367,47.251762,1908.813,177.3452,0,0.6242427,,person
1797.026,54.38679,1847.606,181.42128,0,0.5644537,,person
40.84544,122.58623,99.92615,244.69565,0,0.5620694,,person
1776.2542,493.89624,1870.3015,645.82764,0,0.54915804,,person
999.2024,93.83748,1042.0557,206.14243,0,0.542237,,person
1033.6503,154.97589,1071.2341,265.74802,0,0.52544284,,person
0.0884943,279.96893,32.16519,403.1308,0,0.44706538,,person
1871.2701,269.69315,1919.2372,391.02084,0,0.39052474,,person
1035.8254,901.86426,1104.3171,1080.0,0,0.38179094,,person
1872.497,104.049774,1919.3892,258.75385,0,0.38136357,,person
997.5775,979.28253,1049.2046,1049.9183,26,0.35306054,,handbag
1147.238,0.0,1186.5969,77.20031,0,0.3482577,,person
330.93842,460.17178,395.92712,610.9395,0,0.32438838,,person
422.5665,463.98907,508.95712,606.44183,0,0.26456818,,person
1216.6561,0.0,1249.7451,73.47952,0,0.25530675,,person
1177.321,805.2142,1271.9297,1016.2568,0,0.8207145,,person
925.35864,455.29688,988.09753,625.53186,0,0.81688243,,person
1510.2152,839.4908,1595.208,1063.4752,0,0.8133101,,person
1055.8033,48.15383,1106.4961,176.39119,0,0.7628747,,person
736.59644,567.39777,812.924,723.9401,0,0.76237553,,person
1255.1251,793.57874,1326.9479,966.1538,0,0.7474791,,person
1434.7058,0.51571655,1483.7184,107.14724,0,0.6954652,,person
713.2317,210.8118,770.9771,362.7314,0,0.69120705,,person
1715.4287,82.88386,1803.0249,217.41222,0,0.6882347,,person
172.36272,169.59686,243.2281,310.55145,0,0.6835197,,person
999.7143,912.8063,1109.431,1080.0,0,0.676645,,person
932.4055,81.81283,986.4619,221.87004,0,0.6682774,,person
1381.4216,16.831564,1422.2542,148.79823,0,0.6575363,,person
1245.2839,113.93828,1300.4576,250.87674,0,0.6454663,,person
1845.3431,46.866302,1907.7719,177.96333,0,0.64308786,,person
1777.0887,497.18372,1872.639,682.8782,0,0.6102955,,person
1794.4296,50.46247,1846.8047,179.43398,0,0.5990048,,person
39.93426,122.504265,98.81379,244.63872,0,0.5842558,,person
1034.9106,154.20671,1072.0247,264.74033,0,0.5283715,,person
999.5375,94.83355,1042.7313,208.6637,0,0.5165174,,person
1871.9762,100.90627,1919.3551,256.90552,0,0.41740927,,person
1873.3654,273.04953,1919.4303,392.674,0,0.40896505,,person
1147.3397,0.0,1186.3588,77.17955,0,0.35187474,,person
0.0779686,278.54016,31.491537,403.59634,0,0.3485561,,person
790.9852,20.263006,821.6693,117.445724,0,0.3093383,,person
329.68042,459.1798,398.77417,610.8065,0,0.29031432,,person
1851.2966,47.918037,1918.1678,254.82213,0,0.28968284,,person
419.9623,465.76566,507.84744,611.7089,16,0.28292382,,dog
1216.5275,0.0,1249.8955,73.445,0,0.27219912,,person
1509.5454,836.43054,1595.2552,1054.935,0,0.82541496,,person
925.12335,459.26965,989.8083,631.6475,0,0.812727,,person
1055.4507,47.539494,1106.3998,176.15501,0,0.7756246,,person
736.13293,563.7605,812.47107,721.8596,0,0.7581856,,person
713.7462,207.24188,771.7387,363.9895,0,0.74261665,,person
998.3487,918.1547,1110.7893,1080.0,0,0.73212975,,person
1174.4855,802.0005,1265.6006,1003.8047,0,0.7145468,,person
171.22325,170.69206,242.858,313.01486,0,0.69958043,,person
1715.1497,82.822586,1795.6531,217.16212,0,0.6853369,,person
1433.8492,1.0160751,1481.7152,107.170006,0,0.68464935,,person
1253.0093,801.646,1329.1344,975.64636,0,0.67645687,,person
933.35364,84.1219,987.42615,223.50151,0,0.6614491,,person
1381.2548,17.733044,1421.9587,149.44737,0,0.63884526,,person
1244.9769,111.97175,1301.7828,247.7385,0,0.6315852,,person
1778.3562,499.0493,1872.5182,684.62885,0,0.6122507,,person
39.611946,122.529564,98.865746,244.8799,0,0.59096044,,person
1842.4619,45.36708,1906.755,178.69171,0,0.55385685,,person
1791.5468,49.67814,1844.881,177.32095,0,0.5294449,,person
998.74146,95.60355,1042.8323,210.78307,0,0.5005595,,person
1874.3265,277.61264,1919.4269,393.05844,0,0.48360106,,person
1035.4713,152.94241,1071.7167,263.1167,0,0.4812544,,person
0.15159702,278.23975,32.322803,402.96927,0,0.40648437,,person
1872.4786,89.509514,1919.35,255.94807,0,0.3758621,,person
1147.1875,0.0,1186.0022,77.30984,0,0.36545432,,person
793.8944,20.002098,823.74445,120.07512,0,0.3400332,,person
329.23227,459.06793,399.15182,611.25226,0,0.295724,,person
1216.4269,0.0,1249.7792,73.43827,0,0.2753148,,person
1856.9597,47.500053,1919.0332,254.80042,0,0.26977822,,person
1278.9899,0.16280365,1323.0446,74.539696,0,0.26404947,,person
418.75516,466.83563,508.32138,612.379,16,0.25779393,,dog
1510.3262,829.1358,1595.383,1044.5114,0,0.84608656,,person
925.8265,464.20966,988.84955,628.5201,0,0.80181015,,person
735.5447,559.9148,813.013,721.4532,0,0.7845585,,person
1055.2427,46.89235,1107.0154,174.97949,0,0.7577467,,person
715.1347,204.09549,774.40027,361.44662,0,0.73665106,,person
1433.1932,1.1245422,1479.6954,104.65,0,0.69708407,,person
933.2525,84.17324,987.1584,227.51152,0,0.69279975,,person
999.0084,922.85175,1111.3778,1080.0,0,0.6889297,,person
171.1864,172.72627,242.5919,314.43442,0,0.6775047,,person
1244.257,108.55106,1302.1897,246.09036,0,0.64365447,,person
1780.0382,502.01843,1872.8287,683.9665,0,0.63942486,,person
1381.2445,18.237946,1422.025,149.67957,0,0.6310849,,person
1173.7219,796.9766,1253.6409,985.8155,0,0.6053687,,person
1711.0767,83.80412,1796.6561,214.74733,0,0.5892939,,person
39.59763,122.537186,98.51415,244.39288,0,0.57933915,,person
1226.495,808.2876,1331.0703,982.1704,0,0.57141644,,person
1841.3749,45.362114,1904.9476,179.47646,0,0.54943866,,person
1256.0962,809.1663,1328.6984,982.8554,0,0.51983756,,person
1787.4338,48.951508,1844.2368,175.65898,0,0.51444113,,person
999.3913,95.889,1043.1674,217.7304,0,0.49859124,,person
0.05654812,281.33496,31.63356,406.48563,0,0.47223774,,person
1877.5181,280.26993,1919.4221,394.50568,0,0.4575418,,person
1872.7485,105.62442,1919.3738,256.78824,0,0.39410242,,person
1035.648,153.7706,1072.206,262.8123,0,0.38595733,,person
1147.1133,0.0,1186.0466,77.93282,0,0.36451808,,person
1852.9211,45.749954,1919.8652,255.71059,0,0.3145557,,person
329.14902,458.78284,398.79227,611.51166,0,0.30580977,,person
417.81015,467.4008,508.1586,612.80133,16,0.3038813,,dog
1216.1711,0.0,1249.8344,73.43555,0,0.2772789,,person
1279.6919,0.18882751,1322.451,73.852165,0,0.26083234,,person
1509.5911,824.08887,1596.4083,1028.3423,0,0.8328995,,person
735.61786,557.1189,812.6602,720.5797,0,0.7926769,,person
926.63324,467.95004,989.4897,639.2369,0,0.7763689,,person
1054.8575,46.069923,1106.5515,175.29991,0,0.7672818,,person
714.30804,202.15155,774.70825,358.24506,0,0.73749584,,person
1780.8864,503.25925,1874.1346,685.57166,0,0.7333583,,person
1250.1119,813.09265,1332.96,985.0684,0,0.7092546,,person
934.5987,86.81593,988.09186,227.02597,0,0.69355345,,person
1432.1565,0.5652809,1477.9679,104.09622,0,0.68228376,,person
1170.6866,791.91064,1248.5109,980.4166,0,0.6726329,,person
1000.283,929.23956,1111.172,1080.0,0,0.6505409,,person
1708.1125,81.54856,1798.5652,215.0279,0,0.64081484,,person
1244.4082,106.42149,1303.0656,241.3689,0,0.6295809,,person
1381.5077,18.439934,1421.6125,149.38844,0,0.62313616,,person
171.33174,174.48802,240.93988,313.5751,0,0.62301695,,person
39.464264,122.54727,98.65998,244.60405,0,0.57923937,,person
1842.0437,45.927658,1903.0676,178.33504,0,0.55681723,,person
998.1764,97.648506,1044.0968,220.62762,0,0.53352004,,person
1785.1051,46.50302,1840.1217,176.64555,0,0.5190052,,person
1879.1616,278.45053,1919.4536,396.33475,0,0.47987574,,person
0.07634926,281.6655,31.93118,409.60693,0,0.42042673,,person
416.15057,468.4099,508.35004,613.7203,16,0.4023188,,dog
1848.0436,48.076492,1919.5726,256.3031,0,0.37221742,,person
1147.1177,0.002861023,1186.0433,78.259026,0,0.36948544,,person
1873.4657,94.91547,1919.3944,256.62848,0,0.31527886,,person
1035.3943,151.97551,1072.7328,262.52005,0,0.2943889,,person
1169.8656,791.5392,1244.4092,914.8523,0,0.28908885,,person
330.05734,458.81525,397.689,610.45807,14,0.27842045,,bird
1216.1426,0.0,1249.8406,73.802536,0,0.2703995,,person
1279.7761,0.0,1322.9927,73.274025,0,0.25163615,,person
1506.576,812.34467,1597.8984,1002.9538,0,0.83314675,,person
736.41376,552.4967,812.53217,721.3777,0,0.82698137,,person
1251.6564,820.67413,1334.7511,988.4449,0,0.8029934,,person
714.0062,197.28429,779.2075,348.14557,0,0.8004123,,person
927.7605,469.71918,990.88556,647.9978,0,0.761792,,person
1053.939,44.489365,1106.2548,175.70229,0,0.7475668,,person
934.6376,91.40232,990.6078,226.6919,0,0.7397929,,person
1782.171,506.24414,1877.6451,685.78217,0,0.7094844,,person
1431.3602,0.0,1476.6525,103.05567,0,0.68754274,,person
1245.4706,102.77445,1303.0568,234.0227,0,0.6686879,,person
1167.2399,782.1222,1247.6285,966.8844,0,0.6552676,,person
171.924,178.25679,240.92386,313.4634,0,0.6389885,,person
1381.1536,18.206818,1423.4121,151.98079,0,0.6367306,,person
1705.6996,80.61896,1780.4202,211.10165,0,0.6056285,,person
1840.2166,43.85755,1897.4429,174.8709,0,0.59377277,,person
39.00295,122.473206,98.65741,244.5114,0,0.55082667,,person
1880.7389,278.34247,1919.4598,404.81268,0,0.54525006,,person
1001.3266,939.6892,1111.9521,1080.0,0,0.5044378,,person
999.2575,102.156555,1043.8586,221.72351,0,0.5005268,,person
1781.7742,44.770435,1836.0664,168.70244,0,0.47939214,,person
803.716,20.845837,835.21893,119.880714,0,0.47381476,,person
329.9245,459.00485,397.38568,610.0963,14,0.4409158,,bird
0.038071632,286.60666,32.651436,416.81076,0,0.4353477,,person
1146.9329,0.1533165,1186.1387,78.296265,0,0.39138654,,person
1864.4883,111.57358,1919.5261,256.81827,0,0.3315741,,person
329.0184,458.66537,397.12137,610.7324,0,0.29654682,,person
1787.0017,506.7636,1878.4259,595.7478,24,0.2818208,,backpack
415.48206,467.8737,508.3178,614.11926,16,0.26871517,,dog
1216.4531,0.23440933,1248.9031,73.62834,0,0.26086614,,person
736.39435,551.1469,812.58673,721.61206,0,0.8352003,,person
927.8009,473.92026,990.5504,648.3895,0,0.7994904,,person
1506.041,806.2888,1598.5558,998.11707,0,0.787452,,person
1252.6293,826.25995,1336.4078,988.3621,0,0.7676986,,person
714.73193,195.717,779.3334,345.23468,0,0.7336871,,person
934.86346,91.54143,990.7458,227.44542,0,0.6950969,,person
1247.7792,98.66073,1303.247,230.77223,0,0.6935554,,person
1839.6626,43.29973,1896.533,174.40262,0,0.6812239,,person
1705.0072,78.6717,1775.8214,206.78458,0,0.6648806,,person
170.00905,178.02708,241.81638,316.17883,0,0.6604296,,person
1053.8899,44.443592,1106.3958,175.11076,0,0.65448433,,person
1784.8949,509.69568,1878.954,685.1816,0,0.65194076,,person
1380.962,17.939993,1424.0674,152.33473,0,0.6507241,,person
1431.4596,0.33959198,1475.4781,99.56076,0,0.61744535,,person
1879.8461,277.15863,1919.4635,407.04248,0,0.5945513,,person
999.15436,104.36794,1043.6775,222.42921,0,0.58152723,,person
1167.337,778.9997,1242.841,964.1435,0,0.54843426,,person
1783.144,44.320244,1835.4426,166.4801,0,0.5384659,,person
39.16824,122.60072,98.43123,244.10037,0,0.52942955,,person
995.33514,944.91437,1110.7837,1080.0,0,0.508528,,person
803.6283,17.519056,837.4885,119.3202,0,0.50769585,,person
0.08695221,292.79248,32.05228,417.62283,0,0.4798451,,person
1865.5499,111.290955,1919.6166,256.18707,0,0.37915847,,person
1146.6698,0.22077656,1185.9906,78.53938,0,0.3634905,,person
329.94196,459.0655,397.11713,610.1312,14,0.33349198,,bird
1008.93115,942.902,1112.1658,1078.377,24,0.3306693,,backpack
1787.1094,509.0224,1880.1248,599.6045,24,0.3097954,,backpack
329.10318,458.63077,395.9222,610.4105,0,0.3048834,,person
0.17294025,578.7065,46.823185,732.2197,0,0.27649727,,person
1216.5692,0.4347067,1249.3217,73.77171,0,0.27289617,,person
927.5799,476.03384,992.9716,647.37054,0,0.8359774,,person
1504.3872,802.25464,1600.7285,997.22314,0,0.82313985,,person
736.8675,548.92816,811.7939,721.24347,0,0.8131967,,person
1254.7794,831.2576,1337.6204,988.27716,0,0.7763535,,person
1784.6418,510.65085,1880.0955,683.2839,0,0.7430615,,person
718.1329,195.59221,780.8874,343.77606,0,0.7419659,,person
1249.1741,96.84387,1303.6274,228.83162,0,0.71955204,,person
169.10756,178.51414,240.31728,314.4062,0,0.70940477,,person
932.94525,90.87619,990.34845,228.00078,0,0.6879026,,person
1381.1305,18.169338,1423.1924,152.52415,0,0.64821905,,person
1704.5665,76.0088,1777.14,204.71947,0,0.6344334,,person
997.3263,948.0691,1111.3806,1080.0,0,0.6310465,,person
1429.9993,0.0,1474.0219,99.24014,0,0.61607456,,person
1834.9882,40.41948,1895.7521,173.73213,0,0.6072797,,person
1053.5634,42.569565,1106.0634,174.78925,0,0.57697076,,person
1174.426,775.745,1241.4686,968.35474,0,0.5453696,,person
1000.4156,106.28691,1043.0806,222.63318,0,0.52711916,,person
39.797356,122.53485,98.9424,244.21376,0,0.5249602,,person
0.071923256,296.93802,32.719433,419.08273,0,0.5047176,,person
1881.5262,270.0883,1919.4543,410.58118,0,0.50441337,,person
1780.17,43.772392,1835.038,165.36722,0,0.49637896,,person
807.14355,19.63381,843.94995,118.81796,0,0.4348221,,person
1867.4037,110.792564,1919.6818,255.55684,0,0.3950016,,person
1156.6821,776.71014,1237.4272,944.0678,0,0.3745507,,person
1146.2168,0.042912483,1186.0137,78.8397,0,0.37044027,,person
0.13490868,580.47876,54.02196,735.4116,0,0.3317013,,person
329.20523,458.7637,400.15533,611.0538,0,0.32167047,,person
1216.5085,0.24543,1249.6407,73.8591,0,0.31697714,,person
1877.5906,213.07127,1919.3936,412.947,0,0.31060854,,person
928.6108,479.46295,995.3128,647.14343,0,0.85163933,,person
738.9765,546.8409,811.4683,718.8549,0,0.79152554,,person
1502.9314,803.0798,1601.4188,999.2053,0,0.7633068,,person
1253.1954,834.9025,1339.6139,987.889,0,0.7431543,,person
169.70029,179.6223,240.24776,315.2961,0,0.71711624,,person
1788.086,513.92596,1882.7421,682.48737,0,0.6985657,,person
1252.047,95.896,1305.7072,226.85925,0,0.6927658,,person
931.97845,93.4541,989.33,227.43063,0,0.6889531,,person
718.7274,193.09071,780.443,342.96158,0,0.6800034,,person
1704.9152,73.38032,1775.4364,202.6387,0,0.6485211,,person
1011.22876,952.11444,1112.0332,1080.0,0,0.6276202,,person
1381.2316,18.332336,1422.4647,153.06573,0,0.62367356,,person
1429.7334,0.0,1472.4596,98.41283,0,0.6115295,,person
1000.6368,106.46178,1043.4841,223.16579,0,0.5989532,,person
1836.7712,38.673836,1892.94,169.79704,0,0.5813571,,person
1140.5732,774.6209,1237.5454,964.1865,0,0.5496318,,person
1054.0698,42.604317,1104.8889,167.77177,0,0.513975,,person
40.024246,122.35992,98.87037,244.09438,0,0.49714524,,person
0.07797432,298.7861,33.991493,425.63095,0,0.4546973,,person
808.78754,20.924812,852.63745,121.341866,0,0.44346932,,person
1865.8169,105.24401,1919.7825,254.70815,0,0.4319643,,person
1781.2778,43.152996,1832.0376,161.44109,0,0.41514042,,person
1179.1268,776.76074,1238.4299,965.33356,0,0.39605668,,person
1883.0211,258.13037,1919.4613,413.13565,0,0.3375686,,person
1146.53,0.05042553,1186.2562,78.653915,0,0.32376844,,person
1216.718,0.27675533,1249.7521,73.96155,0,0.310769,,person
1877.629,163.18771,1919.4342,417.0575,0,0.310133,,person
1039.8354,138.56683,1077.5175,254.81136,0,0.30585992,,person
329.01053,458.98773,400.62592,610.962,0,0.30152905,,person
928.08936,480.6946,996.2275,646.31036,0,0.86410207,,person
742.3651,544.593,810.68304,715.33734,0,0.8129224,,person
1254.6171,837.93036,1340.8966,986.48346,0,0.7904,,person
1505.1614,800.6459,1600.2517,999.4424,0,0.76084334,,person
1252.9768,95.618546,1306.9937,224.7274,0,0.7240954,,person
169.87294,180.13852,239.21791,313.91483,0,0.71853983,,person
1789.0492,514.95526,1884.286,689.66437,0,0.7131659,,person
930.3708,90.182785,989.0947,228.93768,0,0.7100296,,person
996.07196,955.24567,1110.8644,1080.0,0,0.704864,,person
717.23785,192.68353,779.0872,343.72403,0,0.63930327,,person
1381.79,17.404037,1422.3333,153.1475,0,0.6280692,,person
1134.5918,770.857,1232.8473,964.1336,0,0.6121266,,person
1429.3242,0.0,1473.0432,96.33234,0,0.5987904,,person
1705.0697,73.29751,1766.6444,199.61728,0,0.5936215,,person
999.65533,106.500275,1043.4585,223.26599,0,0.59054375,,person
1834.5509,37.535545,1892.3844,168.61125,0,0.56216735,,person
40.42702,122.231735,99.513824,243.93137,0,0.51634353,,person
0.04575634,299.19574,37.35062,433.34576,0,0.5001088,,person
1052.973,40.68013,1104.1938,175.66632,0,0.49773684,,person
1865.9308,110.30187,1919.7448,252.43465,0,0.43415385,,person
809.1654,19.674706,860.63763,121.089226,0,0.42876837,,person
329.06964,458.82828,398.64807,610.3141,0,0.3525896,,person
1882.8314,242.52708,1919.4628,415.40158,0,0.33992127,,person
1043.8243,44.69316,1096.4734,251.29092,0,0.32950592,,person
1145.39,0.0018196106,1186.0867,78.59175,0,0.32875538,,person
1216.7493,0.3095169,1249.734,74.11105,0,0.31528145,,person
1781.6884,45.652348,1831.9105,143.53903,0,0.2827411,,person
1443.2876,1028.1035,1533.5597,1080.0,0,0.2810936,,person
1877.139,118.50847,1919.4496,419.13126,0,0.2798335,,person
0.10631561,580.5962,60.666622,745.0476,0,0.25348544,,person
416.40207,466.67123,508.8164,608.24664,0,0.25000343,,person
926.77313,487.11588,998.4776,648.9452,0,0.86171937,,person
739.58093,533.64703,810.7489,708.60614,0,0.83909005,,person
1257.1305,848.18097,1340.5261,1001.97107,0,0.75195473,,person
1510.3011,797.84204,1599.6808,998.2647,0,0.74719214,,person
718.42346,191.35034,780.2379,343.28806,0,0.7145318,,person
1250.6953,94.22717,1307.2657,225.21803,0,0.7080738,,person
1792.9955,522.5281,1886.4701,709.51654,0,0.68479943,,person
928.9175,94.26853,989.84875,231.62518,0,0.6740753,,person
994.1877,963.8899,1110.69,1080.0,0,0.6309412,,person
1381.5132,16.604868,1423.2021,154.43898,0,0.6240088,,person
1701.8585,71.65219,1757.464,197.20006,0,0.6091093,,person
1428.2052,1.6163893,1471.6854,90.468796,0,0.53918713,,person
1832.5796,31.8099,1890.041,166.63426,0,0.52379864,,person
999.1247,107.38235,1042.1226,223.41838,0,0.5201516,,person
1053.7444,37.88958,1102.6405,157.53062,0,0.50269485,,person
1442.2712,1017.38293,1540.3044,1079.9044,0,0.5015386,,person
167.00967,181.07607,240.35632,315.99585,0,0.4940527,,person
1860.0228,102.90457,1919.2692,242.13322,0,0.48824582,,person
0.058599472,300.36603,37.98215,435.91214,0,0.4620162,,person
39.456596,121.92906,99.49817,243.55518,0,0.4588275,,person
1775.9084,41.63829,1827.7683,158.3927,0,0.41446725,,person
809.6404,20.006104,859.4467,120.06928,0,0.4142539,,person
1884.6271,230.82376,1919.457,415.13086,0,0.40533143,,person
329.69553,458.74576,397.41974,608.8466,0,0.4043862,,person
1135.3678,766.5445,1210.4242,908.404,0,0.365253,,person
0.11663246,582.4766,59.77015,753.4818,0,0.36124906,,person
1134.515,766.5544,1228.603,967.0765,0,0.33511412,,person
1877.1804,151.61351,1919.4148,418.1673,0,0.33233142,,person
1216.7721,0.6175432,1249.8129,73.91677,0,0.31497023,,person
1039.4918,135.72989,1079.2394,247.83018,0,0.31391716,,person
1275.4926,1.063302,1325.1823,61.83775,0,0.2763983,,person
1043.6785,33.270927,1096.5908,248.97044,0,0.26827976,,person
415.78455,466.93295,508.25793,597.6122,0,0.26782292,,person
1145.2325,0.24337006,1186.12,78.95636,0,0.26359653,,person
927.10986,488.7539,997.8014,655.78845,0,0.874369,,person
739.94666,530.331,810.4732,701.9349,0,0.8443398,,person
1255.3254,853.47894,1342.8176,1019.9046,0,0.7682824,,person
1250.7986,94.2719,1307.4562,226.59668,0,0.72138083,,person
1509.2561,787.8406,1602.9259,993.76044,0,0.71589214,,person
1132.0156,763.02875,1226.3285,965.72833,0,0.68239886,,person
718.7359,190.18346,777.22577,340.49023,0,0.6566747,,person
927.3459,93.984924,990.4001,234.79591,0,0.6560934,,person
996.163,969.51184,1111.2776,1080.0,0,0.6334579,,person
1381.5438,15.796589,1422.5005,154.2188,0,0.6299846,,person
166.81342,184.2206,239.99034,319.70975,0,0.58707017,,person
1832.4507,30.288694,1889.8066,165.73843,0,0.5371106,,person
1695.2059,70.98871,1757.5178,195.80174,0,0.53699964,,person
0.038967133,303.12546,38.27347,434.87094,0,0.5335717,,person
1443.1406,1015.879,1541.9725,1080.0,0,0.53076315,,person
1793.1304,526.168,1890.3762,709.31415,0,0.5302011,,person
39.585648,122.01504,99.29588,243.43996,0,0.50890064,,person
1428.0939,2.2778807,1470.8412,88.79947,0,0.50369835,,person
1053.1666,36.738636,1102.0636,155.4124,0,0.50098926,,person
1859.0204,97.91128,1919.3254,239.54088,0,0.4397172,,person
0.12975883,586.7148,59.858242,755.47217,0,0.42763937,,person
1042.5659,31.470657,1101.8881,245.4597,0,0.39696884,,person
999.722,107.29903,1039.8414,225.79079,0,0.38570794,,person
329.479,458.7957,395.99637,609.90564,0,0.3530986,,person
1776.1547,41.4733,1826.5299,150.07292,0,0.3510373,,person
809.9024,19.438122,856.6558,119.55948,0,0.335668,,person
1884.4314,218.10191,1919.3723,417.09177,0,0.30781657,,person
1216.9427,0.59614563,1249.994,73.865166,0,0.29209343,,person
1169.4885,765.50507,1225.6682,963.24927,0,0.25049987,,person
926.43567,489.42838,1001.2617,664.40485,0,0.86891454,,person
739.1785,527.9195,810.57245,696.11304,0,0.8517622,,person
1254.1523,860.965,1342.4436,1031.2344,0,0.8232779,,person
1510.1273,782.97437,1605.3488,987.7628,0,0.7637031,,person
1252.4464,92.25586,1307.3242,225.99815,0,0.71582824,,person
1133.2244,759.5867,1222.71,960.61633,0,0.69842374,,person
927.82544,96.29132,990.75,238.11905,0,0.6850202,,person
1443.9547,1011.963,1541.6404,1080.0,0,0.6480583,,person
1381.4363,15.620911,1422.7585,153.83194,0,0.6419227,,person
165.56232,185.69275,240.2259,323.4993,0,0.6152558,,person
719.8347,189.19382,777.8251,341.89914,0,0.6106101,,person
1162.3066,757.5184,1222.3849,959.8102,0,0.6018728,,person
1794.4312,527.38525,1890.8827,694.08765,0,0.5626529,,person
1688.473,70.76564,1755.6764,197.30736,0,0.5382002,,person
39.364468,121.787704,99.55884,243.4574,0,0.52890486,,person
1053.6227,34.690773,1101.2783,151.88942,0,0.51860344,,person
0.03607464,304.44022,39.12025,435.751,0,0.5114935,,person
1830.9218,30.803782,1888.7318,163.01971,0,0.50379133,,person
1426.3989,3.735898,1468.3784,86.41775,0,0.48699966,,person
810.7588,18.44692,863.58765,120.86783,0,0.48335958,,person
1857.8632,97.21838,1919.406,238.18913,0,0.47695145,,person
1774.6483,36.132225,1827.7211,161.33043,0,0.4447338,,person
0.04908371,585.8993,60.931675,762.77203,0,0.4121735,,person
999.7378,974.9187,1112.5715,1080.0,0,0.38524872,,person
331.068,456.91397,401.70532,609.36975,0,0.35522366,,person
1043.6078,30.037102,1099.5535,243.80211,0,0.3524688,,person
999.1059,108.23348,1038.6155,227.54678,0,0.34031427,,person
1885.9874,218.36435,1919.3214,417.282,0,0.33358648,,person
1216.9635,0.40585327,1249.8448,73.81737,0,0.32139316,,person
1145.9136,0.17555237,1185.8628,78.92681,0,0.30257905,,person
1003.231,974.45325,1113.37,1080.0,24,0.26651084,,backpack
926.14636,496.1566,1001.70374,677.25995,0,0.8923437,,person
739.5085,526.1758,810.87274,687.6752,0,0.84890985,,person
1254.9504,867.0945,1342.7876,1041.2098,0,0.8354147,,person
1254.883,90.584206,1308.4286,224.4039,0,0.7171027,,person
1515.9141,780.0128,1608.2395,983.5393,0,0.7168462,,person
1126.9484,756.0355,1221.4055,955.3019,0,0.69744605,,person
1446.9702,1008.1897,1540.8422,1080.0,0,0.66904914,,person
164.05426,187.43051,239.57506,325.88965,0,0.6612891,,person
1381.2599,14.62587,1423.4708,153.95395,0,0.6472457,,person
927.4583,98.918335,990.1981,240.10304,0,0.62584084,,person
721.0126,187.07808,777.3023,339.7806,0,0.58779097,,person
1675.3434,68.07738,1759.2372,195.91325,0,0.5778629,,person
0.0,592.8785,62.125546,759.904,0,0.5360516,,person
38.33656,121.60243,99.377014,243.43927,0,0.5295326,,person
1830.9741,29.190125,1887.731,156.94798,0,0.52559155,,person
1052.9873,33.133408,1100.9496,153.68808,0,0.521896,,person
1048.722,33.032204,1100.8375,201.73024,0,0.52174044,,person
813.0782,14.386127,864.5546,121.13206,0,0.50477153,,person
0.048039436,306.59235,40.097588,435.27576,0,0.5027546,,person
1855.4664,96.26344,1919.3406,231.4097,0,0.4950349,,person
1771.1292,41.28074,1824.5176,160.16647,0,0.48416886,,person
1160.7632,764.71533,1219.9546,953.98395,0,0.4565878,,person
1794.6749,529.23395,1891.9193,708.76685,0,0.42798355,,person
1424.5396,2.5293846,1465.8939,84.07306,0,0.40808213,,person
329.82166,458.7832,398.3242,609.10986,0,0.38817593,,person
1043.3416,29.398659,1098.0981,243.00499,0,0.37759078,,person
1217.1207,0.31181717,1249.6676,73.64717,0,0.34753162,,person
1002.92413,981.84375,1112.9258,1080.0,0,0.3450317,,person
1146.4092,0.3659563,1185.8142,79.1968,0,0.33857086,,person
1888.4998,144.70976,1919.3285,300.19794,0,0.32633963,,person
1007.1069,982.25024,1113.3599,1080.0,24,0.32603103,,backpack
1732.7319,72.807495,1779.5641,194.66159,0,0.3014146,,person
998.6849,110.55059,1038.7701,231.25984,0,0.3004785,,person
926.0671,499.87308,1000.69977,680.5192,0,0.9061095,,person
1255.2969,872.1316,1343.1392,1052.37,0,0.8278907,,person
1512.7961,775.1184,1608.8892,980.09985,0,0.79209924,,person
739.3374,522.81665,810.5149,676.54816,0,0.78388816,,person
1446.6476,999.4653,1541.8099,1080.0,0,0.72930735,,person
1127.9885,751.99365,1219.5487,947.32874,0,0.726644,,person
1257.0103,88.677956,1308.661,222.04662,0,0.7060868,,person
926.90515,99.8192,990.6533,241.58606,0,0.6900259,,person
1381.116,16.248968,1423.7228,155.03613,0,0.6716839,,person
164.56552,189.06454,239.12086,327.93494,0,0.6537517,,person
720.93494,186.30501,777.4281,340.33588,0,0.5864942,,person
1046.5662,29.828087,1102.7946,237.88652,0,0.5777122,,person
1665.1426,67.407555,1752.147,194.91412,0,0.5711951,,person
1766.6895,37.196754,1822.73,161.87068,0,0.5574444,,person
1152.6973,760.3594,1219.6394,942.7599,0,0.5553877,,person
1011.03864,987.93677,1109.7643,1080.0,24,0.53930914,,backpack
0.04251194,310.5547,40.518845,432.7341,0,0.51804733,,person
38.291782,121.601395,98.97441,243.18205,0,0.517711,,person
1831.6926,26.589638,1886.3837,159.71095,0,0.50950617,,person
1851.36,95.94058,1919.1932,235.26686,0,0.48685414,,person
1050.6577,31.195267,1102.3395,173.59273,0,0.47321433,,person
0.0,593.88684,61.624935,760.22534,0,0.45642352,,person
1795.9462,532.717,1892.1923,720.9363,0,0.4520684,,person
997.90393,113.37389,1039.3993,232.78612,0,0.43458065,,person
817.82465,10.089592,863.24176,120.68495,0,0.41356632,,person
1216.5747,0.30860138,1249.6871,73.68192,0,0.38099438,,person
329.72314,458.71115,398.3269,610.3384,0,0.3518887,,person
1146.5266,0.5135536,1185.8634,79.078445,0,0.34935793,,person
1009.0241,988.38684,1110.3707,1080.0,0,0.34281984,,person
1796.264,533.0852,1894.0508,727.8107,14,0.34169555,,bird
1426.6493,3.0201674,1462.6729,84.69257,0,0.3067076,,person
1881.2955,140.04828,1919.4847,299.5677,0,0.29850468,,person
924.53156,505.71075,1002.25946,688.9863,0,0.864951,,person
740.9405,515.0774,811.9034,673.93384,0,0.8081243,,person
1255.3898,883.1836,1341.5039,1057.708,0,0.7905097,,person
1512.7885,764.07806,1610.874,955.6963,0,0.7847514,,person
1117.1046,745.2789,1206.5284,927.3778,0,0.74942553,,person
926.0277,106.22905,992.0775,247.79128,0,0.7267333,,person
162.09619,192.66641,238.35728,330.18073,0,0.7142986,,person
1446.3307,988.5024,1542.3457,1080.0,0,0.71264374,,person
721.43243,182.04172,778.06134,339.27484,0,0.6717852,,person
1260.329,84.136734,1309.2299,217.02678,0,0.6265107,,person
1381.2301,13.584503,1421.8564,154.19577,0,0.62498486,,person
997.99225,118.25551,1042.1825,238.81494,0,0.60134554,,person
37.336746,121.75374,99.18771,243.25795,0,0.55839425,,person
0.06650734,312.7974,41.728157,432.80457,0,0.53396016,,person
1830.1143,26.283165,1883.1577,161.93925,0,0.5189902,,person
1042.8169,119.28486,1079.1014,242.48471,0,0.50582176,,person
1661.8174,72.25067,1747.4111,194.04643,0,0.4870859,,person
1051.1053,30.771515,1100.6207,153.36465,0,0.46666512,,person
823.39496,7.3675976,862.722,119.29516,0,0.4366683,,person
1765.1547,38.72126,1820.9066,160.09589,0,0.4323466,,person
1864.9384,110.38756,1919.4503,295.06586,0,0.4019519,,person
1796.6713,541.34326,1894.9528,732.28973,14,0.39830393,,bird
1380.8057,8.677099,1437.6167,157.16615,0,0.37776116,,person
1015.63257,1000.3741,1110.3779,1080.0,0,0.37080982,,person
329.79657,458.995,397.92215,610.8699,0,0.35621694,,person
1836.8624,95.54844,1914.2703,225.79492,0,0.35536844,,person
1216.7462,0.38724518,1249.4756,74.10197,0,0.34505197,,person
0.1735897,589.7394,63.475685,759.14636,0,0.30769423,,person
1143.0487,749.08105,1207.1818,926.8303,0,0.29800138,,person
414.57022,469.0417,509.56076,610.51556,0,0.28068903,,person
1146.3267,0.4587965,1185.6797,78.55037,0,0.27645758,,person
413.20828,468.68518,509.0672,610.94403,16,0.25213936,,dog
1014.5764,998.5745,1110.3278,1080.0,24,0.2518217,,backpack
924.19977,511.9086,998.85333,690.74695,0,0.8450949,,person
1513.3845,759.6744,1612.2198,940.2409,0,0.81044406,,person
740.45074,514.1646,812.1067,672.93225,0,0.8075278,,person
1255.5488,888.4142,1342.6953,1058.1255,0,0.77333564,,person
1444.1141,982.3854,1543.3429,1080.0,0,0.76221573,,person
1106.752,735.941,1199.9341,915.9538,0,0.70579296,,person
720.8491,179.0192,779.0543,335.84262,0,0.7023028,,person
925.51666,108.77426,991.0091,249.50052,0,0.69888914,,person
1260.4618,83.07635,1311.7808,212.2738,0,0.6608635,,person
159.95604,194.36816,238.48924,333.58557,0,0.6387896,,person
1381.3055,12.657978,1420.4792,153.92189,0,0.6376075,,person
996.8641,121.330605,1041.9534,241.99802,0,0.6122994,,person
1827.3304,25.628088,1881.1173,161.16847,0,0.5604347,,person
37.05693,121.67372,98.94191,243.09343,0,0.5293428,,person
0.061486244,314.60443,41.85958,435.84525,0,0.5151602,,person
1658.1097,71.26847,1747.934,193.41048,0,0.49618167,,person
1050.5422,29.624302,1098.1244,150.84091,0,0.479538,,person
829.5357,11.733639,862.96124,119.67321,0,0.4599649,,person
1043.5591,121.61362,1079.6946,242.6152,0,0.45101085,,person
1764.768,36.21212,1820.9733,159.59949,0,0.43961847,,person
1859.0106,100.6095,1919.4647,292.9443,0,0.42546347,,person
1683.509,70.6805,1739.4353,194.64433,0,0.40908232,,person
1216.0283,0.4062538,1249.8138,74.28829,0,0.38816202,,person
1380.894,7.198059,1439.9177,157.30482,0,0.36100337,,person
1841.138,94.664955,1913.684,227.27419,0,0.35987297,,person
329.74396,458.8574,396.43518,610.17145,0,0.34170264,,person
1798.5033,545.02515,1894.6249,735.2238,14,0.32592222,,bird
1418.6671,1.2052002,1464.6853,84.977234,0,0.32266983,,person
1798.4868,545.24835,1898.2778,731.89764,0,0.30738026,,person
1146.0455,0.4790926,1185.8317,79.061646,0,0.27519357,,person
414.40393,469.44113,509.65118,609.261,0,0.27436683,,person
0.14278793,588.0096,62.81532,758.8814,0,0.26372206,,person
923.0905,512.8175,998.842,693.1582,0,0.87331754,,person
741.3522,512.9888,812.4949,672.19794,0,0.8200383,,person
1255.3297,891.8575,1342.9658,1058.6764,0,0.783496,,person
1513.1719,755.0125,1612.7135,936.67474,0,0.78190845,,person
924.9751,107.51898,990.65924,250.26201,0,0.74797493,,person
1443.5289,975.5601,1543.5308,1080.0,0,0.73279476,,person
1098.5957,733.83325,1194.1212,912.25323,0,0.7038842,,person
1261.5374,81.74334,1312.0437,209.09547,0,0.68319094,,person
720.89087,178.76978,777.81116,336.56952,0,0.6814773,,person
996.45447,121.341484,1041.8789,243.71278,0,0.6338439,,person
1381.402,14.602604,1420.2405,154.62697,0,0.62712127,,person
1043.3885,120.10856,1079.436,242.43102,0,0.58924896,,person
160.1742,197.55038,237.05956,338.52557,0,0.5666139,,person
1800.4365,547.7721,1895.0391,737.658,0,0.53528786,,person
1657.1083,71.28621,1751.0359,193.7742,0,0.5323852,,person
38.41213,121.85051,98.241554,243.31435,0,0.50904423,,person
0.14164925,315.1649,42.490128,440.34897,0,0.4820865,,person
1825.8541,26.680481,1879.1755,161.43462,0,0.46777305,,person
1761.8698,34.574318,1815.7709,158.32262,0,0.44284466,,person
830.67725,13.514511,864.4503,119.57185,0,0.42292896,,person
1050.1348,29.360676,1097.743,149.75906,0,0.41562185,,person
1858.0906,91.9113,1919.2053,289.7594,0,0.4093334,,person
1215.7917,0.0,1249.6969,74.98123,0,0.36395612,,person
1381.3513,6.8483906,1443.4728,157.29517,0,0.3349086,,person
966.7841,27.271471,1006.3953,134.7373,0,0.33069548,,person
329.40262,457.58423,395.4992,609.49567,0,0.32045665,,person
1843.203,93.961494,1911.8947,227.57355,0,0.31086674,,person
414.13513,471.58356,509.8083,613.88727,16,0.2951899,,dog
1146.5424,0.57198715,1186.0638,79.40746,0,0.28749937,,person
330.4177,462.8119,429.16003,613.6503,0,0.25363687,,person
923.5534,514.56757,998.77386,693.3457,0,0.8591026,,person
1523.392,749.44543,1613.7495,936.6111,0,0.79140574,,person
741.587,511.29767,813.4087,671.4679,0,0.778847,,person
1256.2467,895.5965,1343.247,1058.8535,0,0.7787088,,person
924.542,108.12017,991.051,249.84242,0,0.75848585,,person
1445.7836,972.0258,1542.5654,1080.0,0,0.7478808,,person
1260.7046,78.64215,1311.5764,206.47531,0,0.67128533,,person
1093.2133,731.3897,1191.8036,912.10345,0,0.6641308,,person
721.50757,176.56947,777.92126,331.7497,0,0.6596678,,person
1381.2129,15.005768,1419.3981,155.19708,0,0.63091993,,person
996.94666,121.1909,1042.5963,243.45502,0,0.5838985,,person
1043.4457,120.50013,1079.7943,242.36656,0,0.5676872,,person
1800.2721,550.8168,1895.7645,736.6487,0,0.5414154,,person
38.72827,122.924774,97.34525,243.66481,0,0.5321532,,person
156.57143,198.32034,236.4667,342.29434,0,0.52583903,,person
1659.5369,68.25332,1743.3552,194.08315,0,0.4936221,,person
1859.699,98.72534,1919.1702,287.984,0,0.47778806,,person
1747.6223,33.977463,1815.0355,155.95969,0,0.47317567,,person
1821.6255,27.450188,1876.9486,159.06363,0,0.46176776,,person
0.16890907,316.82092,42.218655,442.89902,0,0.45269307,,person
835.7208,13.859871,866.44556,120.037125,0,0.40719426,,person
1049.4918,28.628128,1097.059,150.13419,0,0.385601,,person
1844.7308,91.075836,1909.5502,225.42252,0,0.3814855,,person
1215.8483,0.0,1249.3866,74.74912,0,0.3402823,,person
329.35547,457.5457,395.87772,608.81256,0,0.32147825,,person
1381.7422,5.759451,1450.6019,157.82771,0,0.31599078,,person
0.11073303,577.8701,66.628105,767.4068,0,0.29268622,,person
412.6696,469.66382,509.9723,610.5754,16,0.2696486,,dog
1146.7566,0.32928944,1185.8855,79.15299,0,0.25834736,,person
922.75964,515.7422,998.99854,694.8247,0,0.86326045,,person
1525.3744,744.70605,1612.819,937.9929,0,0.8166702,,person
743.3087,509.4585,812.7779,674.2427,0,0.79969037,,person
924.1648,109.57832,990.64417,249.22284,0,0.7655704,,person
1254.9283,899.36194,1343.8849,1058.117,0,0.74961334,,person
1446.0355,966.82306,1541.3405,1080.0,0,0.70837957,,person
1260.5149,75.75618,1311.471,205.20007,0,0.67085516,,person
720.987,174.08478,778.0046,327.46866,0,0.6617729,,person
1380.8627,15.965567,1418.7604,154.90022,0,0.65956366,,person
1095.6959,725.90094,1187.5208,910.5844,0,0.5991486,,person
1043.6416,118.83122,1080.3608,241.9562,0,0.5906336,,person
1799.398,552.10535,1896.6006,736.9582,0,0.5840263,,person
998.49963,121.4325,1042.3453,243.2918,0,0.5627816,,person
1821.3446,26.346142,1874.892,155.7229,0,0.5388424,,person
155.20724,200.2733,234.72844,343.9599,0,0.5321797,,person
38.28692,123.09233,97.25368,243.79784,0,0.52380365,,person
1659.5446,66.72329,1735.3319,191.31589,0,0.5010116,,person
1742.4208,31.035793,1811.9529,151.7437,0,0.4954636,,person
1856.157,91.94181,1918.9526,283.7306,0,0.4548627,,person
0.07799435,316.6817,43.19189,444.7479,0,0.4388442,,person
838.449,14.034067,869.7018,119.427246,0,0.41153243,,person
1855.7183,90.69992,1910.0391,242.92099,0,0.3702257,,person
1048.7083,27.610188,1095.638,151.19443,0,0.35888958,,person
0.10938835,577.0673,66.197395,776.5533,0,0.3509867,,person
414.5038,472.2843,511.1619,613.89624,16,0.32650542,,dog
1381.1124,6.2179127,1447.1458,157.39166,0,0.309857,,person
329.32748,457.49368,394.98883,608.303,0,0.30875447,,person
1216.0742,0.0,1249.031,75.105995,0,0.30541787,,person
1834.205,90.60269,1908.1243,217.9969,0,0.29497576,,person
1147.0497,0.30162048,1185.3198,78.982796,0,0.26713538,,person
924.0956,522.5332,997.5813,695.7446,0,0.8832583,,person
1529.6464,740.4778,1613.9994,938.0907,0,0.81848407,,person
743.15814,505.32175,813.71234,672.2654,0,0.7653966,,person
925.86053,114.21957,991.6082,248.75443,0,0.7596723,,person
1442.6577,959.6825,1541.5277,1080.0,0,0.7485758,,person
1256.0431,908.95734,1345.6025,1066.4331,0,0.7180896,,person
1261.3011,73.214424,1312.7787,205.22905,0,0.6779401,,person
1100.3289,720.3309,1179.7113,912.4528,0,0.6746139,,person
1380.8302,16.712746,1420.8228,155.36577,0,0.66910374,,person
721.424,169.1472,778.5626,312.77283,0,0.6478073,,person
1656.7258,64.655365,1722.988,188.31976,0,0.5752483,,person
999.21936,123.48155,1042.5502,242.41113,0,0.57170445,,person
1745.0267,26.71847,1810.6906,149.16824,0,0.5522777,,person
1043.5433,118.74823,1075.9938,239.2365,0,0.5419766,,person
37.516697,123.92397,96.005295,244.16026,0,0.5218884,,person
1800.7914,554.4026,1901.4401,730.1086,0,0.51666343,,person
151.36894,204.2786,233.07353,344.5644,0,0.5151136,,person
0.061377525,319.82272,43.302082,451.44067,0,0.47402295,,person
1818.9763,25.385685,1872.616,146.89662,0,0.46404088,,person
1860.899,148.38776,1919.3134,292.56693,0,0.43118298,,person
0.01613617,588.9763,68.01496,795.47595,0,0.38686967,,person
1848.9335,88.0963,1911.015,212.84927,0,0.37955913,,person
841.8911,17.749964,873.1113,119.24455,0,0.37149316,,person
1380.4897,8.251671,1438.0281,157.28885,0,0.35798013,,person
1856.1672,91.1085,1919.5627,288.879,0,0.31042343,,person
1046.0327,26.680246,1092.3324,146.70511,0,0.30405116,,person
329.8737,457.786,396.00137,607.25903,0,0.27781388,,person
1215.7842,0.0,1248.2406,75.05677,0,0.2748043,,person
925.13416,526.64105,996.2366,695.5523,0,0.87548065,,person
1527.7917,737.00684,1613.3397,939.3118,0,0.8604574,,person
1254.2245,913.5769,1347.4196,1080.0,0,0.790229,,person
926.5598,113.760864,990.67017,249.67712,0,0.7781644,,person
1440.0114,957.4234,1540.5659,1080.0,0,0.74367976,,person
746.4784,503.02893,816.3553,668.31775,0,0.70689887,,person
721.3285,167.68526,778.2371,311.0945,0,0.6809983,,person
1260.6654,73.286316,1313.4591,205.78455,0,0.67338306,,person
1091.3322,719.33685,1173.3403,912.41974,0,0.67045015,,person
1380.5485,17.132584,1420.412,155.62825,0,0.6443079,,person
1657.9248,64.54912,1717.7344,187.07288,0,0.5739304,,person
1749.3131,27.470055,1807.7545,147.76213,0,0.56327516,,person
1042.7411,111.42153,1077.7897,233.56775,0,0.53931326,,person
37.1536,124.39605,95.78446,244.33122,0,0.5206969,,person
1001.7332,125.8484,1041.2579,241.9357,0,0.5195705,,person
152.00212,204.15244,231.93532,344.4721,0,0.5056719,,person
842.5403,18.515991,874.23016,119.89467,0,0.49199158,,person
0.0,593.74585,73.72911,799.17206,0,0.48618874,,person
0.15379429,319.56482,44.353016,453.62842,0,0.44166952,,person
1802.354,558.69,1902.3655,734.0353,14,0.4407674,,bird
1861.0697,148.45883,1919.2511,286.50964,0,0.4306244,,person
1819.1829,25.039524,1869.9551,147.80904,0,0.42176113,,person
1832.123,84.954414,1908.1305,212.35863,0,0.36256787,,person
1380.2963,7.196394,1445.0913,157.54044,0,0.34973782,,person
1851.3885,84.85913,1912.441,216.46161,0,0.28221992,,person
329.36017,457.52795,397.36124,607.2744,0,0.26889995,,person
1215.4363,0.0,1248.0378,75.15468,0,0.26390207,,person
924.715,528.4104,995.9698,693.67664,0,0.8450139,,person
1528.5898,732.8908,1613.3805,938.5889,0,0.8282937,,person
1255.5337,919.6106,1348.648,1080.0,0,0.7954766,,person
927.2805,113.751434,990.1157,250.95863,0,0.7872067,,person
746.742,499.29382,816.90326,663.34503,0,0.75548446,,person
1439.0409,952.98065,1538.4803,1080.0,0,0.7133827,,person
1260.5793,73.03246,1314.4548,205.4628,0,0.70366055,,person
1086.9207,714.8227,1171.8215,912.8379,0,0.6917843,,person
721.7101,166.23564,778.3221,310.6422,0,0.62551826,,person
1380.5399,12.461632,1422.8735,155.10106,0,0.6058547,,person
1657.0994,60.273422,1713.2922,185.35622,0,0.60406125,,person
1804.4353,561.5431,1900.0786,734.6509,14,0.5822219,,bird
1748.1296,26.895561,1803.4344,147.11197,0,0.5725693,,person
150.78452,205.40959,229.92409,342.41824,0,0.53942984,,person
1044.2377,103.65033,1079.2903,227.52942,0,0.52810276,,person
843.9714,16.829327,878.1147,118.880066,0,0.5184036,,person
1001.7935,127.99548,1041.139,240.92995,0,0.51358217,,person
36.442818,124.69543,96.13724,245.05486,0,0.49900255,,person
0.0,320.1828,45.7377,454.25143,0,0.46487135,,person
1861.1115,141.6319,1919.0541,282.3663,0,0.45711023,,person
1815.1018,23.464714,1868.9539,148.11882,0,0.44431183,,person
0.00075531006,595.11053,75.681206,800.4368,0,0.4424107,,person
1380.3325,5.0144634,1450.6947,156.94644,0,0.43292922,,person
1831.2045,81.42755,1905.3322,214.44724,0,0.3417113,,person
1215.4299,0.0,1247.807,74.76407,0,0.2961073,,person
1043.642,21.15651,1089.151,227.0256,0,0.29521284,,person
1045.1783,23.001514,1091.4617,155.80421,0,0.29292655,,person
329.66696,457.95493,396.4815,607.0029,0,0.27912608,,person
1146.8981,0.0,1184.9668,79.51069,0,0.27641216,,person
924.71436,530.2486,995.0461,696.0753,0,0.8609139,,person
1532.2091,732.4627,1614.2458,937.01276,0,0.79641247,,person
928.4141,115.44683,989.497,251.83563,0,0.7813738,,person
748.93524,495.60498,819.1888,661.9343,0,0.7493553,,person
1256.0577,925.35846,1348.744,1080.0,0,0.7467345,,person
1260.7045,72.7611,1313.8787,205.52089,0,0.7144018,,person
1745.8844,26.63617,1801.8466,145.6622,0,0.6601955,,person
1657.2239,59.212463,1712.0793,183.76306,0,0.6398908,,person
724.30945,163.42053,779.27167,312.04846,0,0.5972165,,person
845.5632,16.565289,881.9206,118.70781,0,0.5774452,,person
1044.2622,100.62614,1080.4512,224.79883,0,0.57050437,,person
1437.6897,947.42285,1536.0898,1080.0,0,0.5597184,,person
1380.3849,10.365646,1423.121,155.04274,0,0.55337316,,person
1077.2003,711.1181,1169.2039,912.3997,0,0.5497894,,person
1862.0914,120.02019,1918.9786,278.1831,0,0.5334155,,person
36.19361,125.701675,96.112,245.77707,0,0.5245424,,person
1380.1809,2.4107208,1456.0784,156.87177,0,0.4919014,,person
0.0,321.1427,46.01439,455.48685,0,0.46487975,,person
1814.0043,20.102783,1870.1305,149.38033,0,0.45156103,,person
1831.0702,79.92451,1899.8999,214.58327,0,0.42801535,,person
1002.5777,129.86472,1040.8425,239.92886,0,0.41295087,,person
149.8122,206.64642,227.12907,345.03717,0,0.4017084,,person
0.037960052,600.7681,78.298676,805.1583,0,0.39721859,,person
1804.9424,562.0838,1902.9932,740.1092,0,0.3851862,,person
1702.3905,55.069176,1743.5175,179.48045,0,0.3797864,,person
1533.746,733.71936,1610.3551,871.33594,0,0.37648985,,person
1043.6995,18.484177,1087.9564,225.35362,0,0.36774307,,person
1215.2212,0.0,1247.8385,74.73595,0,0.32789308,,person
1146.9027,0.0,1184.8308,79.40339,0,0.31683666,,person
330.9624,457.88123,396.23145,607.556,14,0.30534142,,bird
1805.5184,561.8554,1904.0848,652.3906,25,0.2962598,,umbrella
1531.6426,725.6691,1612.1149,927.605,0,0.83232635,,person
924.506,534.74084,993.23444,702.22797,0,0.82390463,,person
930.98956,116.938065,989.48224,255.01195,0,0.7842098,,person
749.0992,492.44055,819.8874,661.36414,0,0.7836435,,person
1255.7533,929.93225,1347.9799,1080.0,0,0.75678164,,person
1260.9977,71.730515,1313.7269,205.42749,0,0.70371056,,person
1744.2667,26.449076,1800.8031,143.85878,0,0.6384738,,person
1861.7692,137.94244,1918.6124,275.7263,0,0.6239541,,person
725.0256,162.30025,779.5287,310.45398,0,0.609288,,person
1379.5441,12.020708,1425.2976,155.34789,0,0.59034675,,person
846.67145,16.520542,890.3421,119.72116,0,0.5869101,,person
1651.2982,57.92768,1708.1532,186.87685,0,0.5554059,,person
146.92892,206.81786,226.20192,345.89053,0,0.55504483,,person
1698.1655,53.921333,1741.0752,180.37611,0,0.52636355,,person
35.70266,125.723335,94.00504,245.67068,0,0.5065922,,person
0.0035591125,322.85715,45.923286,455.6912,0,0.50439227,,person
1437.7625,944.03326,1532.607,1080.0,0,0.5017547,,person
1044.1864,107.7962,1080.783,222.04568,0,0.49639237,,person
1380.0822,2.8988342,1452.8091,156.92038,0,0.4494977,,person
1804.9398,563.4185,1905.3234,745.9161,0,0.4247849,,person
1042.8773,16.849823,1089.0115,223.91139,0,0.42180312,,person
1002.03424,129.631,1039.9464,239.9011,0,0.4169632,,person
1830.3501,78.788315,1900.4418,214.596,0,0.41521636,,person
1815.9734,20.785389,1870.1521,138.63385,0,0.39519104,,person
1215.0483,0.0,1247.7618,74.87288,0,0.32435423,,person
1074.1436,708.7112,1166.5588,909.7954,0,0.31360683,,person
1146.8492,0.0,1184.9062,79.51069,0,0.312123,,person
1103.1493,708.0045,1166.3091,904.4328,0,0.2984581,,person
330.48212,457.5162,395.71005,607.45795,0,0.28826344,,person
1043.8481,75.93352,1084.477,224.7741,0,0.2751501,,person
1044.9569,20.357826,1088.6388,138.84244,0,0.26048836,,person
924.2972,539.97766,993.2342,721.47736,0,0.8191335,,person
1533.2234,717.0151,1613.7751,923.6888,0,0.8178188,,person
1260.5625,944.0049,1350.6815,1080.0,0,0.79227674,,person
750.5721,482.57474,821.1325,643.2913,0,0.78450733,,person
932.4119,119.64883,989.60126,260.96823,0,0.78222555,,person
1260.3933,68.45483,1314.2065,201.95947,0,0.6958628,,person
1645.192,57.5288,1703.9843,185.13853,0,0.6701058,,person
1069.9363,698.0285,1160.2263,902.6441,0,0.6418588,,person
848.84674,15.137478,895.46686,118.629074,0,0.6255033,,person
145.0055,208.38213,224.27922,346.61,0,0.6251614,,person
1379.769,14.990261,1419.8468,155.31825,0,0.60515547,,person
728.0999,159.71768,780.4862,309.0836,0,0.5613553,,person
1043.4166,112.6458,1080.2018,219.31503,0,0.5497877,,person
1734.0458,26.47181,1797.68,143.52394,0,0.54525167,,person
1437.5999,936.5524,1528.6816,1080.0,0,0.54006946,,person
1857.9825,125.23398,1917.8247,274.91513,0,0.51067346,,person
1695.0125,52.73955,1735.5659,179.85814,0,0.5060508,,person
36.4585,126.1952,93.11308,245.56714,0,0.4959438,,person
0.08272362,324.01804,44.192905,454.4728,0,0.47809255,,person
1811.108,15.703125,1865.6207,142.71251,0,0.46363318,,person
1042.2188,15.099472,1087.5656,223.91583,0,0.46295124,,person
1001.96216,130.28847,1038.628,246.98222,0,0.41704598,,person
1807.0822,570.5023,1910.6327,765.8925,0,0.412139,,person
1831.0975,72.547646,1902.0934,210.29884,0,0.40008706,,person
1380.6262,2.4675694,1452.2794,157.22997,0,0.3849656,,person
1215.2142,0.0,1247.6653,74.19288,0,0.35964558,,person
332.52182,457.73895,395.2924,608.4778,14,0.30957943,,bird
1146.45,0.0,1184.9124,79.29387,0,0.2921444,,person
1811.2571,574.57166,1909.361,664.5429,25,0.27914146,,umbrella
387.06024,473.1897,509.83063,632.75586,16,0.27095634,,dog
1436.2388,954.16956,1495.3496,1080.0,0,0.26081613,,person
926.3212,545.01166,992.9987,727.60895,0,0.8397465,,person
1533.8757,712.04285,1614.2012,913.9829,0,0.83299583,,person
1261.0778,951.29205,1351.9094,1080.0,0,0.7944185,,person
752.1854,480.6319,821.89276,635.059,0,0.7722718,,person
933.5182,121.915924,988.7234,262.85138,0,0.72638327,,person
1068.0249,696.78265,1158.6675,899.1316,0,0.6726744,,person
1261.2649,67.75683,1314.7589,198.87096,0,0.671908,,person
143.37357,210.81844,222.92511,347.09348,0,0.65711606,,person
1638.1091,57.06761,1701.6848,185.84442,0,0.64111364,,person
1380.8322,10.923363,1419.2861,154.86906,0,0.599021,,person
1436.1178,930.017,1528.1675,1080.0,0,0.5900827,,person
1839.0721,75.37857,1913.2064,272.21082,0,0.58408964,,person
727.8441,158.49149,781.0707,310.8252,0,0.57664025,,person
0.06999493,324.62122,43.952946,455.0638,0,0.54652196,,person
848.8658,13.341951,899.05865,116.60442,0,0.5442546,,person
1813.8219,13.047615,1865.9894,132.74492,0,0.5403114,,person
36.416344,126.11403,93.07167,246.51979,0,0.53426325,,person
1042.5267,111.18329,1079.4163,218.17223,0,0.51082754,,person
1732.4895,25.890701,1796.0593,143.4616,0,0.50088865,,person
1695.2051,49.72238,1731.4376,181.21953,0,0.42478988,,person
1041.7306,11.514931,1088.5631,222.34604,0,0.42074773,,person
1843.493,127.98502,1917.4896,274.4661,0,0.41631413,,person
1380.5083,1.9727383,1451.1969,156.93979,0,0.41015378,,person
336.34903,463.64218,510.1335,634.56616,16,0.3595942,,dog
1834.8198,73.41007,1908.9706,226.64293,0,0.3587092,,person
1001.5001,132.30821,1038.9569,252.59615,0,0.35599545,,person
1215.1249,0.0,1247.4437,74.35511,0,0.3545622,,person
1043.2811,12.526537,1090.4858,145.17047,0,0.35399666,,person
1146.445,0.0,1185.0927,79.11605,0,0.30493337,,person
1805.1874,575.4439,1914.6859,760.6628,0,0.27755386,,person
1703.4995,50.05161,1732.7341,159.64993,0,0.25806484,,person
1435.883,946.1761,1502.2247,1080.0,0,0.25699317,,person
379.55566,473.08154,509.1166,631.13965,16,0.25443882,,dog
926.9665,547.5582,992.7852,733.1869,0,0.84772617,,person
1534.3745,707.7883,1614.8922,899.78687,0,0.82274586,,person
1261.2817,954.00867,1352.6368,1079.9567,0,0.79485404,,person
750.9712,477.73993,820.96124,630.37976,0,0.72817653,,person
935.2564,123.06817,989.1784,264.09964,0,0.72604287,,person
143.31345,212.089,222.36035,348.81897,0,0.674956,,person
1633.3782,57.305695,1701.1799,185.74051,0,0.6693145,,person
1261.6106,64.31447,1314.9135,194.09235,0,0.6651111,,person
854.8632,11.276052,892.2629,115.30696,0,0.6060581,,person
729.193,158.5422,781.5965,312.1118,0,0.6060026,,person
1381.3678,8.823051,1421.8353,154.41011,0,0.6003522,,person
1435.4258,922.17206,1523.4712,1080.0,0,0.5954008,,person
1069.5604,692.07275,1155.4098,889.2759,0,0.57990974,,person
1735.9725,24.453644,1794.4542,142.72684,0,0.56558514,,person
1807.7014,10.459757,1862.6396,137.9978,0,0.5572389,,person
0.068172455,326.68973,44.669025,455.25284,0,0.5558228,,person
1040.87,11.163483,1089.8903,219.57431,0,0.5325259,,person
34.114807,126.967964,94.46241,246.8738,0,0.52451175,,person
1848.7156,120.32207,1914.182,271.8457,0,0.5106251,,person
1380.5769,1.6463242,1449.3491,156.56516,0,0.45827094,,person
1691.4016,50.339176,1733.6711,177.56323,0,0.4007573,,person
1215.3184,0.0,1247.6455,74.246185,0,0.32608256,,person
345.17972,466.17035,510.12854,632.34265,16,0.30707258,,dog
1832.2775,72.46811,1899.9635,207.69626,0,0.28941175,,person
1146.7478,0.0,1185.7628,78.76721,0,0.25818905,,person
976.0922,31.365503,1016.33075,145.56917,0,0.2518248,,person
926.844,551.291,992.47266,735.6407,0,0.83175874,,person
1261.7098,957.3552,1354.6165,1079.636,0,0.8264925,,person
1066.8595,686.7525,1154.0239,879.16266,0,0.7782843,,person
1534.8292,702.8564,1616.7173,884.35126,0,0.77530557,,person
751.3332,474.09064,822.78186,627.98883,0,0.7666798,,person
935.1196,127.05387,989.99066,265.56354,0,0.715363,,person
143.12366,213.68546,221.60687,350.60477,0,0.69312316,,person
1435.5917,916.812,1529.2567,1080.0,0,0.6803282,,person
1262.7556,62.678444,1315.0974,188.47437,0,0.6624149,,person
729.635,155.81703,782.6694,310.49783,0,0.6292619,,person
1629.9783,54.881287,1698.4542,183.43906,0,0.6252476,,person
1381.2506,6.4135437,1428.8983,154.76399,0,0.60501826,,person
33.95726,126.83949,94.581764,247.54427,0,0.6022877,,person
1841.4576,102.504456,1909.7032,270.5192,0,0.58298135,,person
1737.0143,22.47123,1792.0192,141.67549,0,0.5695188,,person
856.3027,11.506496,894.14746,115.53862,0,0.56927013,,person
1806.9639,8.99675,1862.2515,136.30655,0,0.56048256,,person
1380.313,1.8306427,1448.9413,156.833,0,0.55269873,,person
0.08265209,327.0067,43.75285,460.19067,0,0.5415002,,person
1039.5791,9.857529,1089.5825,218.03833,0,0.50035673,,person
343.27933,465.17395,510.31952,633.7145,16,0.36400628,,dog
1215.3711,0.0,1247.7416,73.88439,0,0.3344444,,person
1691.0281,48.644302,1730.6587,155.13785,0,0.32581562,,person
1830.6958,72.45884,1894.5088,208.07484,0,0.32065222,,person
975.7513,29.473183,1018.6423,146.85164,0,0.29358992,,person
1042.8901,105.43121,1079.2878,218.2391,0,0.27818888,,person
1434.2723,927.88165,1504.1011,1080.0,0,0.26234034,,person
1146.7515,0.0,1185.4468,78.613884,0,0.26010132,,person
1684.66,48.62068,1729.8146,179.84148,0,0.25311008,,person
926.6065,553.41547,991.6928,742.79926,0,0.8162668,,person
1262.9379,959.3088,1356.6425,1079.7953,0,0.799639,,person
1534.7792,697.14557,1617.3304,877.61523,0,0.7736395,,person
1066.0465,682.7785,1150.9481,867.40485,0,0.7705354,,person
935.7107,123.94876,990.4999,265.61246,0,0.74697137,,person
1432.7275,911.6307,1529.6075,1080.0,0,0.7315153,,person
752.6637,472.64053,822.8193,626.5529,0,0.72712004,,person
142.44746,215.27957,220.31987,357.3251,0,0.6997218,,person
1262.891,61.50698,1315.0669,183.56378,0,0.6974374,,person
33.78817,127.207794,94.63579,249.21748,0,0.66451716,,person
729.5111,155.70749,784.68115,308.826,0,0.61556304,,person
1381.1605,7.248699,1423.2565,154.86626,0,0.6017609,,person
1805.9319,9.614645,1860.1597,131.12288,0,0.5966492,,person
1840.1023,105.7833,1909.7402,270.55368,0,0.5900148,,person
1736.1976,22.401352,1790.2592,141.19296,0,0.5885329,,person
1626.5299,57.610497,1693.2107,178.18475,0,0.55109215,,person
0.010145187,332.28812,43.666164,464.71054,0,0.5383134,,person
859.67706,11.320295,892.9118,112.86408,0,0.5298327,,person
1380.1139,1.6762161,1445.6895,157.29457,0,0.507331,,person
1044.0565,105.56779,1079.2109,218.63367,0,0.47411174,,person
1834.2184,71.65634,1902.2494,260.33426,0,0.42516637,,person
1039.9711,12.100845,1088.8408,138.97572,0,0.37280756,,person
1216.1921,0.0,1247.2952,73.6943,0,0.36392486,,person
1001.2372,139.55663,1038.8774,258.31232,0,0.3613738,,person
340.8024,463.18552,508.72128,635.3709,16,0.34271875,,dog
1041.5398,9.893829,1086.341,220.30394,0,0.33317322,,person
1002.43274,137.48721,1041.0582,220.03262,0,0.32542217,,person
1681.302,48.993237,1724.5717,173.34807,0,0.32045272,,person
1147.1957,0.0,1185.516,78.7714,0,0.2712528,,person
1687.5059,45.65966,1725.7405,145.63376,0,0.26735654,,person
1264.6594,971.27344,1358.2706,1080.0,0,0.8283466,,person
1535.0477,689.3851,1620.1436,872.78357,0,0.82343125,,person
927.37537,560.91016,993.88367,748.0055,0,0.8032286,,person
1431.0101,900.11536,1527.2507,1080.0,0,0.78717285,,person
937.0851,128.4748,991.1166,265.8481,0,0.75584555,,person
1264.2858,51.157333,1315.5388,180.82077,0,0.7493806,,person
752.6141,469.14377,823.50665,624.649,0,0.73909867,,person
142.65692,218.9345,217.74797,362.1984,0,0.70870525,,person
732.3078,149.66847,787.5855,302.51083,0,0.6757399,,person
1798.7197,8.323265,1858.5527,131.75356,0,0.66914785,,person
1381.2067,2.7096176,1441.5295,154.56999,0,0.6505148,,person
1732.7849,20.261192,1787.6001,138.05092,0,0.6467093,,person
1620.1382,54.65378,1690.0691,180.22339,0,0.64157337,,person
1836.843,77.01721,1906.8428,266.56277,0,0.63393056,,person
33.134308,128.0779,94.70355,249.29893,0,0.617659,,person
1067.6129,676.9465,1144.43,849.14636,0,0.5600146,,person
0.15980244,327.78418,42.366714,472.1438,0,0.46543688,,person
1046.0687,109.11372,1080.0245,217.46228,0,0.43159446,,person
1679.124,44.465023,1721.2039,147.31467,0,0.41412336,,person
1000.9517,140.9219,1037.7965,258.51874,0,0.40201604,,person
1215.7471,0.0,1247.5287,73.8503,0,0.37196994,,person
346.281,464.25815,510.518,633.01575,16,0.3680531,,dog
863.38513,12.426859,897.27484,112.15947,0,0.34017935,,person
999.9361,139.5651,1038.0248,221.81616,0,0.32864657,,person
1808.9327,591.4257,1919.1263,782.2819,0,0.31842878,,person
1038.7782,9.035007,1088.3569,136.62001,0,0.31776938,,person
1147.868,0.0,1185.5786,78.43024,0,0.29239312,,person
974.5939,34.013466,1020.6394,152.28813,0,0.291661,,person
1831.7281,71.17708,1894.389,222.47635,0,0.26210743,,person
1043.6986,7.2855606,1085.3771,216.95326,0,0.2601415,,person
1264.9213,978.4457,1358.2043,1080.0,0,0.8357847,,person
1427.8044,897.9815,1526.8484,1080.0,0,0.8219812,,person
927.6116,562.2247,997.78766,748.77966,0,0.8192423,,person
938.3055,129.66692,994.40314,266.10892,0,0.7743785,,person
1535.0165,685.7067,1621.8293,872.58673,0,0.771053,,person
754.1759,466.98828,824.0394,624.77014,0,0.7675998,,person
1266.6991,48.54013,1316.6685,179.65019,0,0.7647784,,person
732.6251,145.38249,788.0601,297.2116,0,0.7443214,,person
1797.0388,6.876972,1857.1106,131.14676,0,0.65957314,,person
1618.3674,51.456028,1686.8877,174.77179,0,0.6463334,,person
1736.7048,16.781805,1786.7388,136.74335,0,0.63238484,,person
34.38151,126.62247,93.10658,249.5392,0,0.6211623,,person
142.55371,220.88498,218.07716,364.74747,0,0.6028706,,person
1380.8508,7.8789024,1428.9222,155.67287,0,0.58806515,,person
1836.6354,117.36658,1906.6747,266.15698,0,0.57715446,,person
1834.3674,69.28949,1900.0382,263.69452,0,0.5302179,,person
1071.7423,672.24976,1145.7385,846.21844,0,0.5109176,,person
0.10188389,329.6227,42.29786,475.76202,0,0.4521218,,person
1046.4387,109.89066,1080.4003,216.60315,0,0.4115047,,person
349.76584,464.04065,510.49384,633.5596,16,0.40570122,,dog
1215.8438,0.0,1247.8226,73.88153,0,0.35696787,,person
1831.7809,70.44756,1893.1095,209.54518,0,0.34651482,,person
1674.912,42.807774,1716.6608,139.75269,0,0.3306115,,person
1003.07904,139.20692,1037.26,258.7002,0,0.3207232,,person
866.4764,13.50634,899.39526,111.5571,0,0.32050613,,person
1.9672794,626.7997,93.24975,811.9356,0,0.3176888,,person
974.9238,32.516384,1022.89233,153.1076,0,0.27464974,,person
1264.9187,983.176,1360.0884,1080.0,0,0.8313131,,person
927.8473,562.9182,997.3964,748.84247,0,0.82426196,,person
754.34424,464.7508,824.4125,625.92847,0,0.82103884,,person
938.7288,127.88036,995.27216,265.56403,0,0.79399574,,person
1533.9415,683.8828,1622.9059,874.4178,0,0.7877785,,person
733.1095,143.58475,790.0467,291.75754,0,0.77016604,,person
1428.1687,894.0187,1525.9995,1080.0,0,0.76958025,,person
1267.1365,49.271786,1316.928,178.75069,0,0.76577634,,person
1380.8485,5.86821,1432.185,155.6734,0,0.6362296,,person
1617.9902,49.860104,1685.0383,175.70876,0,0.62299496,,person
1732.2795,14.876495,1784.6327,134.04347,0,0.6080303,,person
1792.1722,6.3722076,1855.1909,131.18825,0,0.603235,,person
33.480587,128.25572,95.09751,249.35262,0,0.5950869,,person
1066.9784,669.2469,1142.1454,843.66235,0,0.5763197,,person
142.39229,222.79637,217.37645,367.84784,0,0.5719142,,person
0.05423355,338.1446,43.83858,481.47812,0,0.54152817,,person
1046.3501,102.30711,1081.8403,215.38472,0,0.5159312,,person
1002.32324,140.08072,1042.0913,260.4856,0,0.50441754,,person
1830.516,66.71008,1904.0988,264.82053,0,0.5025954,,person
4.5760117,630.41534,100.77791,812.09644,0,0.48772892,,person
1668.5634,42.055004,1716.433,156.8759,0,0.39802712,,person
1839.0604,118.865204,1905.913,263.2967,0,0.39571795,,person
370.56348,465.57486,510.71478,632.52637,16,0.37651724,,dog
1216.3217,0.0,1247.7722,73.96008,0,0.36749503,,person
1651.5275,44.6635,1716.6584,173.37996,0,0.35066384,,person
872.28644,13.526894,901.63715,111.44044,0,0.31705484,,person
1825.8918,67.49574,1894.0455,215.99277,0,0.31623963,,person
333.73886,454.5445,398.88538,608.7118,0,0.27078402,,person
1038.4027,7.813751,1087.958,102.06597,0,0.25659066,,person
732.3803,142.77852,790.93396,289.63193,0,0.83467704,,person
928.4231,567.24927,999.249,747.7314,0,0.83112717,,person
1265.3093,990.53394,1362.3512,1080.0,0,0.8214266,,person
755.4038,460.14874,823.57874,625.71234,0,0.80544096,,person
1427.5327,889.5277,1524.2985,1080.0,0,0.7988716,,person
939.30927,127.94609,996.8174,265.9568,0,0.79165417,,person
1534.4583,680.7092,1623.9397,872.907,0,0.7457218,,person
1267.8011,48.91189,1317.2876,177.28635,0,0.7429028,,person
4.8916283,632.16235,114.89314,813.40765,0,0.6835591,,person
1063.0049,666.5984,1136.0239,844.513,0,0.6817337,,person
142.34642,224.088,215.54819,372.10248,0,0.6750274,,person
1618.9519,48.209312,1678.8827,173.05188,0,0.62557256,,person
34.21464,126.21838,93.65596,250.1949,0,0.59000653,,person
1381.3425,9.050514,1426.4696,155.16116,0,0.58970606,,person
1002.17303,142.61723,1043.2073,260.8539,0,0.5891253,,person
1732.8641,12.232664,1783.5269,132.30804,0,0.57900137,,person
1788.1498,6.075165,1854.5398,132.05566,0,0.5595427,,person
0.046028137,340.74274,43.92565,486.2898,0,0.5456699,,person
1830.0854,62.904533,1901.1805,262.82993,0,0.5234432,,person
1654.4998,43.68763,1713.9838,171.744,0,0.5054792,,person
1045.9857,99.98188,1081.2242,213.30562,0,0.46487784,,person
1669.0349,40.159355,1713.2095,162.18105,0,0.45095164,,person
1216.248,0.0,1247.7118,73.88221,0,0.36881652,,person
1816.8215,598.42236,1919.4719,785.35986,0,0.32811216,,person
1834.4884,114.318794,1901.0245,257.5417,0,0.32786506,,person
1046.09,68.608086,1084.4363,210.09692,0,0.29705894,,person
333.61578,455.0246,399.39066,608.2855,0,0.2848911,,person
977.771,38.425346,1022.88214,154.97401,0,0.26775348,,person
375.97375,467.34705,510.90152,629.81287,16,0.26606798,,dog
1538.1182,679.645,1623.75,821.32306,0,0.25094998,,person
928.3253,570.4287,1000.48425,747.5505,0,0.83786464,,person
754.73676,457.90256,824.14636,624.9273,0,0.8149197,,person
6.708126,632.60614,124.68933,821.072,0,0.8054657,,person
1428.0823,887.43274,1523.9026,1079.495,0,0.8044073,,person
733.25214,141.75618,793.895,284.77618,0,0.7992876,,person
939.0581,131.68016,997.1,266.7661,0,0.7868938,,person
1533.7607,677.2282,1625.2102,872.2703,0,0.7388698,,person
1265.6504,996.6934,1365.5363,1080.0,0,0.7345756,,person
1267.9868,48.581703,1317.6549,176.27486,0,0.72546357,,person
1001.80884,143.34576,1045.9973,260.76645,0,0.68472284,,person
1055.9724,663.0027,1135.6194,846.57294,0,0.6836932,,person
1617.4376,46.62497,1681.467,170.95497,0,0.6476625,,person
141.23132,226.00328,214.97058,372.82928,0,0.6460305,,person
0.0,343.4257,44.10721,488.11572,0,0.6184196,,person
1729.7816,10.224426,1780.9618,130.76395,0,0.6147547,,person
33.05718,126.24731,93.42627,250.34355,0,0.60440105,,person
1381.7252,11.039085,1426.4323,156.4135,0,0.584273,,person
1788.5625,5.3541183,1851.6702,129.47462,0,0.55403876,,person
1826.536,57.38167,1898.8268,257.98224,0,0.53097826,,person
1824.0491,599.77936,1919.4697,785.62994,0,0.51802874,,person
1046.2273,98.74729,1081.7399,210.70099,0,0.47423875,,person
1671.4076,40.685234,1710.6167,160.8904,0,0.44801942,,person
1660.4828,44.639603,1707.9115,164.84991,0,0.40777108,,person
877.3035,9.966265,909.2045,116.19889,0,0.38614994,,person
1216.4631,0.0,1247.4738,73.585304,0,0.3742922,,person
333.60507,454.8582,399.04578,608.1112,0,0.32065156,,person
978.0064,35.101364,1023.7044,159.05243,0,0.29479125,,person
1046.284,59.97956,1084.6516,207.66833,0,0.2879763,,person
928.3436,576.6414,999.6599,746.1354,0,0.8463014,,person
736.10944,139.25427,797.3227,278.44656,0,0.83795244,,person
753.5886,452.66364,825.1276,619.67053,0,0.83357286,,person
934.888,132.17328,998.68414,267.63846,0,0.8043029,,person
1533.3151,670.8862,1628.5127,866.077,0,0.78753656,,person
1429.9911,878.6336,1523.4368,1076.2014,0,0.77224565,,person
1265.7822,1009.2721,1368.0822,1080.0,0,0.70107335,,person
140.79109,227.8743,214.1463,374.44098,0,0.6956129,,person
1268.1698,45.86792,1319.5188,176.92552,0,0.6895551,,person
1048.8596,658.6133,1130.8363,844.23175,0,0.6384412,,person
1618.6132,45.202656,1670.1903,168.20348,0,0.63580525,,person
1004.68634,145.4699,1045.4265,261.11084,0,0.62702006,,person
0.0,345.92993,44.97199,488.81262,0,0.61522794,,person
30.858177,128.53308,94.32796,252.07874,0,0.60800177,,person
1721.246,10.488218,1779.8309,128.21504,0,0.60017854,,person
1381.6454,10.508972,1428.2124,156.42262,0,0.5977431,,person
1784.0231,3.49082,1847.7859,122.8989,0,0.59208834,,person
1664.2306,40.63671,1704.2794,161.7406,0,0.554247,,person
7.0587616,641.47974,132.0307,827.4736,0,0.49889368,,person
879.4345,11.212069,911.991,111.837685,0,0.4765333,,person
1821.498,56.843674,1892.8,209.7383,0,0.4731096,,person
1047.4789,660.12585,1117.1096,800.5269,0,0.40787593,,person
1216.8942,0.0,1247.2128,73.07089,0,0.3771325,,person
333.83893,454.50165,399.12555,608.4399,0,0.35993978,,person
1834.7856,600.73663,1919.0405,702.67676,25,0.35633397,,umbrella
1043.3984,3.077179,1085.316,198.51512,0,0.35037994,,person
1831.0723,600.919,1919.3708,784.41614,0,0.3417989,,person
1049.0944,94.639366,1081.44,201.86006,0,0.33688766,,person
977.5093,39.916374,1023.93054,159.57996,0,0.29579958,,person
926.32166,579.79016,1001.1347,748.7487,0,0.85470873,,person
1431.1959,875.9357,1522.2913,1064.6661,0,0.8304778,,person
753.74927,448.96234,824.7074,615.75494,0,0.8220228,,person
735.34485,136.90132,796.80164,275.26147,0,0.80260336,,person
932.0188,133.11406,999.97125,271.33923,0,0.79919845,,person
1004.422,146.63994,1046.1781,264.28415,0,0.7080986,,person
1535.371,666.2042,1628.0813,862.5817,0,0.7025236,,person
140.48483,229.27469,213.82745,374.4851,0,0.7010881,,person
1268.321,45.915207,1319.9601,174.66597,0,0.6982598,,person
29.999828,129.36719,94.54463,252.16362,0,0.6234801,,person
1046.952,655.78265,1128.2029,843.85876,0,0.62231714,,person
1656.6127,37.914413,1702.4323,161.50497,0,0.6179397,,person
1721.2789,7.3269196,1778.4869,123.82487,0,0.6178612,,person
1616.176,43.88642,1668.3054,164.97757,0,0.61642903,,person
0.03560543,347.39926,46.010674,486.63266,0,0.6116684,,person
1381.5636,8.177238,1429.6259,156.7288,0,0.5992144,,person
1267.6688,1016.1654,1368.438,1080.0,0,0.5914572,,person
1782.021,4.0339966,1843.2789,120.26264,0,0.58548224,,person
16.414078,645.9958,133.46196,830.51245,0,0.5152445,,person
1821.8578,53.496758,1891.3412,246.83748,0,0.49955082,,person
881.7347,10.997011,914.9445,109.71181,0,0.46844095,,person
1043.2181,1.9373474,1085.2533,196.1168,0,0.40548286,,person
1048.178,70.52859,1082.5583,197.90636,0,0.39547732,,person
333.86572,454.71802,398.70575,608.0039,0,0.34006253,,person
1217.2437,0.0,1247.2448,72.47399,0,0.32458404,,person
1045.8636,656.6199,1114.9739,793.7016,0,0.3236388,,person
1826.8422,113.11529,1892.6188,244.70961,0,0.30714127,,person
1070.7991,667.59796,1126.584,844.8818,0,0.27994597,,person
976.86584,41.13185,1024.3414,163.07758,0,0.26327682,,person
926.9434,581.2497,1000.6602,754.7877,0,0.8722286,,person
730.9267,132.92725,796.6926,278.18994,0,0.7940067,,person
930.55505,136.05684,998.9993,274.99844,0,0.79129267,,person
754.8031,443.9393,825.1991,608.3559,0,0.7711965,,person
1268.8473,45.626427,1320.3844,172.564,0,0.7417279,,person
1430.1035,870.9093,1523.2333,1073.4481,0,0.7341563,,person
1003.9834,145.07849,1047.3,266.53503,0,0.72513247,,person
1542.2871,660.73206,1626.1692,856.5143,0,0.7071122,,person
139.43547,230.28076,214.05762,373.9247,0,0.6914325,,person
22.452438,647.7966,134.27525,832.93945,0,0.65438485,,person
1717.4053,7.6341705,1777.3075,122.69618,0,0.63069046,,person
29.045036,129.84605,94.86694,252.24611,0,0.6277785,,person
0.007867813,349.09015,46.73843,486.16153,0,0.60606396,,person
1611.8058,42.921894,1667.4094,165.65135,0,0.60544926,,person
1645.0009,35.178062,1700.3602,162.20293,0,0.5882227,,person
1381.3154,7.423073,1427.8517,156.70396,0,0.58231413,,person
1784.6566,3.0967312,1845.1411,120.48175,0,0.56957066,,person
1819.0372,53.450413,1889.8434,245.4354,0,0.4775736,,person
1274.0482,1022.70984,1367.684,1079.6674,0,0.47559908,,person
883.1303,11.145996,920.39886,109.968956,0,0.4728257,,person
1046.3988,654.9494,1123.5217,839.98444,0,0.46338096,,person
1043.8444,654.3318,1105.1155,794.0719,0,0.4543192,,person
1072.2848,657.09924,1123.5444,840.9313,0,0.40608642,,person
1044.1233,0.26911926,1085.7484,195.23396,0,0.4009535,,person
336.87253,455.01938,397.7624,608.21655,0,0.39484856,,person
1824.3549,116.90497,1890.4226,242.211,0,0.37385342,,person
1048.9539,71.49275,1082.5607,196.12894,0,0.3411402,,person
1217.1892,0.0,1247.271,72.403496,0,0.32094684,,person
1837.3041,610.09424,1919.3873,792.3117,0,0.27885017,,person
1659.638,36.64588,1700.3324,152.69728,0,0.25846583,,person
1148.2665,0.0,1185.8647,77.30379,0,0.253542,,person
927.9126,587.39636,1002.00366,768.5285,0,0.86799616,,person
927.15125,136.68456,998.82825,277.52563,0,0.78899735,,person
732.482,131.99368,797.1792,278.7346,0,0.78337073,,person
1543.6154,656.39886,1627.7736,846.9058,0,0.76912826,,person
1269.8405,44.74489,1320.4845,171.30455,0,0.75629354,,person
1429.9816,863.65576,1523.8279,1070.3126,0,0.7431122,,person
755.10864,440.67865,827.6508,601.743,0,0.73055804,,person
1003.0849,147.91425,1047.457,269.18015,0,0.7021854,,person
137.2913,231.10382,214.34468,373.86823,0,0.68961287,,person
1609.433,41.515232,1662.5643,164.32864,0,0.6757801,,person
27.115015,130.62195,94.64003,252.39697,0,0.64727587,,person
1381.8146,4.4602547,1429.0355,155.01588,0,0.613627,,person
27.11222,649.3281,134.97397,838.97723,0,0.6099139,,person
1045.6318,648.2073,1122.8247,832.69977,0,0.5953919,,person
1718.0901,5.529167,1775.2974,118.24933,0,0.58186036,,person
0.01493454,347.39026,48.35108,486.45264,0,0.5708657,,person
1646.4316,33.242706,1698.602,162.08589,0,0.56124914,,person
1073.3795,652.1197,1121.741,837.811,0,0.5499633,,person
1783.3905,2.6053848,1840.7219,118.28009,0,0.52686346,,person
1816.0116,114.18361,1888.5342,241.93355,0,0.50913876,,person
882.7275,10.563744,924.88275,111.99101,0,0.4668833,,person
1049.2903,85.06222,1084.2314,195.31876,0,0.44575492,,person
1813.6846,54.7248,1889.1321,242.86981,0,0.41784626,,person
1043.8958,648.6105,1112.045,797.263,0,0.39467913,,person
1275.7157,1027.669,1365.2195,1080.0,0,0.36608756,,person
1839.9053,615.11066,1919.2218,800.8435,0,0.36506727,,person
1038.0128,0.0,1088.1812,92.49518,0,0.36292532,,person
334.524,454.0078,397.68616,610.5747,0,0.3558441,,person
1044.0875,20.188059,1088.0504,198.37651,0,0.3319275,,person
1217.271,0.0,1247.1824,72.13218,0,0.31889108,,person
1148.5541,0.0,1186.1226,76.54535,0,0.252974,,person
926.9966,589.89734,1003.0507,774.7008,0,0.8406869,,person
1543.466,651.9682,1629.3556,832.5762,0,0.82695687,,person
754.2027,439.97928,826.0888,592.8659,0,0.79728186,,person
734.8195,132.44771,796.2089,278.11853,0,0.76005274,,person
1430.3921,858.1313,1521.4263,1055.5995,0,0.7545442,,person
925.93085,138.47351,999.60974,281.46103,0,0.73803973,,person
1271.1127,39.703194,1320.9445,167.66853,0,0.7036555,,person
1046.0786,644.05884,1123.003,833.32544,0,0.67462426,,person
1603.0072,40.18711,1660.803,164.30072,0,0.6625243,,person
1003.01697,146.1536,1045.9692,270.9335,0,0.64626765,,person
137.84818,231.81876,214.37933,374.57227,0,0.6456537,,person
1381.4086,4.8957367,1429.9854,156.42966,0,0.63486534,,person
26.473034,130.71162,93.713524,251.96352,0,0.6102028,,person
1716.2633,5.545624,1774.3165,118.78388,0,0.60742545,,person
1784.0522,0.886116,1840.0327,120.61267,0,0.5848077,,person
0.0,347.45435,49.535557,485.75436,0,0.5795743,,person
1649.3859,35.39154,1696.6154,157.77357,0,0.5640449,,person
27.227257,650.75696,135.40851,842.2238,0,0.553762,,person
1809.6302,50.02796,1888.0236,239.7187,0,0.5337989,,person
1812.2322,108.27478,1885.1096,241.35695,0,0.5157241,,person
883.00696,10.54715,927.0777,112.09822,0,0.4653504,,person
1048.2024,69.13003,1083.5363,194.96518,0,0.43968797,,person
1279.4935,1032.1417,1366.6393,1080.0,0,0.36687034,,person
1073.8905,657.6136,1121.5579,835.98413,0,0.3589725,,person
334.3017,454.35855,397.16006,609.71765,0,0.35278258,,person
1042.1185,1.6488419,1087.7867,197.85997,0,0.3471283,,person
1043.131,643.51685,1108.0333,802.4059,0,0.34470904,,person
1037.1852,0.0,1087.5303,90.280495,0,0.33358613,,person
1217.4775,0.0,1247.4552,71.58532,0,0.32046896,,person
1842.0212,620.71344,1919.4888,813.87964,0,0.31090513,,person
927.35724,598.596,1002.6857,785.6102,0,0.8565864,,person
1542.3578,639.5135,1631.0255,815.465,0,0.8241601,,person
754.9745,432.43726,823.93384,582.7315,0,0.7572487,,person
1273.9034,33.367783,1323.896,158.77937,0,0.75179815,,person
1426.7517,848.79987,1521.5168,1029.1437,0,0.7412944,,person
1040.2069,633.8046,1117.7124,817.5149,0,0.730507,,person
925.8706,141.77908,998.6935,286.02548,0,0.7261228,,person
136.49365,232.74298,213.31659,374.61996,0,0.7031801,,person
736.11847,130.53151,793.32684,278.95163,0,0.6922106,,person
1579.968,36.30787,1656.4852,164.58266,0,0.6570035,,person
32.802956,654.14575,135.74016,842.9883,0,0.6336713,,person
0.11198044,344.65457,55.12696,485.60294,0,0.63154536,,person
1382.3373,4.1807556,1426.9963,154.10376,0,0.6206294,,person
1804.6287,48.138977,1885.5393,238.79655,0,0.61965096,,person
1003.87244,148.55617,1049.1218,274.98615,0,0.5937937,,person
1643.6515,34.35061,1692.3015,157.48105,0,0.5884192,,person
1786.0536,1.1137848,1837.3363,116.91639,0,0.5826938,,person
25.426357,129.69534,91.65393,250.55232,0,0.5753557,,person
883.94476,10.446247,928.85486,112.17232,0,0.5367333,,person
1419.8721,1009.7137,1514.5277,1080.0,0,0.52035993,,person
334.34555,452.46753,397.6335,606.58215,0,0.4870173,,person
1713.0143,2.03413,1772.451,121.46874,0,0.48489496,,person
1806.5131,102.51478,1882.2634,241.46527,0,0.47274935,,person
1050.0001,69.33936,1083.2283,194.97136,0,0.45118663,,person
382.79782,474.05237,456.6329,637.0045,0,0.39275,,person
1218.0392,0.0,1247.61,70.62571,0,0.36260712,,person
1043.5184,0.0,1087.2799,197.16234,0,0.30914333,,person
1037.044,0.0,1087.5459,98.54219,0,0.2924185,,person
1148.5875,0.05028534,1186.3579,76.58327,0,0.2714133,,person
926.695,600.506,1004.54193,790.4995,0,0.85618824,,person
1545.0256,636.52094,1632.5105,810.4261,0,0.8289214,,person
755.1229,429.24792,824.5554,581.6021,0,0.7534101,,person
1275.1882,29.568398,1324.9786,155.39142,0,0.7438655,,person
926.4404,141.67168,996.7489,288.5305,0,0.7383395,,person
1428.5385,841.6136,1521.89,1015.8251,0,0.7305678,,person
737.56274,126.98023,793.9259,276.62384,0,0.7079247,,person
135.69724,232.73827,213.33083,373.57416,0,0.6800716,,person
1806.5533,92.18948,1879.3634,237.76978,0,0.68005866,,person
1579.3671,35.440342,1653.9371,162.33897,0,0.66848993,,person
1035.0304,633.3302,1112.064,805.9032,0,0.659706,,person
24.95022,128.85718,91.65758,250.47162,0,0.6461073,,person
33.015358,655.3382,135.22815,843.27875,0,0.64592826,,person
1414.1115,1006.628,1514.927,1080.0,0,0.63113153,,person
1784.0831,1.2935028,1835.8998,117.661514,0,0.6253328,,person
0.08854294,342.01447,58.509445,486.39624,0,0.61818266,,person
1382.3003,0.29600716,1426.5214,154.28789,0,0.6031043,,person
1004.3332,152.0551,1050.1449,274.8724,0,0.5352938,,person
1710.7126,4.6042957,1769.5382,121.690865,0,0.5323362,,person
334.2704,451.81293,399.0999,606.7015,0,0.5061038,,person
1643.1475,32.98673,1690.8186,156.08743,0,0.50030595,,person
885.8934,7.54628,931.9583,112.41706,0,0.44640315,,person
1051.096,63.988792,1083.3014,194.34422,0,0.39663416,,person
384.18704,473.32886,457.84442,635.9637,0,0.38434467,,person
1218.0027,0.0,1248.1265,69.94629,0,0.3561943,,person
1167.961,1032.5052,1219.8824,1079.2134,0,0.30306992,,person
1043.38,0.0,1086.5999,196.10884,0,0.27746752,,person
1149.2527,0.053355217,1186.7366,76.48132,0,0.2571506,,person
925.75616,602.75085,1004.22437,795.2373,0,0.8504724,,person
1545.4772,631.5991,1632.4567,811.9561,0,0.8192878,,person
755.79364,426.04587,825.7275,580.7879,0,0.8184758,,person
1429.145,838.4477,1521.1161,1008.8361,0,0.7617277,,person
926.3009,140.88474,997.3594,290.04584,0,0.76085657,,person
1805.5891,88.66688,1877.4954,235.64151,0,0.7328974,,person
738.7716,125.07237,797.3518,276.59784,0,0.72944593,,person
1274.885,25.957684,1324.714,154.76897,0,0.7255271,,person
33.929295,657.11993,137.09245,842.37964,0,0.7069213,,person
1576.2415,37.046333,1650.4098,161.10495,0,0.68038374,,person
1642.76,30.2463,1688.8704,150.55,0,0.6614671,,person
135.1604,233.45645,213.44064,373.514,0,0.6351479,,person
1784.1923,1.3693199,1835.2164,115.71602,0,0.6332711,,person
24.194572,128.8765,89.777466,249.51837,0,0.6166771,,person
1382.5973,0.0,1426.2328,153.26067,0,0.5778853,,person
1407.7427,1005.56946,1512.182,1079.5074,0,0.56807333,,person
1035.1752,626.9352,1110.0513,798.93384,0,0.5677459,,person
0.049604416,342.37875,64.82284,489.56772,0,0.5657821,,person
335.9818,450.53586,400.40698,607.0871,0,0.5581582,,person
1005.2961,154.05359,1049.6587,272.97595,0,0.5564188,,person
1707.9661,2.8740234,1770.7661,119.95203,0,0.5544232,,person
890.6045,6.2228165,935.36536,109.20145,0,0.49920097,,person
1051.0062,64.109024,1084.3369,193.75154,0,0.4819962,,person
386.26758,475.10388,456.60855,636.82526,0,0.46036127,,person
1156.009,1026.7861,1223.167,1080.0,0,0.4454098,,person
1217.8176,0.0,1248.8196,71.152,0,0.40716964,,person
993.80225,43.32921,1032.8639,157.37128,0,0.29499546,,person
393.83112,468.25937,509.10782,625.9589,0,0.275624,,person
925.2852,607.9867,1003.9988,796.29694,0,0.8382539,,person
927.01025,141.5438,998.2478,290.48685,0,0.7975866,,person
756.4551,422.11093,825.26117,580.9763,0,0.7939756,,person
1546.1228,626.356,1631.2551,811.82904,0,0.78428656,,person
1428.682,830.357,1522.0138,1000.932,0,0.7599926,,person
1574.1229,38.03885,1649.328,159.96585,0,0.7160777,,person
739.48773,122.433136,796.81586,275.5624,0,0.70935225,,person
1274.7462,24.59095,1324.5582,153.49426,0,0.6966814,,person
1807.5879,97.82169,1876.0789,233.62657,0,0.6875201,,person
1026.4856,623.1501,1103.8575,794.2803,0,0.67165244,,person
1784.8682,1.1334915,1833.9485,112.980194,0,0.6547475,,person
1406.4204,996.28345,1512.3077,1080.0,0,0.6519677,,person
1004.6973,156.70679,1051.0453,271.4176,0,0.6434408,,person
1805.9941,46.81993,1877.4536,228.17639,0,0.6397359,,person
1636.8237,30.099329,1687.2334,152.86185,0,0.6292861,,person
1382.1454,0.0,1426.6364,152.61658,0,0.5895056,,person
134.71646,233.60683,213.30786,374.64798,0,0.57060635,,person
336.0597,450.1137,401.18253,607.06,0,0.56802005,,person
1151.3331,1020.1672,1224.8892,1080.0,0,0.5529014,,person
0.07500458,339.784,66.64662,490.90085,0,0.55050164,,person
1707.879,1.6102295,1770.5396,119.21187,0,0.5449133,,person
24.105612,127.95351,85.68196,248.33702,0,0.53221303,,person
1051.801,63.097687,1084.5021,192.2499,0,0.52483743,,person
896.668,6.355831,937.6417,108.428154,0,0.4714622,,person
38.15428,657.3531,137.67107,839.29803,0,0.4559577,,person
386.9982,473.95404,457.46103,636.8148,0,0.44657102,,person
994.32806,43.20282,1033.3533,162.08977,0,0.4437709,,person
1218.3718,0.0,1249.168,70.87603,0,0.4071651,,person
435.52267,467.52615,509.61685,608.8101,0,0.26832706,,person
924.1372,608.38794,1004.05505,795.90436,0,0.8412107,,person
1806.3264,45.316154,1874.7258,230.70401,0,0.8034369,,person
1550.8284,625.0824,1631.1761,809.2748,0,0.8004895,,person
756.1434,420.4649,824.78577,581.32324,0,0.7913085,,person
927.96387,143.44395,999.95325,290.81693,0,0.78770757,,person
1428.353,826.4509,1522.1268,999.4105,0,0.7803742,,person
1020.11005,619.1329,1101.4465,793.80615,0,0.75489974,,person
1274.179,23.78579,1324.1138,152.0511,0,0.7148771,,person
1004.90814,157.0113,1052.0065,271.0688,0,0.70043004,,person
1574.439,38.2893,1649.1874,158.00354,0,0.6974026,,person
1783.8259,0.28424835,1834.114,109.0066,0,0.67662936,,person
1150.5161,1014.7986,1225.5326,1080.0,0,0.65030104,,person
743.5481,120.37974,795.5942,275.05655,0,0.64509094,,person
1405.5022,992.4661,1512.6185,1080.0,0,0.6256567,,person
134.50067,234.59477,212.50864,375.81326,0,0.61177593,,person
1381.696,0.0,1427.2109,153.51965,0,0.60178465,,person
1704.1465,2.32798,1766.0673,115.35072,0,0.58786607,,person
1051.5848,68.20269,1084.3557,192.12791,0,0.57300097,,person
335.93408,449.1949,400.1195,606.25214,0,0.562974,,person
994.4231,40.467293,1033.188,159.61368,0,0.5334806,,person
24.839767,128.49097,84.25225,247.40515,0,0.5310948,,person
0.094797134,339.82727,67.283775,492.13147,0,0.50993186,,person
40.339622,658.8949,140.4191,840.2869,0,0.5025293,,person
1632.0847,27.65851,1682.111,152.87184,0,0.48529267,,person
899.7138,6.284775,938.52594,107.55842,0,0.4568191,,person
1218.2402,0.0,1249.2382,70.62688,0,0.42613026,,person
385.93698,473.77286,458.33505,636.89636,0,0.33939308,,person
1036.5975,0.0,1082.6248,90.29098,0,0.29046315,,person
926.1786,611.7612,1005.53174,794.8274,0,0.8536848,,person
1553.9507,616.7449,1631.8203,805.7024,0,0.80837107,,person
1807.1016,39.33863,1871.625,224.5862,0,0.7746596,,person
756.2161,419.429,826.1278,580.8423,0,0.7655547,,person
1425.3549,817.8558,1518.6191,994.5899,0,0.7558479,,person
928.929,143.94177,1000.01276,289.84158,0,0.7534019,,person
1148.3547,1001.94495,1223.5917,1079.684,0,0.7233312,,person
1273.1643,22.555052,1325.4408,148.802,0,0.7231697,,person
1405.5648,980.87787,1510.144,1080.0,0,0.69484496,,person
1576.0548,34.267185,1646.7954,153.43817,0,0.6455415,,person
1781.981,0.2876358,1832.2625,108.88371,0,0.6425274,,person
1806.9735,90.79811,1867.699,225.63876,0,0.6323408,,person
1007.4372,158.22665,1050.6702,275.11816,0,0.62793726,,person
1381.8638,0.0,1428.2305,152.58221,0,0.62728417,,person
1012.2852,615.9364,1092.6703,793.9851,0,0.62376904,,person
743.84576,120.27644,797.3771,264.9172,0,0.61802465,,person
131.29294,238.65271,213.60175,382.97488,0,0.61082035,,person
0.1400299,342.66562,68.972084,495.92783,0,0.5666427,,person
24.628944,129.06633,80.12192,248.23888,0,0.5506512,,person
1710.4999,2.0040092,1763.9813,111.31209,0,0.52083266,,person
1051.754,69.89344,1084.2902,186.4126,0,0.51687795,,person
997.2173,44.02514,1036.3839,163.69473,0,0.44663578,,person
336.66516,448.6257,398.51315,602.48883,0,0.42150217,,person
44.96631,664.7099,147.81822,847.17596,0,0.40949336,,person
906.99335,5.359028,940.2398,107.00032,0,0.39756423,,person
1218.4861,0.0,1249.3049,69.70406,0,0.39700475,,person
1848.9543,648.44904,1919.228,839.4676,0,0.34763616,,person
1623.6718,24.616539,1677.2715,150.34575,0,0.2813415,,person
1885.541,375.96112,1919.2548,455.1157,0,0.25988883,,person
927.9773,615.4578,1006.44,795.42175,0,0.8763242,,person
1555.1042,614.59625,1631.6156,804.9908,0,0.8216246,,person
1147.7045,995.7479,1225.2839,1080.0,0,0.7688443,,person
1805.9916,33.413513,1871.257,220.84604,0,0.7664487,,person
1425.7432,815.95276,1519.1024,1001.06836,0,0.7599805,,person
931.4357,144.67136,1000.3936,289.4481,0,0.7536514,,person
756.2627,417.8767,824.20807,579.3313,0,0.7526322,,person
1273.1694,22.758837,1325.1952,148.04674,0,0.7397205,,person
1782.1293,0.0,1829.9773,108.16555,0,0.672032,,person
743.19745,118.731285,796.3222,263.0458,0,0.6686175,,person
1007.63367,157.44554,1050.9247,275.2541,0,0.6607557,,person
1401.1619,973.1686,1508.1537,1079.974,0,0.64166623,,person
1575.9258,32.914764,1639.9695,151.70052,0,0.6412546,,person
1013.70264,611.3626,1089.5717,793.3235,0,0.60534805,,person
1382.7242,0.5411053,1428.1304,151.5219,0,0.6011411,,person
24.138428,129.10373,76.929596,248.06323,0,0.54204607,,person
1052.0133,59.42729,1086.3635,180.71115,0,0.5170705,,person
0.13236809,345.30835,69.7504,497.01196,0,0.50415146,,person
1619.3419,25.2936,1679.6986,149.62193,0,0.495198,,person
1035.3303,620.89215,1091.8705,794.53894,0,0.48168108,,person
131.35191,240.39908,212.88501,385.9367,0,0.47689918,,person
47.87954,667.89404,152.96889,857.7039,0,0.4642298,,person
1698.5724,1.268074,1763.8143,110.38584,0,0.4564019,,person
1851.1622,654.23694,1919.2892,833.49866,0,0.4185523,,person
1218.6167,0.0,1249.3154,69.35372,0,0.3985175,,person
997.62836,44.43702,1036.2214,163.72375,0,0.39821988,,person
336.41852,446.23044,402.63412,604.48755,0,0.36870655,,person
910.1801,3.9632149,946.52966,105.97939,0,0.35319617,,person
386.49756,467.31244,510.94574,609.9047,16,0.3475824,,dog
1047.3679,29.30651,1085.4097,179.92744,0,0.32907987,,person
1885.9136,373.1098,1919.253,455.198,0,0.27857992,,person
929.62524,616.9659,1005.187,795.79724,0,0.86228555,,person
756.4866,413.2251,824.0076,577.4656,0,0.818511,,person
1556.3329,612.1528,1631.4922,802.4244,0,0.8066817,,person
1146.5773,991.6135,1226.436,1079.9652,0,0.7813198,,person
1426.3539,811.01337,1517.5181,988.27997,0,0.7729325,,person
1273.4467,22.67312,1325.4778,148.09703,0,0.7609391,,person
1806.263,31.630972,1871.3862,219.54996,0,0.76032317,,person
932.57263,145.15025,1001.4069,288.9341,0,0.73806757,,person
1012.17957,609.82935,1090.3235,793.6412,0,0.73745745,,person
1778.1366,0.0,1829.3223,106.91135,0,0.69065255,,person
1399.6622,971.23315,1507.1942,1080.0,0,0.64809877,,person
743.36945,115.089935,795.9006,255.9316,0,0.6353532,,person
1382.7998,0.14222717,1427.9216,151.14748,0,0.63089484,,person
1572.9492,30.52728,1636.8611,148.35504,0,0.62730986,,person
49.094994,670.74567,158.19736,867.00183,0,0.606244,,person
1009.27026,158.8473,1053.1101,274.67722,0,0.5803357,,person
24.510166,129.76767,75.3311,248.43759,0,0.5614516,,person
1618.5048,25.368542,1675.7765,147.57628,0,0.5612812,,person
0.0,348.73132,69.92365,499.8263,0,0.5522785,,person
1052.7042,65.40031,1086.1395,178.10808,0,0.54945993,,person
1850.226,658.8671,1919.3523,831.8126,0,0.5487201,,person
130.57642,240.8102,212.89267,385.75748,0,0.51877195,,person
1696.5659,0.8895836,1760.31,103.549736,0,0.51366913,,person
337.50705,447.73526,400.16028,602.4385,0,0.44347584,,person
1218.6945,0.10614109,1249.3583,69.28661,0,0.38773242,,person
994.2999,45.359688,1039.0781,164.74306,0,0.35094556,,person
1047.6628,38.650085,1085.3965,178.0556,0,0.3433463,,person
382.74335,474.4867,461.0354,634.18396,0,0.28934696,,person
911.87494,7.366596,947.1235,106.598946,0,0.27638206,,person
394.6516,467.8852,511.2213,608.15173,16,0.2657377,,dog
928.89496,621.22705,1003.0926,794.60583,0,0.859151,,person
756.3922,410.2077,826.2596,575.1506,0,0.84976965,,person
1556.2819,608.5499,1632.4951,804.1831,0,0.8164024,,person
1427.9128,807.1983,1516.3502,996.9853,0,0.7696017,,person
1806.463,29.49872,1869.2327,217.86586,0,0.7562265,,person
935.12054,146.61026,1001.5776,289.05148,0,0.75410247,,person
1146.1316,983.3798,1225.0343,1080.0,0,0.73318464,,person
1274.5852,22.638588,1325.4318,147.96776,0,0.73277056,,person
1013.18616,608.03455,1087.0447,792.8579,0,0.7247224,,person
743.21814,111.450806,796.1054,256.5044,0,0.68581426,,person
1775.9429,0.0,1827.4607,104.61869,0,0.6817052,,person
1008.88,160.04375,1052.4565,277.57538,0,0.6771774,,person
1573.5059,28.833435,1635.6086,150.15129,0,0.6527355,,person
1383.0818,0.449358,1428.2773,150.79391,0,0.6346088,,person
24.22372,129.4921,74.34074,247.61975,0,0.5857358,,person
1052.9004,66.19789,1087.4696,175.01404,0,0.57662344,,person
1695.4867,0.85534286,1760.662,102.22616,0,0.5640301,,person
1626.1069,24.271591,1674.1553,141.60674,0,0.5566636,,person
0.0,352.39984,70.250244,501.48358,0,0.5539588,,person
130.42845,243.80576,213.24953,390.6341,0,0.5413966,,person
337.5263,447.46747,399.05038,601.5726,0,0.48544595,,person
1850.6913,660.7878,1919.4155,834.6821,0,0.48178372,,person
51.786556,672.4002,162.07614,875.0563,0,0.40604886,,person
996.22565,45.508827,1040.8436,164.78926,0,0.38782886,,person
385.3376,474.2895,460.99493,633.7819,0,0.3859637,,person
1218.9095,0.0,1249.2556,69.24442,0,0.37000158,,person
1400.7953,973.1345,1504.8685,1080.0,0,0.34791362,,person
1885.2935,322.3783,1919.4584,453.00595,0,0.27885866,,person
928.04407,624.4228,1004.55725,796.8069,0,0.87510264,,person
757.57715,408.30948,825.7933,572.6138,0,0.8356627,,person
1146.2125,976.4942,1226.911,1080.0,0,0.82771856,,person
1558.5732,603.5394,1632.5211,794.8953,0,0.8161461,,person
938.2596,146.52675,1000.6777,289.5627,0,0.76440066,,person
1805.9546,26.992476,1868.562,217.69905,0,0.7319367,,person
1008.1866,162.94748,1052.2274,285.54007,0,0.7192661,,person
1275.3711,20.485136,1324.9102,145.6807,0,0.68641055,,person
1012.70856,603.92615,1082.7676,792.16974,0,0.6800854,,person
742.3555,109.08964,795.878,248.75232,0,0.66642433,,person
1383.2725,0.93797493,1428.357,149.669,0,0.65013796,,person
1426.4912,803.19635,1513.7235,995.5602,0,0.64792705,,person
1774.5712,0.0,1826.5731,104.49434,0,0.64525235,,person
1573.422,27.549797,1633.6058,149.38293,0,0.63629764,,person
0.0,350.16806,70.00205,500.83026,0,0.6351552,,person
23.175985,128.9485,73.73011,247.9178,0,0.61782956,,person
1053.4541,66.84796,1086.9862,172.2902,0,0.58144236,,person
337.03467,447.96167,402.00104,601.03876,0,0.5802247,,person
57.069992,673.50055,163.49222,881.26685,0,0.5639639,,person
1695.1025,0.6780739,1759.7164,100.48941,0,0.5431209,,person
1620.0201,22.77024,1670.632,141.27654,0,0.533131,,person
129.15634,244.99008,212.2459,392.06717,0,0.5329578,,person
1000.73474,55.22705,1040.5728,168.8005,0,0.4478536,,person
389.88327,473.44794,460.5977,633.2736,0,0.40618598,,person
1885.7385,322.42712,1919.4556,451.83124,0,0.37377965,,person
1218.7874,0.047035217,1248.884,69.24422,0,0.3538654,,person
437.0765,468.20654,510.29004,607.99585,0,0.34718302,,person
1851.7207,661.0933,1919.3877,834.2166,0,0.3466099,,person
1143.1652,966.5927,1227.4402,1080.0,0,0.8448899,,person
928.48193,630.71765,1004.3453,805.03296,0,0.8392547,,person
1557.951,595.1855,1633.9515,779.70337,0,0.8357466,,person
760.72144,402.75452,827.5141,563.1694,0,0.81233656,,person
1423.4404,793.78326,1509.2466,963.35175,0,0.7718844,,person
941.5904,149.871,1002.36584,292.94855,0,0.76278645,,person
1275.4872,14.535233,1326.4176,142.47562,0,0.73310435,,person
1010.44226,597.7193,1080.1428,788.44116,0,0.69841534,,person
1383.6368,1.3829098,1428.0645,148.23495,0,0.65829796,,person
21.649258,127.70448,73.322044,249.01021,0,0.6434113,,person
741.6458,104.7916,797.2822,245.70576,0,0.64123356,,person
1765.7751,0.2574234,1825.7253,108.22817,0,0.6253141,,person
1568.8901,23.113426,1628.2229,146.62254,0,0.6190797,,person
1009.4951,163.0063,1053.339,291.01978,0,0.6120074,,person
1803.5804,25.228111,1868.3536,218.13739,0,0.6026894,,person
1615.3268,22.470245,1663.9039,140.61458,0,0.58124655,,person
0.0,354.24292,72.67837,499.1839,0,0.55870897,,person
336.5824,446.59186,402.4123,601.97845,0,0.5516234,,person
1806.4937,71.839096,1860.832,217.40121,0,0.5392502,,person
1054.1652,64.67253,1086.2472,169.88654,0,0.53194577,,person
1852.9176,669.2959,1919.4164,830.7799,0,0.5272292,,person
62.62356,680.58923,166.10034,883.50055,0,0.523029,,person
1876.2474,313.58246,1919.4321,450.00485,0,0.513622,,person
1694.896,2.5565414,1758.0066,99.9338,0,0.51259935,,person
127.3144,250.06677,209.16542,395.61578,0,0.4818889,,person
1001.3901,57.424896,1041.5548,168.45918,0,0.46015352,,person
1218.9827,0.35559082,1248.834,69.613335,0,0.43167242,,person
392.546,471.40964,460.00827,633.3528,0,0.38196722,,person
1434.6871,944.0665,1505.1,1080.0,0,0.33780518,,person
1406.3676,943.1186,1508.265,1080.0,0,0.3363303,,person
445.08246,467.77936,510.6202,607.6212,0,0.3113729,,person
1048.4742,25.064455,1086.5973,169.96611,0,0.29775417,,person
1629.0895,20.190542,1666.4895,124.913086,0,0.2846817,,person
1142.4346,959.304,1226.9846,1080.0,0,0.84882754,,person
1556.8689,589.6192,1635.3596,762.29706,0,0.84223497,,person
761.10315,400.88452,826.138,554.6318,0,0.78213054,,person
928.104,635.55414,1007.2583,815.5382,0,0.77567494,,person
1423.0803,788.2606,1509.3073,957.4261,0,0.7680354,,person
942.622,153.162,1002.03845,297.55493,0,0.7346304,,person
1275.5696,10.529686,1327.4741,139.43454,0,0.72517383,,person
1566.2821,22.496796,1625.2831,149.07957,0,0.6859272,,person
1009.3135,164.92818,1053.8568,292.57675,0,0.6770147,,person
0.0,353.61612,73.203606,501.91443,0,0.667034,,person
1383.1667,1.0368576,1428.0236,148.18549,0,0.6639359,,person
1008.2034,593.7682,1076.9943,786.08,0,0.6578442,,person
745.4876,101.33489,798.0975,244.76259,0,0.6538984,,person
20.512419,128.08575,73.07337,250.2844,0,0.6522019,,person
64.740234,682.6571,166.12488,886.6866,0,0.6101922,,person
1613.6982,22.427284,1663.363,140.17119,0,0.5947191,,person
1763.0709,0.0070152283,1822.4656,106.82799,0,0.5917853,,person
1692.5427,1.6952477,1755.7683,100.50483,0,0.5821585,,person
337.6868,446.6142,400.39374,600.1723,0,0.57771784,,person
1802.0758,25.658346,1867.1174,216.13477,0,0.54959583,,person
1802.9872,74.73617,1859.9762,216.18636,0,0.5421704,,person
1400.5709,936.76556,1507.9246,1080.0,0,0.52992946,,person
1053.8339,55.15798,1085.7828,168.87022,0,0.52439946,,person
1001.36536,54.856155,1043.1292,170.44077,0,0.5229195,,person
125.72832,249.562,207.91626,395.00742,0,0.4785433,,person
392.6931,469.73666,459.6656,633.2837,0,0.4711555,,person
1218.9379,0.37187576,1248.6263,69.53222,0,0.44135877,,person
1872.3425,312.0309,1919.4512,451.05853,0,0.44051486,,person
444.3894,468.08047,510.5249,607.7049,0,0.42474192,,person
1854.668,669.9485,1919.3481,836.8341,0,0.38055992,,person
1049.0515,20.31688,1086.7823,168.62138,0,0.3648885,,person
922.91125,2.0099602,957.4034,106.924904,0,0.2979755,,person
1140.6033,956.4857,1224.7358,1080.0,0,0.8269202,,person
760.28546,396.24463,825.9077,548.4756,0,0.818181,,person
1556.5988,584.6008,1638.8435,756.4076,0,0.81508064,,person
1275.468,9.362183,1327.6282,133.77792,0,0.74646646,,person
944.5142,153.82832,1001.26373,300.29892,0,0.7371543,,person
928.42,640.33856,1007.8859,819.6652,0,0.7362136,,person
1423.0269,783.16724,1508.6807,945.6475,0,0.72587967,,person
1002.2501,589.32263,1072.7673,779.7417,0,0.6615781,,person
1561.1396,22.693943,1625.391,148.77869,0,0.6609392,,person
20.270267,128.06918,73.05734,251.27614,0,0.65496606,,person
1762.5795,0.0,1822.5985,106.14931,0,0.65004414,,person
746.0893,99.72011,799.10675,243.29645,0,0.6474372,,person
1606.9504,18.476881,1661.4456,140.09776,0,0.6472667,,person
1400.6372,931.42804,1505.6909,1080.0,0,0.6401694,,person
1382.7272,1.866394,1428.5973,148.35023,0,0.6367735,,person
0.0,352.48132,73.971115,500.35675,0,0.6230427,,person
1692.3088,1.0177116,1755.2437,100.405846,0,0.60901546,,person
337.5552,445.6691,400.68082,600.27985,0,0.587941,,person
1007.9566,165.57098,1053.6357,293.27234,0,0.5841344,,person
1054.3998,55.2827,1086.3623,169.29922,0,0.5793326,,person
124.39451,249.22545,206.74641,393.3392,0,0.5703505,,person
65.765625,685.71564,166.34377,891.8928,0,0.5424882,,person
1800.9891,25.65798,1867.9288,214.27629,0,0.53063977,,person
1002.8983,54.319565,1045.8611,170.96843,0,0.52674896,,person
392.83823,469.36194,460.14102,632.87274,0,0.5203664,,person
1862.4353,311.92993,1919.3042,454.31296,0,0.48601392,,person
449.22162,468.64554,510.06976,607.5881,0,0.46451136,,person
1218.9009,0.30949402,1248.5361,69.253426,0,0.44241893,,person
1850.7828,677.09625,1919.4628,849.2467,0,0.40798154,,person
1801.054,73.010445,1861.2946,214.02742,0,0.3656477,,person
1620.6855,19.259016,1660.1155,133.66852,0,0.34516335,,person
1139.5862,948.3635,1225.2206,1080.0,0,0.83665705,,person
760.01294,393.10275,823.4815,541.13995,0,0.82206625,,person
928.93964,642.5281,1009.9521,834.23126,0,0.802666,,person
1557.5955,578.4831,1640.1127,751.2916,0,0.76578414,,person
1275.2512,7.5814476,1327.2821,130.53574,0,0.7637329,,person
1420.9923,777.5563,1508.6138,940.44104,0,0.73414266,,person
1390.704,928.2814,1503.4912,1080.0,0,0.7239814,,person
945.3716,155.27388,1001.57214,301.64612,0,0.7041088,,person
998.41425,586.7379,1069.0896,775.5116,0,0.68434083,,person
745.5127,97.64298,799.2212,240.64665,0,0.6623378,,person
1557.5779,23.175442,1622.874,144.604,0,0.65330476,,person
20.265936,128.02135,73.3228,251.023,0,0.6466501,,person
1760.6909,0.0,1821.383,104.76465,0,0.63145643,,person
1383.725,1.3375683,1428.5273,148.51411,0,0.6281741,,person
1691.4259,1.2063446,1753.146,100.044365,0,0.5860048,,person
1002.7795,57.961052,1048.2316,173.52026,0,0.56566834,,person
337.52393,445.01266,399.2509,599.94604,0,0.5560546,,person
1611.498,16.641724,1655.4858,137.07826,0,0.55263036,,person
1857.9657,298.549,1919.2452,453.60565,0,0.5513164,,person
1054.9084,55.93238,1085.9957,169.36086,0,0.54809403,,person
0.0,358.81824,74.73045,505.51337,0,0.51747453,,person
1799.7916,25.81806,1868.2687,211.42625,0,0.4904054,,person
393.3902,470.1053,459.95435,633.2602,0,0.4890086,,person
1009.2966,166.33081,1054.0706,288.07346,0,0.48183718,,person
122.866264,250.42113,205.56166,397.93817,0,0.46143523,,person
1218.7435,0.07257843,1248.7922,69.53062,0,0.44018015,,person
450.98447,468.61166,509.59946,607.63684,0,0.43689835,,person
67.71552,689.5243,167.46284,891.63776,14,0.39413756,,bird
1856.4818,676.83984,1919.4811,853.9054,0,0.36572155,,person
1013.60895,167.68501,1054.3812,259.89517,0,0.25956172,,person
1138.7103,946.5293,1225.0303,1080.0,0,0.8537831,,person
1275.6787,7.6040726,1327.4119,128.45956,0,0.78086644,,person
760.6633,388.61746,826.17316,538.33966,0,0.7742828,,person
1420.1836,772.53314,1506.8302,937.86456,0,0.7545546,,person
1389.6497,922.411,1504.4506,1079.9106,0,0.74631107,,person
928.1301,647.0012,1006.7461,834.21045,0,0.7283057,,person
1556.2516,575.53094,1640.702,749.6904,0,0.72151035,,person
945.78094,159.22261,1003.0113,299.9428,0,0.69245684,,person
1552.3489,23.369757,1618.2928,146.98439,0,0.6762676,,person
993.9765,582.96735,1065.3499,761.56604,0,0.6700314,,person
745.5418,97.43201,799.47424,242.20876,0,0.6644165,,person
1796.673,23.066963,1869.535,208.13109,0,0.66238886,,person
1688.0999,1.6107903,1751.2317,99.97536,0,0.65703505,,person
20.086624,128.34943,72.99894,251.12897,0,0.6548977,,person
1855.3848,273.45108,1919.3523,452.59982,0,0.64088464,,person
1612.3685,14.964821,1652.6642,136.47894,0,0.63397837,,person
1383.5962,3.3468132,1429.1832,149.19171,0,0.6308768,,person
1760.1776,0.0,1821.7311,103.81112,0,0.62694067,,person
1055.8235,56.091408,1086.8258,169.9129,0,0.5756895,,person
119.766106,251.99712,202.13303,397.46622,0,0.54040843,,person
1006.2105,58.938404,1048.7103,173.19292,0,0.53186595,,person
338.0225,444.49274,399.3383,600.286,0,0.48889413,,person
0.0,359.54553,74.60726,515.94653,0,0.48435235,,person
1218.6682,0.0,1248.5475,69.5171,0,0.43702534,,person
392.48404,471.35898,460.11798,633.38916,0,0.4274798,,person
1012.12244,166.65625,1055.6411,262.11206,0,0.398328,,person
70.69813,691.86163,167.67366,891.7934,14,0.38161078,,bird
1858.4097,681.258,1919.264,855.82855,0,0.36312264,,person
68.41223,690.1591,167.72154,892.48425,0,0.33519942,,person
452.35052,468.07126,509.73413,606.7943,0,0.33047575,,person
760.9406,383.27353,827.52893,537.2029,0,0.8767307,,person
1139.6443,939.7489,1224.9496,1080.0,0,0.80331075,,person
1278.9807,5.0436115,1327.0771,124.085655,0,0.794449,,person
1419.771,765.54694,1506.972,943.4368,0,0.7452656,,person
1559.7927,572.318,1644.1465,747.17456,0,0.7312146,,person
947.85864,161.10187,1002.63116,304.35995,0,0.72752017,,person
1686.9624,0.5220337,1747.3802,100.34633,0,0.7267435,,person
1546.7523,21.391182,1612.2224,147.3717,0,0.7043687,,person
1852.313,266.4496,1919.2369,446.14362,0,0.6968513,,person
990.85315,577.316,1062.4552,744.8008,0,0.69010806,,person
1608.4636,11.063965,1650.8665,127.59943,0,0.661755,,person
19.472878,130.07182,71.72885,252.49857,0,0.65547806,,person
73.05583,694.3875,169.36365,890.8063,0,0.6403214,,person
1383.8596,7.954565,1430.0168,147.86082,0,0.63723844,,person
1759.7347,0.0,1815.0773,100.42551,0,0.6178463,,person
0.0,362.0473,74.379166,523.88965,0,0.6032058,,person
748.0971,97.53962,799.5674,229.7257,0,0.60030556,,person
1053.1838,53.078697,1087.4092,168.07425,0,0.57806987,,person
930.83057,654.5148,1006.6813,829.76025,0,0.540499,,person
118.41861,253.79036,199.84227,397.43604,0,0.540438,,person
391.92117,470.6912,459.47308,632.9326,0,0.51109135,,person
1798.9779,22.721237,1864.7384,202.7492,0,0.50671226,,person
336.80118,443.24524,398.04932,601.89294,0,0.49003732,,person
1382.6085,918.3717,1496.3093,1079.8499,0,0.47009572,,person
1218.8279,0.04284668,1248.2172,69.63773,0,0.4553249,,person
1010.0524,55.366493,1049.0249,172.39674,0,0.44056076,,person
1014.5759,171.37486,1056.3036,262.0741,0,0.3732973,,person
427.6386,465.06033,509.44464,605.27075,0,0.3149393,,person
451.56464,465.71548,509.74072,606.55853,0,0.30377293,,person
394.24622,463.8012,509.13345,625.5183,0,0.30116245,,person
1010.441,170.36874,1054.9542,292.83875,0,0.28574353,,person
1867.1746,698.4225,1919.1384,835.7646,0,0.2605865,,person
760.21094,382.98788,828.36664,537.3745,0,0.876498,,person
1139.3068,935.23773,1221.9818,1080.0,0,0.82765806,,person
1279.2474,3.0953007,1326.9966,123.63574,0,0.7777753,,person
947.861,164.88762,1005.8183,305.41864,0,0.75513786,,person
1851.927,264.93256,1919.2124,444.78168,0,0.75474864,,person
1417.0104,761.19525,1506.363,947.5611,0,0.7481726,,person
74.79664,697.2398,168.7391,891.51855,0,0.72547245,,person
1606.0536,11.137825,1649.2797,129.02472,0,0.7106184,,person
1561.1448,570.8123,1645.0657,749.2967,0,0.6914847,,person
1687.1235,0.37646484,1745.2903,100.54875,0,0.68849444,,person
1384.454,9.5429535,1430.4197,148.08348,0,0.65588045,,person
747.42975,96.525055,799.6432,231.796,0,0.65391326,,person
0.0,365.70184,74.97608,526.8603,0,0.6498059,,person
1546.1854,20.723648,1609.4205,144.23141,0,0.64800125,,person
1797.2267,21.747894,1865.5433,198.52245,0,0.6244011,,person
19.16379,130.4211,71.82891,252.2912,0,0.6094803,,person
336.17276,443.2055,399.0969,602.10187,0,0.5669502,,person
1052.8666,53.70678,1086.7958,167.39339,0,0.5607303,,person
1760.0306,0.0,1814.1852,93.775955,0,0.5552616,,person
116.899956,254.86647,199.51291,398.529,0,0.5487255,,person
393.36072,470.09595,459.18384,632.5602,0,0.54801846,,person
932.1857,657.9438,1011.529,822.3602,0,0.5070317,,person
986.92786,571.8232,1060.3583,738.2029,0,0.49412164,,person
1012.8827,169.1055,1056.754,296.41772,0,0.46170935,,person
1218.875,0.0,1248.4414,69.32854,0,0.46034583,,person
1009.4385,59.00386,1051.3165,175.12756,0,0.39688233,,person
1383.8798,923.69446,1493.7775,1080.0,0,0.3677527,,person
1562.6481,570.7933,1644.4281,690.293,0,0.36611927,,person
426.854,464.9717,509.34833,605.16364,0,0.34790438,,person
1010.95715,164.78555,1059.4109,264.8997,0,0.33422682,,person
453.87204,466.6734,509.55826,605.9022,0,0.33311176,,person
396.1204,464.0992,508.67606,625.1388,0,0.30817762,,person
1868.7645,710.02606,1919.1244,835.0662,0,0.2644938,,person
760.6652,382.04022,829.9567,537.87585,0,0.8852663,,person
1140.0385,930.3492,1221.7119,1080.0,0,0.82028353,,person
948.46014,166.07918,1006.6604,304.37933,0,0.7859442,,person
1277.7136,1.8578568,1326.6879,124.19405,0,0.7559138,,person
1416.6201,758.1061,1506.8746,940.91016,0,0.75200176,,person
1851.7097,262.4614,1919.2277,441.54477,0,0.7279233,,person
1603.0671,12.971031,1646.6667,125.40118,0,0.69186765,,person
1686.8053,0.0,1744.4747,101.31919,0,0.68423307,,person
747.353,96.00105,799.48737,231.8849,0,0.66688216,,person
0.0,368.54004,76.14808,528.09174,0,0.64826447,,person
18.061821,129.80984,71.926506,253.07649,0,0.64117205,,person
1384.9398,11.282021,1430.859,149.03389,0,0.64109504,,person
1547.2518,22.009243,1608.2845,144.43619,0,0.6375389,,person
1560.8812,568.7194,1644.3363,749.2277,0,0.6251198,,person
1793.8887,17.648758,1864.0723,195.39401,0,0.6243756,,person
985.2267,567.85846,1056.9939,733.57526,0,0.5972759,,person
933.9306,661.9852,1009.1531,854.1187,0,0.56706995,,person
1013.0624,171.47731,1057.7772,296.90875,0,0.5598477,,person
335.89206,443.313,400.62625,602.1777,0,0.5284524,,person
394.42126,470.85867,459.4129,632.96173,0,0.5015713,,person
1054.3975,49.77825,1088.9314,164.14394,0,0.49812108,,person
1758.3142,0.0,1814.0647,92.932915,0,0.48932213,,person
114.81084,256.2842,199.10985,398.75107,0,0.46813905,,person
1218.5625,0.0,1248.876,69.49873,0,0.463382,,person
76.91897,700.33386,168.78442,891.7139,0,0.45462817,,person
1009.6637,59.411274,1054.1697,174.27324,0,0.44304842,,person
1572.0267,568.7206,1645.1342,684.29346,0,0.37170047,,person
1382.8005,913.5178,1491.3202,1080.0,0,0.36712518,,person
420.69794,464.86084,509.09174,605.0221,0,0.35131225,,person
453.63263,466.5532,509.15405,605.6747,0,0.30992517,,person
398.04218,464.31335,508.46658,624.8564,0,0.30632752,,person
78.112175,701.75073,170.07788,891.76556,14,0.27543387,,bird
998.645,608.4275,1056.4972,733.4713,0,0.26600808,,person
